{
  "group": "B30F_c30_a1p41_b1p41",
  "target_alpha": "(1.4142135623730951+0j)",
  "target_beta": "(1+1j)",
  "design": "B30F",
  "depth": 4,
  "provenance": "output/experiments/B30F_c30_a1p41_b1p41/20260708-093705_p64_i1500#6700",
  "exp_O": 0.684557400927745,
  "vs_gaussian": -0.275002599072255,
  "before": {
    "pnr_detections": [
      10,
      10
    ],
    "total_photons": 20,
    "prob": 0.0007658209858136039,
    "architecture": {
      "squeezings_r": [
        1.7958946039237391,
        1.657289749327214,
        1.5613145368445787
      ],
      "squeezings_db": [
        15.598942331278117,
        14.39503586095265,
        13.561405757338637
      ],
      "max_squeezing_db": 15.598942331278117,
      "displacements_xp": [
        [
          -1.7390233377886327e-18,
          -1.5446031295586733e-21
        ],
        [
          -0.07413735015179175,
          8.571327663397661e-08
        ],
        [
          0.07413734841946258,
          -8.571327463115875e-08
        ]
      ],
      "U_passive_reim": [
        [
          [
            -0.00409656314191759,
            -0.49233259433743515
          ],
          [
            3.2772214542110533e-15,
            -1.2363478336975733e-15
          ],
          [
            0.8703969125660339,
            -0.0010243626859319866
          ]
        ],
        [
          [
            -0.0015173055016222666,
            0.6154621079275194
          ],
          [
            0.000384879332923922,
            -0.707106684702626
          ],
          [
            0.3481276908755535,
            0.0033452431667579164
          ]
        ],
        [
          [
            -0.0015173055370755091,
            0.6154621223087017
          ],
          [
            -0.00038487932392713617,
            0.7071066681800323
          ],
          [
            0.3481276990100737,
            0.0033452432449186807
          ]
        ]
      ]
    },
    "wigner_negvol": 1.9527798481900702
  },
  "after": {
    "pnr_detections": [
      4,
      4
    ],
    "total_photons": 8,
    "prob": 0.009902233255636536,
    "prob_gain": 13.061768636827942,
    "architecture": {
      "squeezings_r": [
        1.5978791157116448,
        1.495013553381663,
        1.3011257334421185
      ],
      "squeezings_db": [
        13.879001654040298,
        12.985522732084577,
        11.301434525924668
      ],
      "max_squeezing_db": 13.879001654040298,
      "displacements_xp": [
        [
          -0.015822894014007154,
          2.973868296605308e-05
        ],
        [
          0.015825798068165538,
          -2.974824316932323e-05
        ],
        [
          0.0,
          0.0
        ]
      ],
      "U_passive_reim": [
        [
          [
            0.00046955672759178943,
            -0.5249394856136879
          ],
          [
            -0.4735693418003278,
            -0.0004234676475171973
          ],
          [
            0.00035170017907185466,
            -0.707227043776648
          ]
        ],
        [
          [
            0.00046971798015517336,
            -0.5252634466766121
          ],
          [
            -0.4735695831966377,
            -0.00042362920697587857
          ],
          [
            -0.0003515930986378685,
            0.7069863066156064
          ]
        ],
        [
          [
            -0.6061295051913174,
            0.28485685852208575
          ],
          [
            -0.3158539005137999,
            -0.672086217029803
          ],
          [
            -0.000138770444681134,
            6.512302150648692e-05
          ]
        ]
      ]
    },
    "state_source": "architecture_rule",
    "wigner_negvol": 1.9705353976585882
  },
  "k_eff_before": 2,
  "k_eff_after": 2,
  "herald_cutoff": 48
}