{
  "group": "B30F_c30_a1p41_b1p41",
  "target_alpha": "(1.4142135623730951+0j)",
  "target_beta": "(1+1j)",
  "design": "B30F",
  "depth": 4,
  "provenance": "output/experiments/B30F_c30_a1p41_b1p41/20260708-093705_p64_i1500#6702",
  "exp_O": 0.6845606863915105,
  "vs_gaussian": -0.2749993136084895,
  "before": {
    "pnr_detections": [
      10,
      10
    ],
    "total_photons": 20,
    "prob": 0.0007658209322702325,
    "architecture": {
      "squeezings_r": [
        1.795894596098307,
        1.6572897564951896,
        1.5613147783746255
      ],
      "squeezings_db": [
        15.598942263307277,
        14.395035923212893,
        13.561407855241969
      ],
      "max_squeezing_db": 15.598942263307277,
      "displacements_xp": [
        [
          4.616252881155411e-19,
          2.5005129451310847e-21
        ],
        [
          -0.0741373453477707,
          9.072119920427486e-08
        ],
        [
          0.07413734361544165,
          -9.072119708443947e-08
        ]
      ],
      "U_passive_reim": [
        [
          [
            -0.004093032515953302,
            -0.4923327900358605
          ],
          [
            -2.4402453303874663e-16,
            -2.0046298758277312e-14
          ],
          [
            0.8703968887349306,
            -0.0009628192358038345
          ]
        ],
        [
          [
            -0.0014711297704887048,
            0.6154621535043413
          ],
          [
            -0.0003334331158011247,
            0.7071067108334028
          ],
          [
            0.3481278469045355,
            0.0033412433812231644
          ]
        ],
        [
          [
            -0.0014711298048665,
            0.6154621678855845
          ],
          [
            0.00033343310801248763,
            -0.7071066943107563
          ],
          [
            0.34812785503905896,
            0.003341243459297467
          ]
        ]
      ]
    },
    "wigner_negvol": 1.952759806767797
  },
  "after": {
    "pnr_detections": [
      4,
      4
    ],
    "total_photons": 8,
    "prob": 0.009902233288213507,
    "prob_gain": 13.06176855193805,
    "architecture": {
      "squeezings_r": [
        1.5978791150656684,
        1.4950135609045407,
        1.3011257391266942
      ],
      "squeezings_db": [
        13.879001648429417,
        12.985522797427462,
        11.301434575300265
      ],
      "max_squeezing_db": 13.879001648429417,
      "displacements_xp": [
        [
          -0.015822888347262157,
          2.5779174395063716e-05
        ],
        [
          0.015825792399536492,
          -2.5787461237016776e-05
        ],
        [
          0.0,
          0.0
        ]
      ],
      "U_passive_reim": [
        [
          [
            0.0004068666767785639,
            -0.5249395360027781
          ],
          [
            -0.47356939113278357,
            -0.00036693087253247776
          ],
          [
            0.00030467543174315974,
            -0.7072270656001767
          ]
        ],
        [
          [
            0.0004070063688305116,
            -0.5252634970896721
          ],
          [
            -0.47356963254910717,
            -0.00036707090230431416
          ],
          [
            -0.000304582674319533,
            0.706986328429761
          ]
        ],
        [
          [
            -0.5276739259101533,
            0.4124277377750016
          ],
          [
            -0.4573065548251479,
            -0.5850933946337716
          ],
          [
            -0.00012082226760376115,
            9.434100037807912e-05
          ]
        ]
      ]
    },
    "state_source": "architecture_rule",
    "wigner_negvol": 1.970517099562024
  },
  "k_eff_before": 2,
  "k_eff_after": 2,
  "herald_cutoff": 48
}