{
  "group": "B30F_c30_a1p41_b1p41",
  "target_alpha": "(1.4142135623730951+0j)",
  "target_beta": "(1+1j)",
  "design": "B30F",
  "depth": 5,
  "provenance": "output/experiments/B30F_c30_a1p41_b1p41/20260710-061227_p64_i800#6704",
  "exp_O": 0.6697655433456389,
  "vs_gaussian": -0.2897944566543611,
  "before": {
    "pnr_detections": [
      10,
      10
    ],
    "total_photons": 20,
    "prob": 0.0004933636702412431,
    "architecture": {
      "squeezings_r": [
        1.7649731482758113,
        1.6264865042161225,
        1.367415359305834
      ],
      "squeezings_db": [
        15.330361980071896,
        14.127482273423443,
        11.877218900325524
      ],
      "max_squeezing_db": 15.330361980071896,
      "displacements_xp": [
        [
          8.439992100214711e-18,
          1.6054016595888578e-20
        ],
        [
          -0.13600867714160053,
          -0.018246663278069064
        ],
        [
          0.13600867396355604,
          -0.020008843269053236
        ]
      ],
      "U_passive_reim": [
        [
          [
            -0.0042341405688386255,
            -0.49230932437026664
          ],
          [
            -5.965024633485183e-15,
            4.918068701410693e-16
          ],
          [
            0.8704069349386488,
            -0.0023170676384175744
          ]
        ],
        [
          [
            -0.0008530589711301423,
            0.6154722284838482
          ],
          [
            -0.00042493589868464844,
            -0.7071066617652
          ],
          [
            0.348118794625899,
            0.002549784399571284
          ]
        ],
        [
          [
            -0.0008530589910640212,
            0.6154722428652736
          ],
          [
            0.00042493588874936835,
            0.7071066452426006
          ],
          [
            0.3481188027602122,
            0.0025497844591609903
          ]
        ]
      ]
    },
    "wigner_negvol": 1.8995689433777982
  },
  "after": {
    "pnr_detections": [
      4,
      4
    ],
    "total_photons": 8,
    "prob": 0.008725756903387264,
    "prob_gain": 14.038123041821137,
    "architecture": {
      "squeezings_r": [
        1.5987687884820303,
        1.424318843543814,
        1.333028896482855
      ],
      "squeezings_db": [
        13.88672925353786,
        12.37147628443799,
        11.5785418792017
      ],
      "max_squeezing_db": 13.88672925353786,
      "displacements_xp": [
        [
          0.030766752004668548,
          0.019101171655276788
        ],
        [
          -0.030760281542372866,
          0.020905301059239247
        ],
        [
          0.0,
          0.0
        ]
      ],
      "U_passive_reim": [
        [
          [
            0.0008569366462794831,
            -0.5417852646643304
          ],
          [
            -0.4545539211828765,
            -0.0007200159904990866
          ],
          [
            0.0007070878933373582,
            0.7069990855673984
          ]
        ],
        [
          [
            0.0008572163181667021,
            -0.5415051121371969
          ],
          [
            -0.45455383137055316,
            -0.0007185174875069361
          ],
          [
            -0.0007077120403067509,
            -0.7072137413626134
          ]
        ],
        [
          [
            -0.5750646684584879,
            0.28729792629321005
          ],
          [
            -0.3423434571698773,
            -0.6852455543571152
          ],
          [
            -0.00011423893342597756,
            5.616583683990329e-05
          ]
        ]
      ]
    },
    "state_source": "architecture_rule",
    "wigner_negvol": 2.00814743175802
  },
  "k_eff_before": 2,
  "k_eff_after": 2,
  "herald_cutoff": 48
}