{
  "group": "B30F_c30_a1p41_b1p41",
  "target_alpha": "(1.4142135623730951+0j)",
  "target_beta": "(1+1j)",
  "design": "B30F",
  "depth": 5,
  "provenance": "output/experiments/B30F_c30_a1p41_b1p41/20260710-074553_p64_i800#6700",
  "exp_O": 0.667334472929568,
  "vs_gaussian": -0.2922255270704319,
  "before": {
    "pnr_detections": [
      10,
      10
    ],
    "total_photons": 20,
    "prob": 0.00039329028624074554,
    "architecture": {
      "squeezings_r": [
        1.617050203836874,
        1.4786806017705987,
        1.3674141011412586
      ],
      "squeezings_db": [
        14.045519609737656,
        12.843656516927014,
        11.877207972046875
      ],
      "max_squeezing_db": 14.045519609737656,
      "displacements_xp": [
        [
          7.667920388638058e-18,
          -9.156298913113392e-21
        ],
        [
          -0.1358838166356752,
          0.0006244506864091373
        ],
        [
          0.13588381346054823,
          -0.0006244506718179209
        ]
      ],
      "U_passive_reim": [
        [
          [
            -0.0055868493214891995,
            -0.4922847798709858
          ],
          [
            3.290028758707765e-15,
            3.2414169796167534e-16
          ],
          [
            0.8704108138605207,
            -0.003081839823871056
          ]
        ],
        [
          [
            -0.0014738793425328578,
            0.6154754748478524
          ],
          [
            -0.00033199754251545406,
            -0.70710671150886
          ],
          [
            0.34810220060993574,
            0.003551589471202439
          ]
        ],
        [
          [
            -0.0014738793769714846,
            0.6154754892293508
          ],
          [
            0.00033199753476125275,
            0.7071066949862627
          ],
          [
            0.34810220874385994,
            0.0035515895541848187
          ]
        ]
      ]
    },
    "wigner_negvol": 1.9503868667542852
  },
  "after": {
    "pnr_detections": [
      4,
      4
    ],
    "total_photons": 8,
    "prob": 0.009152040446046509,
    "prob_gain": 17.844465694670358,
    "architecture": {
      "squeezings_r": [
        1.5989022280589997,
        1.450658505497197,
        1.3220942569306373
      ],
      "squeezings_db": [
        13.887888294976765,
        12.600259681269014,
        11.483564806819118
      ],
      "max_squeezing_db": 13.887888294976765,
      "displacements_xp": [
        [
          0.02928888971136225,
          -0.0008440206689735002
        ],
        [
          -0.02929581120323462,
          0.000844392911461235
        ],
        [
          0.0,
          0.0
        ]
      ],
      "U_passive_reim": [
        [
          [
            0.0010803221920672075,
            -0.5354142741675022
          ],
          [
            -0.46156436898420894,
            -0.0009294289866703361
          ],
          [
            0.0005781605390254802,
            0.7073100614992153
          ]
        ],
        [
          [
            0.0010798846607715093,
            -0.5359514885331441
          ],
          [
            -0.46156460671103094,
            -0.0009318855358764242
          ],
          [
            -0.0005773767261840929,
            -0.7069029267483365
          ]
        ],
        [
          [
            -0.4131733707638895,
            0.5053444265067946
          ],
          [
            -0.5864931218775897,
            -0.47952114954116853
          ],
          [
            0.00015788978296983142,
            -0.00019103385878036386
          ]
        ]
      ]
    },
    "state_source": "architecture_rule",
    "wigner_negvol": 1.9818959598841301
  },
  "k_eff_before": 2,
  "k_eff_after": 2,
  "herald_cutoff": 48
}