{
  "group": "B30F_c30_a1p41_b1p41",
  "target_alpha": "(1.4142135623730951+0j)",
  "target_beta": "(1+1j)",
  "design": "B30F",
  "depth": 5,
  "provenance": "output/experiments/B30F_c30_a1p41_b1p41/20260708-223318_p64_i800#6701",
  "exp_O": 0.6709488519392276,
  "vs_gaussian": -0.2886111480607723,
  "before": {
    "pnr_detections": [
      10,
      10
    ],
    "total_photons": 20,
    "prob": 0.0004933801314884443,
    "architecture": {
      "squeezings_r": [
        1.7649721053737735,
        1.6264864853792074,
        1.3674180257002198
      ],
      "squeezings_db": [
        15.330352921539891,
        14.127482109808076,
        11.877242060332888
      ],
      "max_squeezing_db": 15.330352921539891,
      "displacements_xp": [
        [
          1.0666529628488666e-17,
          2.461236562061877e-20
        ],
        [
          -0.1360088165515118,
          0.03726935877303012
        ],
        [
          0.13600881337346404,
          0.035542774434075226
        ]
      ],
      "U_passive_reim": [
        [
          [
            -0.004167623094633686,
            -0.49230804097665454
          ],
          [
            -2.5956663977131546e-15,
            -2.5007076003413444e-14
          ],
          [
            0.8704079277754849,
            -0.0023373003779880498
          ]
        ],
        [
          [
            -0.0009309853251832237,
            0.6154728558341237
          ],
          [
            0.0003188577346011817,
            0.7071067175561473
          ],
          [
            0.3481175665471105,
            0.002538735068151163
          ]
        ],
        [
          [
            -0.0009309853469444153,
            0.6154728702156294
          ],
          [
            -0.00031885772714411697,
            -0.7071067010334905
          ],
          [
            0.3481175746813928,
            0.0025387351274727523
          ]
        ]
      ]
    },
    "wigner_negvol": 1.8983814051102363
  },
  "after": {
    "pnr_detections": [
      4,
      4
    ],
    "total_photons": 8,
    "prob": 0.00872544030766499,
    "prob_gain": 14.03739133771937,
    "architecture": {
      "squeezings_r": [
        1.59866967339487,
        1.424247841168933,
        1.3329185379304185
      ],
      "squeezings_db": [
        13.885868350829316,
        12.370859565645732,
        11.57758331699462
      ],
      "max_squeezing_db": 13.885868350829316,
      "displacements_xp": [
        [
          0.03076360612084998,
          -0.03896268948537357
        ],
        [
          -0.030763639646207236,
          -0.03716539426342738
        ],
        [
          0.0,
          0.0
        ]
      ],
      "U_passive_reim": [
        [
          [
            0.0009422829737682041,
            -0.5415136804643015
          ],
          [
            -0.45456117669249624,
            -0.0007900347651100237
          ],
          [
            0.0006025074946935165,
            0.707202372342266
          ]
        ],
        [
          [
            0.0009420704169746002,
            -0.5417638992071699
          ],
          [
            -0.45456125564265065,
            -0.0007913768228724403
          ],
          [
            -0.000601977777893794,
            -0.707010654964427
          ]
        ],
        [
          [
            -0.003690725381444106,
            0.6428370046428064
          ],
          [
            -0.7659814690971047,
            -0.0043977357976726856
          ],
          [
            1.3794470787195212e-06,
            -0.00011369175982183172
          ]
        ]
      ]
    },
    "state_source": "architecture_rule",
    "wigner_negvol": 2.0092276078299585
  },
  "k_eff_before": 2,
  "k_eff_after": 2,
  "herald_cutoff": 48
}