{
  "group": "B30F_c30_a1p41_b1p41",
  "target_alpha": "(1.4142135623730951+0j)",
  "target_beta": "(1+1j)",
  "design": "B30F",
  "depth": 5,
  "provenance": "output/experiments/B30F_c30_a1p41_b1p41/20260710-061227_p64_i800#6703",
  "exp_O": 0.6693166297532672,
  "vs_gaussian": -0.2902433702467327,
  "before": {
    "pnr_detections": [
      10,
      10
    ],
    "total_photons": 20,
    "prob": 0.0004933573384903315,
    "architecture": {
      "squeezings_r": [
        1.7649731482758113,
        1.6264865042161225,
        1.367415359305834
      ],
      "squeezings_db": [
        15.330361980071896,
        14.127482273423443,
        11.877218900325524
      ],
      "max_squeezing_db": 15.330361980071896,
      "displacements_xp": [
        [
          8.439992100214711e-18,
          1.6054016595888578e-20
        ],
        [
          -0.13600867714160053,
          0.0008810900057860723
        ],
        [
          0.13600867396355604,
          -0.0008810899851980973
        ]
      ],
      "U_passive_reim": [
        [
          [
            -0.0042341405688386255,
            -0.49230932437026664
          ],
          [
            -5.965024633485183e-15,
            4.918068701410693e-16
          ],
          [
            0.8704069349386488,
            -0.0023170676384175744
          ]
        ],
        [
          [
            -0.0008530589711301423,
            0.6154722284838482
          ],
          [
            -0.00042493589868464844,
            -0.7071066617652
          ],
          [
            0.348118794625899,
            0.002549784399571284
          ]
        ],
        [
          [
            -0.0008530589910640212,
            0.6154722428652736
          ],
          [
            0.00042493588874936835,
            0.7071066452426006
          ],
          [
            0.3481188027602122,
            0.0025497844591609903
          ]
        ]
      ]
    },
    "wigner_negvol": 1.9002573634799096
  },
  "after": {
    "pnr_detections": [
      4,
      4
    ],
    "total_photons": 8,
    "prob": 0.008725877531270618,
    "prob_gain": 14.038401906987133,
    "architecture": {
      "squeezings_r": [
        1.598869706942168,
        1.4243911278209251,
        1.333141244543308
      ],
      "squeezings_db": [
        13.887605820145058,
        12.372104137691545,
        11.579517722055845
      ],
      "max_squeezing_db": 13.887605820145058,
      "displacements_xp": [
        [
          0.03076534140507067,
          -0.0009045104519918799
        ],
        [
          -0.030761754624269673,
          0.0009042928724220052
        ],
        [
          0.0,
          0.0
        ]
      ],
      "U_passive_reim": [
        [
          [
            0.0008569333865198905,
            -0.5418049848697285
          ],
          [
            -0.4545463187119276,
            -0.0007200754563157109
          ],
          [
            -0.0007070580863586677,
            -0.706988861115288
          ]
        ],
        [
          [
            0.000857239725956903,
            -0.5414981384150417
          ],
          [
            -0.45454623989292564,
            -0.0007184339106085807
          ],
          [
            0.0007077418417599968,
            0.7072239602746272
          ]
        ],
        [
          [
            -0.4764004518140418,
            -0.43158807302792423
          ],
          [
            0.5142938693724395,
            -0.5676937036947063
          ],
          [
            0.00010273840805513241,
            9.427379882514034e-05
          ]
        ]
      ]
    },
    "state_source": "architecture_rule",
    "wigner_negvol": 2.0088122967417914
  },
  "k_eff_before": 2,
  "k_eff_after": 2,
  "herald_cutoff": 48
}