{
  "group": "B30F_c30_a1p41_b1p41",
  "target_alpha": "(1.4142135623730951+0j)",
  "target_beta": "(1+1j)",
  "design": "B30F",
  "depth": 5,
  "provenance": "output/experiments/B30F_c30_a1p41_b1p41/20260708-223318_p64_i800#6704",
  "exp_O": 0.6709484528752118,
  "vs_gaussian": -0.2886115471247882,
  "before": {
    "pnr_detections": [
      10,
      10
    ],
    "total_photons": 20,
    "prob": 0.0004933801314868959,
    "architecture": {
      "squeezings_r": [
        1.764972105373774,
        1.6264864853792067,
        1.3674180257002198
      ],
      "squeezings_db": [
        15.330352921539895,
        14.127482109808069,
        11.877242060332888
      ],
      "max_squeezing_db": 15.330352921539895,
      "displacements_xp": [
        [
          1.0666529628488666e-17,
          2.461236562061877e-20
        ],
        [
          -0.13600870246487493,
          0.03728714942227333
        ],
        [
          0.13600869928682985,
          0.035524983785247724
        ]
      ],
      "U_passive_reim": [
        [
          [
            -0.004167623094637739,
            -0.49230804097665437
          ],
          [
            -5.058396048042506e-16,
            2.333225718002814e-16
          ],
          [
            0.8704079277754839,
            -0.0023373003779902767
          ]
        ],
        [
          [
            -0.0008504782845183596,
            0.615472972346485
          ],
          [
            -0.00041135094761058863,
            -0.7071066697985807
          ],
          [
            0.3481178956486418,
            0.002493199468302164
          ]
        ],
        [
          [
            -0.0008504783043912115,
            0.6154729867279254
          ],
          [
            0.0004113509379981438,
            0.7071066532759839
          ],
          [
            0.348117903782933,
            0.002493199526560108
          ]
        ]
      ]
    },
    "wigner_negvol": 1.898381193486131
  },
  "after": {
    "pnr_detections": [
      4,
      4
    ],
    "total_photons": 8,
    "prob": 0.008725440307705794,
    "prob_gain": 14.037391337983749,
    "architecture": {
      "squeezings_r": [
        1.59866967338294,
        1.4242478411688442,
        1.3329185379374289
      ],
      "squeezings_db": [
        13.885868350725694,
        12.370859565644961,
        11.577583317055511
      ],
      "max_squeezing_db": 13.885868350725694,
      "displacements_xp": [
        [
          0.030759614373039087,
          -0.03896671280695725
        ],
        [
          -0.030767395771791047,
          -0.0371613700347392
        ],
        [
          0.0,
          0.0
        ]
      ],
      "U_passive_reim": [
        [
          [
            0.0008714500844667006,
            -0.5415138750038171
          ],
          [
            -0.45456126024916266,
            -0.0007305759792283372
          ],
          [
            0.0006950132055266186,
            0.7072022395674183
          ]
        ],
        [
          [
            0.000871204980287881,
            -0.5417639418994283
          ],
          [
            -0.4545613711663535,
            -0.0007319176794637463
          ],
          [
            -0.0006944584348950639,
            -0.7070106181146328
          ]
        ],
        [
          [
            -0.43441968617733884,
            0.47384868077705783
          ],
          [
            -0.5646210562893229,
            -0.5176388836573577
          ],
          [
            7.731126431712655e-05,
            -8.325314617932274e-05
          ]
        ]
      ]
    },
    "state_source": "architecture_rule",
    "wigner_negvol": 2.009227659842723
  },
  "k_eff_before": 2,
  "k_eff_after": 2,
  "herald_cutoff": 48
}