{
  "group": "B30B_c30_a1p00_b1p00",
  "target_alpha": "(1+0j)",
  "target_beta": "(1+0j)",
  "design": "B30B",
  "depth": 3,
  "provenance": "output_oldold/experiments/B30B_c30_a1p00_b1p00/20260223-221515_p64_i2500#402",
  "exp_O": 0.7298612815487362,
  "vs_gaussian": 0.0631946148820692,
  "before": {
    "pnr_detections": [
      10
    ],
    "total_photons": 10,
    "prob": 0.18955373372265347,
    "architecture": {
      "squeezings_r": [
        1.6829141163416304,
        0.7045792174275826
      ],
      "squeezings_db": [
        14.617606284885143,
        6.1198973238502115
      ],
      "max_squeezing_db": 14.617606284885143,
      "displacements_xp": [
        [
          -0.2637865208297989,
          -0.02170944870532726
        ],
        [
          -4.103124997870714,
          -4.471729904117771
        ]
      ],
      "U_passive_reim": [
        [
          [
            -0.999902533469966,
            0.0048148138829586145
          ],
          [
            -0.013103244570541404,
            -0.00021473085565497501
          ]
        ],
        [
          [
            0.011136940001081485,
            -0.006907220499455928
          ],
          [
            -0.8607322902874367,
            0.5088891660557613
          ]
        ]
      ]
    },
    "wigner_negvol": 1.0366081029752707
  },
  "after": {
    "pnr_detections": [
      4
    ],
    "total_photons": 4,
    "prob": 0.0032072520075478433,
    "prob_gain": 0.01618142044314269,
    "architecture": {
      "squeezings_r": [
        1.277732642530291
      ],
      "squeezings_db": [
        11.098244719971312
      ],
      "max_squeezing_db": 11.098244719971312,
      "displacements_xp": [
        [
          -1.1430307093319116,
          -1.9331951476747329
        ]
      ],
      "U_passive_reim": [
        [
          [
            0.8607923027914058,
            -0.5089563944534626
          ]
        ]
      ]
    },
    "state_source": "core_exact",
    "wigner_negvol": 0.6274647556837801
  },
  "k_eff_before": 1,
  "k_eff_after": 1,
  "herald_cutoff": 30
}