{
  "group": "B30B_c30_a1p00_b1p00",
  "target_alpha": "(1+0j)",
  "target_beta": "(1+0j)",
  "design": "B30B",
  "depth": 3,
  "provenance": "output_oldold/experiments/B30B_c30_a1p00_b1p00/20260224-171609_p64_i2500#40",
  "exp_O": 0.5571741571838484,
  "vs_gaussian": -0.1094925094828185,
  "before": {
    "pnr_detections": [
      2,
      4,
      4
    ],
    "total_photons": 10,
    "prob": 2.1583127843510232e-07,
    "architecture": {
      "squeezings_r": [
        1.0233004052813544,
        0.5389109482374427,
        0.11504005244107274,
        0.11504005244107264
      ],
      "squeezings_db": [
        8.888274386861067,
        4.680921021135407,
        0.999225199460372,
        0.9992251994603714
      ],
      "max_squeezing_db": 8.888274386861067,
      "displacements_xp": [
        [
          1.314376548489347,
          -2.2708485868915163
        ],
        [
          1.1414492705137347,
          -0.5926298070941501
        ],
        [
          -0.12051754183200519,
          -0.16636882059723138
        ],
        [
          0.27417886602022834,
          -0.2996874455657854
        ]
      ],
      "U_passive_reim": [
        [
          [
            -0.9362134705731666,
            0.023489652825429808
          ],
          [
            -0.043279561602287485,
            -0.34796472992963157
          ],
          [
            -8.582292009072719e-18,
            4.954441892201141e-17
          ],
          [
            -3.4969715194702135e-15,
            -2.8560450596637497e-15
          ]
        ],
        [
          [
            -0.0235108762359936,
            -0.2468269141774446
          ],
          [
            -0.6498366239930338,
            0.12742085878534998
          ],
          [
            0.32802447426145687,
            0.5691999723642281
          ],
          [
            -0.1305976218236951,
            -0.2266177330220407
          ]
        ],
        [
          [
            -0.016624700018108007,
            -0.17453298479422136
          ],
          [
            -0.459503883488849,
            0.09010015331173722
          ],
          [
            -0.36254595196912176,
            -0.6291028933319898
          ],
          [
            -0.23567801026308793,
            -0.4089570366072098
          ]
        ],
        [
          [
            -0.016624700018110193,
            -0.17453298479422005
          ],
          [
            -0.45950388348884097,
            0.09010015331172277
          ],
          [
            -0.1013507083217334,
            -0.17586742728789323
          ],
          [
            0.42037093825982824,
            0.7294429081212457
          ]
        ]
      ]
    },
    "wigner_negvol": 2.9345282006265294
  },
  "after": {
    "pnr_detections": [
      2,
      2,
      2
    ],
    "total_photons": 6,
    "prob": 0.0037800952599735373,
    "prob_gain": 292.3515498562951,
    "architecture": {
      "squeezings_r": [
        1.6428220299364347,
        1.047207739444502,
        0.3992039550530907,
        0.17453181876052126
      ],
      "squeezings_db": [
        14.269370847009847,
        9.095930852942512,
        3.4674414966702214,
        1.5159641160846566
      ],
      "max_squeezing_db": 14.269370847009847,
      "displacements_xp": [
        [
          1.2636919126285404,
          -0.6313417107486987
        ],
        [
          0.26203560212101773,
          0.43795782526930493
        ],
        [
          -0.4842845624159897,
          0.26768190046311907
        ],
        [
          0.0,
          0.0
        ]
      ],
      "U_passive_reim": [
        [
          [
            -0.45745372447259625,
            0.1524197663718031
          ],
          [
            0.009680800017147677,
            0.15699848403409286
          ],
          [
            -0.009757346651120631,
            0.015501508442966267
          ],
          [
            -0.42676564844609505,
            -0.7485303211200245
          ]
        ],
        [
          [
            0.5052807766983337,
            -0.11862490603097595
          ],
          [
            -0.08893363802924825,
            -0.327693697404481
          ],
          [
            0.3231820210420139,
            0.6268743108033819
          ],
          [
            -0.14627938195605922,
            -0.3106629028723436
          ]
        ],
        [
          [
            0.5102857931770926,
            -0.1013845610485973
          ],
          [
            -0.08759224428338461,
            -0.3074038542432028
          ],
          [
            -0.3218633765687513,
            -0.6312215295405592
          ],
          [
            -0.16556202781064697,
            -0.31259016557770686
          ]
        ],
        [
          [
            0.4179391917933842,
            -0.2297393853462799
          ],
          [
            0.4195113798118106,
            0.7627621373511543
          ],
          [
            0.013548563036332378,
            0.005124554634017551
          ],
          [
            -0.04139906266068242,
            -0.11325662808844993
          ]
        ]
      ]
    },
    "state_source": "architecture_rule",
    "wigner_negvol": 2.587793087860766
  },
  "k_eff_before": 3,
  "k_eff_after": 3,
  "herald_cutoff": 30
}