{
  "group": "B30B_c30_a1p00_b1p00",
  "target_alpha": "(1+0j)",
  "target_beta": "(1+0j)",
  "design": "B30B",
  "depth": 3,
  "provenance": "output_oldold/experiments/B30B_c30_a1p00_b1p00/20260224-173243_p64_i2500#41",
  "exp_O": 0.5826713189896505,
  "vs_gaussian": -0.0839953476770164,
  "before": {
    "pnr_detections": [
      2,
      4,
      4
    ],
    "total_photons": 10,
    "prob": 5.196188513545724e-07,
    "architecture": {
      "squeezings_r": [
        0.9979626780867606,
        0.6012020098653172,
        0.11096818324935671,
        0.11096818324935653
      ],
      "squeezings_db": [
        8.668193684769427,
        5.221974307873033,
        0.9638573930404896,
        0.963857393040488
      ],
      "max_squeezing_db": 8.668193684769427,
      "displacements_xp": [
        [
          2.7550747820654573,
          -2.1668106342493645
        ],
        [
          1.4540127520688242,
          -0.789243887250578
        ],
        [
          -0.11460583882126052,
          -0.3966262727414224
        ],
        [
          0.3573535103726475,
          -0.5147554055350487
        ]
      ],
      "U_passive_reim": [
        [
          [
            -0.9329584840162682,
            0.03652315133204542
          ],
          [
            -0.06658451305895985,
            -0.3518821239272392
          ],
          [
            4.1203233939983806e-17,
            -5.085268882044793e-16
          ],
          [
            1.076560481870625e-15,
            1.5053894721792382e-16
          ]
        ],
        [
          [
            0.016554304953673743,
            -0.25269194337557105
          ],
          [
            -0.6579629017947434,
            0.05438342212860667
          ],
          [
            0.2933260629504455,
            0.41082011367307525
          ],
          [
            -0.2877318797799785,
            -0.40298513664143254
          ]
        ],
        [
          [
            0.011705661290573505,
            -0.17868018671207253
          ],
          [
            -0.4652500296282421,
            0.03845488657126821
          ],
          [
            0.08031903156896897,
            0.11249144841537162
          ],
          [
            0.49678322630642235,
            0.6957736365096178
          ]
        ],
        [
          [
            0.011705661290572893,
            -0.17868018671207372
          ],
          [
            -0.465250029628242,
            0.038454886571270094
          ],
          [
            -0.495144727990994,
            -0.6934788248674884
          ],
          [
            -0.08986889959447225,
            -0.12586659083652885
          ]
        ]
      ]
    },
    "wigner_negvol": 2.830465784425419
  },
  "after": {
    "pnr_detections": [
      2,
      2,
      2
    ],
    "total_photons": 6,
    "prob": 0.0025422901432910336,
    "prob_gain": 69.02193810906803,
    "architecture": {
      "squeezings_r": [
        1.6313364462838138,
        0.994518357077705,
        0.34188424873139667,
        0.15312380145708834
      ],
      "squeezings_db": [
        14.169608334974418,
        8.638276692606702,
        2.969568853473688,
        1.3300164404172516
      ],
      "max_squeezing_db": 14.169608334974418,
      "displacements_xp": [
        [
          1.3477401472875352,
          -0.746053339375576
        ],
        [
          0.49627219753746954,
          0.5040756017926288
        ],
        [
          -0.41370059323606734,
          0.39225671258156924
        ],
        [
          0.0,
          0.0
        ]
      ],
      "U_passive_reim": [
        [
          [
            -0.45825043554266326,
            0.11468734004107142
          ],
          [
            -0.015500822680101783,
            0.1732657317790391
          ],
          [
            0.010870213966150169,
            -0.01333618845327612
          ],
          [
            -0.4891558271435379,
            -0.7120552115840223
          ]
        ],
        [
          [
            0.5233075931421904,
            -0.055593562763977894
          ],
          [
            -0.05447313186648001,
            -0.31431552347147224
          ],
          [
            -0.3556531629223161,
            -0.6135767743033883
          ],
          [
            -0.1634798864024898,
            -0.3026642443848906
          ]
        ],
        [
          [
            0.5334147206424161,
            -0.04323479694389215
          ],
          [
            -0.054317519515863055,
            -0.29896088848252744
          ],
          [
            0.35381454424085457,
            0.6094210384708779
          ],
          [
            -0.18442941223447976,
            -0.30112877714049807
          ]
        ],
        [
          [
            0.44618774667164746,
            -0.12011600207078806
          ],
          [
            0.22916199130127582,
            0.850372810166836
          ],
          [
            -0.010539646729864257,
            -0.0069667972693451645
          ],
          [
            -0.0018404627261772721,
            -0.1033271431811215
          ]
        ]
      ]
    },
    "state_source": "architecture_rule",
    "wigner_negvol": 2.6275849433360516
  },
  "k_eff_before": 3,
  "k_eff_after": 3,
  "herald_cutoff": 30
}