{
  "group": "B30B_c30_a1p00_b1p00",
  "target_alpha": "(1+0j)",
  "target_beta": "(1+0j)",
  "design": "B30B",
  "depth": 3,
  "provenance": "output_oldold/experiments/B30B_c30_a1p00_b1p00/20260223-001701_p64_i2500#550",
  "exp_O": 0.7221918948373173,
  "vs_gaussian": 0.0555252281706503,
  "before": {
    "pnr_detections": [
      2
    ],
    "total_photons": 2,
    "prob": 0.037533465064685564,
    "architecture": {
      "squeezings_r": [
        1.7679851535415356,
        1.6188428817353355
      ],
      "squeezings_db": [
        15.356523925399246,
        14.061090612120294
      ],
      "max_squeezing_db": 15.356523925399246,
      "displacements_xp": [
        [
          0.38474702909294267,
          -0.013081395051686706
        ],
        [
          -3.7789342118592657,
          0.010333832014158339
        ]
      ],
      "U_passive_reim": [
        [
          [
            -0.9778115755813797,
            -0.005299735133060148
          ],
          [
            -0.20932156815167252,
            -0.00639660637398824
          ]
        ],
        [
          [
            0.04933183301784593,
            -0.20352593377178838
          ],
          [
            -0.2541468287440287,
            0.9442208184385542
          ]
        ]
      ]
    },
    "wigner_negvol": 1.1505618887155946
  },
  "after": {
    "pnr_detections": [
      2
    ],
    "total_photons": 2,
    "prob": 0.3243518242049578,
    "prob_gain": 8.164428531171051,
    "architecture": {
      "squeezings_r": [
        0.22133251207461585,
        0.0010860870176997298
      ],
      "squeezings_db": [
        1.9224697731958105,
        0.009433631973075042
      ],
      "max_squeezing_db": 1.9224697731958105,
      "displacements_xp": [
        [
          -2.7096310367724126,
          -0.6780439575566772
        ],
        [
          0.0,
          0.0
        ]
      ],
      "U_passive_reim": [
        [
          [
            0.25788505076323565,
            -0.9637257838567899
          ],
          [
            -0.06642282711597246,
            -0.017774199289457913
          ]
        ],
        [
          [
            0.018168076977473975,
            0.06631617526215088
          ],
          [
            -0.9621783769503602,
            0.26359980426152063
          ]
        ]
      ]
    },
    "state_source": "core_exact",
    "wigner_negvol": 0.6275688832723773
  },
  "k_eff_before": 1,
  "k_eff_after": 1,
  "herald_cutoff": 30
}