{
 "homodyne_x": [
  0.24539342522621155,
  -0.44899511337280273,
  0.02516990527510643,
  -0.3002982437610626,
  -0.3410223126411438,
  0.20317760109901428,
  -0.3829669952392578
 ],
 "homodyne_window": 0.1,
 "mix_params": [
  [
   0.7853981633974483,
   0.0,
   0.0
  ],
  [
   0.7853981633974483,
   0.0,
   0.0
  ],
  [
   0.7853981633974483,
   0.0,
   0.0
  ],
  [
   0.7853981633974483,
   0.0,
   0.0
  ],
  [
   0.7853981633974483,
   0.0,
   0.0
  ],
  [
   0.7853981633974483,
   0.0,
   0.0
  ],
  [
   0.7853981633974483,
   0.0,
   0.0
  ]
 ],
 "mix_source": [
  0,
  0,
  0,
  0,
  0,
  0,
  0
 ],
 "leaf_active": [
  true,
  false,
  true,
  false,
  false,
  true,
  false,
  false
 ],
 "leaf_params.n_ctrl": [
  1,
  1,
  1,
  1,
  1,
  1,
  1,
  1
 ],
 "leaf_params.pnr": [
  [
   4,
   1
  ],
  [
   0,
   0
  ],
  [
   2,
   0
  ],
  [
   3,
   2
  ],
  [
   1,
   2
  ],
  [
   2,
   0
  ],
  [
   0,
   0
  ],
  [
   3,
   1
  ]
 ],
 "leaf_params.r": [
  [
   0.8435793231318972,
   -0.48083961918318846,
   0.2155571479808338
  ],
  [
   -0.2104775130503607,
   0.4651201506896195,
   -0.2731065829307113
  ],
  [
   -1.4620313125805446,
   -0.032666193018750934,
   0.18957494337129696
  ],
  [
   -0.24218997893413055,
   -0.5222137908499949,
   0.4097119319389347
  ],
  [
   0.4329038184565146,
   0.41183680333582195,
   0.44376959365182483
  ],
  [
   -1.7919183260672913,
   -0.10274254436201619,
   0.5377458096078579
  ],
  [
   -0.40114794844103524,
   0.35274588104688,
   0.4986932721682257
  ],
  [
   -0.4304551793282736,
   -0.3833785873294322,
   -0.21859335543577
  ]
 ],
 "leaf_params.phases": [
  [
   3.8008763451197987,
   2.934522748477363,
   3.6200832697175467,
   2.863520358578185,
   3.9661427467499344,
   3.8088427986521207,
   3.8720524401689502,
   3.1819427856922458,
   2.9120517036206293
  ],
  [
   2.442483906520355,
   3.4986085271329546,
   2.9142912204845577,
   2.8786650721096017,
   2.978637210457373,
   2.465456398582995,
   3.4319768042975096,
   2.639511310222821,
   2.503992860817091
  ],
  [
   2.409149715405728,
   2.492961173404124,
   3.6973356284237067,
   3.917763482387667,
   2.946787745634019,
   2.8363015383835006,
   3.504394045938703,
   3.005320501159766,
   3.4542673309798233
  ],
  [
   2.465237954113875,
   3.756315371746339,
   3.325467756219697,
   3.2810559667872345,
   2.4598867619151292,
   3.344206973144762,
   2.843678532609713,
   2.2288626928513136,
   3.6672478041959065
  ],
  [
   2.0925255621087477,
   3.746810258614336,
   3.9052047362194835,
   3.4994029258558843,
   4.151047410175174,
   2.5595962513035797,
   3.457633342805705,
   2.117992682462256,
   3.2530329672892924
  ],
  [
   2.8330408794398436,
   4.701396389579433,
   2.9271670265039966,
   2.812895241508931,
   3.2010389632540965,
   3.2336749688222497,
   3.9866679679776444,
   3.7378313775401866,
   2.5689215823690486
  ],
  [
   3.54357695857572,
   2.391069165214667,
   3.3086794738319414,
   3.488481657338075,
   3.5567761472833657,
   2.263957275939289,
   2.8074420934040534,
   3.88561854739306,
   2.4061359020100124
  ],
  [
   3.976773043181301,
   3.1851874207271464,
   2.9195465073634046,
   3.4690278259949903,
   3.1265833321642265,
   2.420328476456954,
   2.71194451349015,
   4.036282019242774,
   3.212132740800816
  ]
 ],
 "leaf_params.disp": [
  [
   "(-0.5074027551117597-0.15080433991563222j)",
   "(0.40208233314052616+0.18472492297184823j)",
   "(0.5635853673185088+0.3343807406541349j)"
  ],
  [
   "(0.1394826898310339+0.6793570423448438j)",
   "(-0.6210052534426839+0.09558972572540765j)",
   "(-0.31828379893252456+0.30603191338969493j)"
  ],
  [
   "(-0.0687660107404241+0.7788302742865311j)",
   "(-0.47382467910215914-0.3748202846087361j)",
   "(-0.6513425032387092-0.05725932780555158j)"
  ],
  [
   "(0.3862476611755786-0.028534346342185022j)",
   "(-0.45846229518179166-0.19694843142883167j)",
   "(-0.29493938560436356-0.07713375234271101j)"
  ],
  [
   "(0.2766492601415999+0.42890266085232753j)",
   "(-0.19687744814216152+0.762726807256529j)",
   "(-0.2447100069821371+0.15090898606553946j)"
  ],
  [
   "(-0.4059561308251399+0.7101708689972417j)",
   "(0.22022658101003126-0.2841964747303714j)",
   "(0.5247297715501119-0.44789086914518794j)"
  ],
  [
   "(0.09893966593141675+0.5934281350130174j)",
   "(-0.6061255875872907+0.0850311757808007j)",
   "(-0.23798188813489457-0.5031155351153748j)"
  ],
  [
   "(0.5511106909029614-0.5808556152204818j)",
   "(0.11556460603166241-0.13433504514698752j)",
   "(-0.5839884597291949+0.10850463483476731j)"
  ]
 ],
 "leaf_params.pnr_max": [
  15,
  15,
  15,
  15,
  15,
  15,
  15,
  15
 ],
 "final_gauss.r": 0.5892916573639314,
 "final_gauss.phi": -0.3433864123190604,
 "final_gauss.varphi": -0.7876815502245745,
 "final_gauss.disp": "(0.28257634648452473-0.1181030140254346j)"
}