{
  "group": "B30_c30_a1p41_b1p41",
  "target_alpha": "(1.4142+0j)",
  "target_beta": "(1+1j)",
  "design": "B30",
  "depth": 3,
  "provenance": "experiments/B30_c30_a1p41_b1p41/20260224-095158_p64_i2500#802",
  "exp_O": 1.0040664426712858,
  "vs_gaussian": 0.04450655715865,
  "before": {
    "pnr_detections": [
      4,
      4,
      3
    ],
    "total_photons": 11,
    "prob": 5.904088933329859e-07,
    "architecture": {
      "squeezings_r": [
        0.7343595164418479,
        0.5282095906348754,
        0.40286265710890756,
        0.40146656592765634
      ],
      "squeezings_db": [
        6.378565714476697,
        4.587970210022039,
        3.499220578945608,
        3.4870942850205835
      ],
      "max_squeezing_db": 6.378565714476697,
      "displacements_xp": [
        [
          -2.501004974112253,
          0.11388332373886054
        ],
        [
          -0.6954613604910217,
          1.0754777204481298
        ],
        [
          -0.3616707368921986,
          0.7701845523688036
        ],
        [
          -0.5819700493016924,
          0.9661485046052389
        ]
      ],
      "U_passive_reim": [
        [
          [
            0.5756043530080668,
            -0.6439331574163443
          ],
          [
            -0.4303804700610841,
            -0.2620602913974455
          ],
          [
            0.0011966521206319357,
            -0.0010566827347445672
          ],
          [
            -0.008183902225927442,
            0.007566203164500349
          ]
        ],
        [
          [
            0.40831079859243913,
            -0.09427068440590311
          ],
          [
            0.2833141485713294,
            0.6637760926615217
          ],
          [
            -0.2995428413061174,
            -0.33980516913463765
          ],
          [
            -0.22269905791827624,
            -0.22077451098055714
          ]
        ],
        [
          [
            -0.13657416783952794,
            0.04037359261990173
          ],
          [
            -0.10399078462813548,
            -0.22850071544115835
          ],
          [
            -0.5618830903030962,
            -0.6298346070772037
          ],
          [
            0.3080874432911368,
            0.33070938495737184
          ]
        ],
        [
          [
            -0.23811343052152875,
            0.03800672697829348
          ],
          [
            -0.14757407945002066,
            -0.37473547673362234
          ],
          [
            -0.19194920051416398,
            -0.21343675802976975
          ],
          [
            -0.5549421873936311,
            -0.6239327847259335
          ]
        ]
      ]
    },
    "wigner_negvol": 3.381081570179812
  },
  "after": {
    "pnr_detections": [
      2,
      2,
      1
    ],
    "total_photons": 5,
    "prob": 0.0021120083959159475,
    "prob_gain": 0.45833173164996754,
    "architecture": {
      "squeezings_r": [
        1.102791295770499,
        0.8871616711232579,
        0.8622403456480261,
        0.6895195609335394
      ],
      "squeezings_db": [
        9.578723488881293,
        7.705788366497968,
        7.489324483785804,
        5.989090809555783
      ],
      "max_squeezing_db": 9.578723488881293,
      "displacements_xp": [
        [
          -0.0827132137673694,
          -1.6450812536802566
        ],
        [
          -0.9835137337974127,
          -1.6365949579437191
        ],
        [
          -0.40411940037115734,
          -1.1083568736173617
        ],
        [
          0.0,
          0.0
        ]
      ],
      "U_passive_reim": [
        [
          [
            0.3601268623661653,
            0.5886154472942347
          ],
          [
            0.353926080678124,
            0.24950929451169057
          ],
          [
            -0.3696841220364838,
            0.3003625377250705
          ],
          [
            -0.23857674388966368,
            -0.2291704010065111
          ]
        ],
        [
          [
            -0.18602518256260944,
            -0.2754814397376957
          ],
          [
            0.5578724010602387,
            0.6815054122969795
          ],
          [
            0.3097669560787836,
            0.054904924243025205
          ],
          [
            0.09007668811729166,
            0.0821549598695794
          ]
        ],
        [
          [
            -0.060113154422081955,
            -0.20875512467651203
          ],
          [
            -0.06611813157562192,
            0.022003386752213805
          ],
          [
            0.2429343557050256,
            -0.17723866255795986
          ],
          [
            -0.617881514958084,
            -0.6897417915575761
          ]
        ],
        [
          [
            0.15122506593517188,
            0.5859042515984384
          ],
          [
            -0.16336363813201754,
            0.072572473417664
          ],
          [
            0.7424539199253919,
            -0.18021489994252254
          ],
          [
            0.0005058012783298454,
            0.13482305448729337
          ]
        ]
      ]
    },
    "state_source": "architecture_rule",
    "wigner_negvol": 2.90738817508992
  },
  "k_eff_before": 3,
  "k_eff_after": 3,
  "herald_cutoff": 30
}