{
  "group": "B30_c30_a1p41_b1p41",
  "target_alpha": "(1.4142+0j)",
  "target_beta": "(1+1j)",
  "design": "B30",
  "depth": 3,
  "provenance": "output_old/experiments/B30_c30_a1p41_b1p41/20260224-095158_p64_i2500#803",
  "exp_O": 0.93692063214693,
  "vs_gaussian": -0.0226392533657056,
  "before": {
    "pnr_detections": [
      4,
      4,
      3
    ],
    "total_photons": 11,
    "prob": 1.5130192586039935e-07,
    "architecture": {
      "squeezings_r": [
        0.7873043208084802,
        0.4781933482179517,
        0.35213782280932965,
        0.34921739032997867
      ],
      "squeezings_db": [
        6.838438442114209,
        4.153534648277931,
        3.058630266310338,
        3.033263712099275
      ],
      "max_squeezing_db": 6.838438442114209,
      "displacements_xp": [
        [
          -2.316033822527862,
          -0.27636788415976404
        ],
        [
          -0.44251527492514264,
          0.8648720093834084
        ],
        [
          -0.4310306165213981,
          0.7305260740678924
        ],
        [
          -0.6395794005278994,
          0.8699529108109165
        ]
      ],
      "U_passive_reim": [
        [
          [
            -0.6845282404837301,
            0.5502689173971465
          ],
          [
            -0.28412601993188175,
            -0.38438273320133387
          ],
          [
            0.002575910677829724,
            -0.0067140543631555305
          ],
          [
            -0.0031181019356755265,
            0.009278434117288695
          ]
        ],
        [
          [
            -0.303898203055781,
            0.24000253762170798
          ],
          [
            0.4227267367885027,
            0.575452704652379
          ],
          [
            -0.3715724022519781,
            -0.41286844332361056
          ],
          [
            -0.1384459261759415,
            -0.11183594567281019
          ]
        ],
        [
          [
            0.11993526530783168,
            -0.12428077287936404
          ],
          [
            -0.19645443798237677,
            -0.23388618805927208
          ],
          [
            -0.4902237962616188,
            -0.5098481528599443
          ],
          [
            0.4392393373277922,
            0.4285755728085433
          ]
        ],
        [
          [
            0.17688449532123707,
            -0.1324823293289648
          ],
          [
            -0.23915975556999608,
            -0.33344283779169454
          ],
          [
            -0.306611054379223,
            -0.3116841935148941
          ],
          [
            -0.5365361384847992,
            -0.5511355458658921
          ]
        ]
      ]
    },
    "wigner_negvol": 3.8482263561102146
  },
  "after": {
    "pnr_detections": [
      2,
      2,
      1
    ],
    "total_photons": 5,
    "prob": 0.0025481287833569277,
    "prob_gain": 0.6157490182274344,
    "architecture": {
      "squeezings_r": [
        1.1658903484320389,
        0.994909332098615,
        0.9180117010328016,
        0.7193239203583888
      ],
      "squeezings_db": [
        10.126794896565881,
        8.641672658489565,
        7.97374832162327,
        6.247968186253249
      ],
      "max_squeezing_db": 10.126794896565881,
      "displacements_xp": [
        [
          -0.5590806585419726,
          -1.4083376106192727
        ],
        [
          -0.7394878042328904,
          -1.4557078997593988
        ],
        [
          -0.09109940799600585,
          -0.9331506113385666
        ],
        [
          0.0,
          0.0
        ]
      ],
      "U_passive_reim": [
        [
          [
            0.20699042387686659,
            0.5224416413469755
          ],
          [
            -0.5166326916888426,
            0.12625434180637018
          ],
          [
            0.2725769416629961,
            0.4383401873931907
          ],
          [
            -0.2621843814197939,
            -0.2572532604120018
          ]
        ],
        [
          [
            -0.2567712958032886,
            -0.3938368928266069
          ],
          [
            0.18102151660863225,
            -0.157748342739482
          ],
          [
            0.618199063951705,
            0.5688739323919286
          ],
          [
            0.09732713062650182,
            0.07776548338456227
          ]
        ],
        [
          [
            -0.03894148280716468,
            -0.2538145812905566
          ],
          [
            0.25056321334930665,
            -0.15183935110605465
          ],
          [
            -0.018175564668490907,
            -0.09609786189425783
          ],
          [
            -0.6467556476303195,
            -0.6483568375975234
          ]
        ],
        [
          [
            0.6199627923065725,
            -0.11348372000711068
          ],
          [
            -0.1417574156375575,
            -0.744019419521132
          ],
          [
            0.09995051495327154,
            -0.09064657584730912
          ],
          [
            0.09563791431760645,
            0.04188080859649004
          ]
        ]
      ]
    },
    "state_source": "architecture_rule",
    "wigner_negvol": 3.4304180408992524
  },
  "k_eff_before": 3,
  "k_eff_after": 3,
  "herald_cutoff": 30
}