{
  "group": "B30_c30_a1p41_b1p41",
  "target_alpha": "(1.4142+0j)",
  "target_beta": "(1+1j)",
  "design": "B30",
  "depth": 3,
  "provenance": "experiments/B30_c30_a1p41_b1p41/20260224-103500_p64_i2500#2052",
  "exp_O": 0.6936027465507556,
  "vs_gaussian": -0.2659571389618801,
  "before": {
    "pnr_detections": [
      4,
      2,
      0,
      0,
      2,
      0,
      3,
      2
    ],
    "total_photons": 13,
    "prob": 3.892043441880952e-16,
    "architecture": {
      "squeezings_r": [
        0.5679326939114032,
        0.3545339871117287,
        0.20896196047176693,
        0.17671213985532597,
        0.13242758305599783,
        0.13209557608722355,
        0.1303554743984659,
        0.13019370174318845,
        0.13003701887733476
      ],
      "squeezings_db": [
        4.93300070116342,
        3.0794430849956473,
        1.8150205272114759,
        1.5349021444896753,
        1.1502513714600884,
        1.1473675955702467,
        1.132253264342687,
        1.1308481249124904,
        1.1294871948315095
      ],
      "max_squeezing_db": 4.93300070116342,
      "displacements_xp": [
        [
          0.09795356162831581,
          -0.36544813011149535
        ],
        [
          0.11622231459946619,
          -0.11314803969323614
        ],
        [
          1.2932781012740189,
          -0.5131552484128079
        ],
        [
          2.2471250636597078,
          -2.0202562995993687
        ],
        [
          2.0930120314120026,
          0.7410401237173908
        ],
        [
          0.4573162960473409,
          -0.08459287488777267
        ],
        [
          1.1772713010176787,
          -0.27968638443052923
        ],
        [
          0.18422930263936865,
          0.12622693759193104
        ],
        [
          0.6183077041848819,
          -0.14637220038560775
        ]
      ],
      "U_passive_reim": [
        [
          [
            0.47147057281832694,
            -0.6368774284003926
          ],
          [
            -0.44660573789995295,
            -0.4079031293703925
          ],
          [
            0.012042719507565924,
            0.06883992591931522
          ],
          [
            -0.02598816088346518,
            -0.024832935338868264
          ],
          [
            0.006054496388984384,
            -0.0016426394185081097
          ],
          [
            -0.0017710144360181302,
            0.00044843388966163937
          ],
          [
            0.004878767455410942,
            -0.0005753487619902118
          ],
          [
            -0.004175756569735924,
            0.00038452862584259485
          ],
          [
            0.0007479487181108339,
            -1.1590834982278647e-06
          ]
        ],
        [
          [
            0.2959259755916132,
            0.10088714262100526
          ],
          [
            -0.18852912955680035,
            0.3596678982787362
          ],
          [
            -0.013729994303991466,
            -0.15663019250626548
          ],
          [
            -0.006099633393771196,
            0.12123490021290309
          ],
          [
            0.042757749260087394,
            0.12704453157406623
          ],
          [
            -0.013281094618546575,
            -0.039984489032964574
          ],
          [
            0.15103297767135845,
            0.46622238552781425
          ],
          [
            -0.1897304593899377,
            -0.6049515101501924
          ],
          [
            -0.054239748905522536,
            -0.1818374270786791
          ]
        ],
        [
          [
            -0.39993164159269434,
            -0.11311034162255382
          ],
          [
            0.21756489543247357,
            -0.47736885799743867
          ],
          [
            0.033068906557278246,
            0.20206230139269743
          ],
          [
            -0.0025781984168980893,
            -0.15455559005056196
          ],
          [
            -0.10214881151414199,
            -0.24322690075714762
          ],
          [
            0.034103458751741464,
            0.08201167588780087
          ],
          [
            0.21386018971594706,
            0.5558384266983374
          ],
          [
            -0.0830470784590069,
            -0.21540938075671098
          ],
          [
            0.0078103036156503755,
            0.026347600371219138
          ]
        ],
        [
          [
            -0.1129869972357142,
            0.017384165279728706
          ],
          [
            -0.03504961876292262,
            -0.13574316448839696
          ],
          [
            -0.6224672488231616,
            0.09444710776199897
          ],
          [
            -0.39601153282974544,
            0.6434784573825625
          ],
          [
            0.00039213671479870613,
            0.0010049702056167762
          ],
          [
            -0.00010253269278421331,
            -0.0002619768207983488
          ],
          [
            8.002224741939762e-06,
            -6.524035923282291e-05
          ],
          [
            0.0001481333721286099,
            0.00053330115226227
          ],
          [
            9.119402779839364e-05,
            0.0003059890747834264
          ]
        ],
        [
          [
            0.066638074553442,
            -0.1467942325488104
          ],
          [
            0.2730047210746481,
            0.030533504092732228
          ],
          [
            0.7162032292990341,
            0.04862964457260344
          ],
          [
            -0.3749846650253965,
            0.49190331108058594
          ],
          [
            -0.008979777504803063,
            -0.016458539675061522
          ],
          [
            0.0027822913738457782,
            0.005389527383334292
          ],
          [
            0.0026636218354368505,
            0.006372399074851023
          ],
          [
            0.0037903994111170482,
            0.012396250492243998
          ],
          [
            0.0019935076727031612,
            0.0066824099008467065
          ]
        ],
        [
          [
            -0.1403774441701035,
            -0.040325657049533545
          ],
          [
            0.07808500409430677,
            -0.1678046803912674
          ],
          [
            0.023802597618290913,
            0.07187308700554067
          ],
          [
            -0.007567485080951633,
            -0.04720837619750241
          ],
          [
            0.22940120155164034,
            0.4414881005772346
          ],
          [
            0.1535513404048065,
            0.32058170684786
          ],
          [
            -0.02805710726412966,
            -0.09489822772964555
          ],
          [
            -0.002648291272174362,
            0.010135134157615536
          ],
          [
            -0.1950769094288145,
            -0.7173208661509777
          ]
        ],
        [
          [
            -0.006908373728235004,
            0.007561556142721374
          ],
          [
            -0.011418892453883464,
            -0.004842481114854288
          ],
          [
            0.007328006171127773,
            -7.664720710503082e-05
          ],
          [
            -0.004457046045246834,
            0.00017133729826662898
          ],
          [
            0.2681069703876873,
            0.5381885303578854
          ],
          [
            0.21040154246598033,
            0.431648344068777
          ],
          [
            0.05943624481742668,
            0.1735120939530539
          ],
          [
            0.02024037517701008,
            0.048494048267420826
          ],
          [
            0.1598874357305552,
            0.5878655126846577
          ]
        ],
        [
          [
            -0.191049689296061,
            -0.04846192807584834
          ],
          [
            0.09596887125659864,
            -0.2259634149790521
