{
  "group": "B30_c30_a1p41_b1p41",
  "target_alpha": "(1.4142+0j)",
  "target_beta": "(1+1j)",
  "design": "B30",
  "depth": 3,
  "provenance": "output_old/experiments/B30_c30_a1p41_b1p41/20260224-103500_p64_i2500#803",
  "exp_O": 0.9167408826356824,
  "vs_gaussian": -0.0428190028769531,
  "before": {
    "pnr_detections": [
      4,
      4,
      3
    ],
    "total_photons": 11,
    "prob": 1.0579391949214337e-07,
    "architecture": {
      "squeezings_r": [
        0.8150615723363996,
        0.45552034611223813,
        0.3264165281048436,
        0.3237650217540369
      ],
      "squeezings_db": [
        7.07953486554173,
        3.9565994542240883,
        2.835217939159026,
        2.81218724762129
      ],
      "max_squeezing_db": 7.07953486554173,
      "displacements_xp": [
        [
          -2.2393716963706347,
          -0.35433854913310736
        ],
        [
          -0.44622062447012034,
          0.883248426479246
        ],
        [
          -0.45506025423375457,
          0.7236324896705056
        ],
        [
          -0.664489645473155,
          0.8942884679535457
        ]
      ],
      "U_passive_reim": [
        [
          [
            -0.6855763345604692,
            0.5486072290088904
          ],
          [
            -0.28245689762352866,
            -0.3862085294916636
          ],
          [
            0.0010875981825496206,
            -0.006153816336862225
          ],
          [
            -0.0008670815179233619,
            0.0060387371960845876
          ]
        ],
        [
          [
            -0.31117998460804414,
            0.23096543644752665
          ],
          [
            0.40394615548921053,
            0.5892446893700087
          ],
          [
            -0.3792112803617957,
            -0.4122104012276997
          ],
          [
            -0.12451108285274885,
            -0.1010869134634724
          ]
        ],
        [
          [
            0.12640016284545413,
            -0.11846860541234405
          ],
          [
            -0.19006460551494583,
            -0.24140139514477352
          ],
          [
            -0.48566150646355133,
            -0.49114777657239833
          ],
          [
            0.4562203228047041,
            0.43630124946465354
          ]
        ],
        [
          [
            0.1777197711038812,
            -0.13130519197213966
          ],
          [
            -0.23028391581664848,
            -0.3365254856860942
          ],
          [
            -0.3248761705432179,
            -0.32187664432429863
          ],
          [
            -0.5377670638487039,
            -0.5353055480854652
          ]
        ]
      ]
    },
    "wigner_negvol": 3.988658140135076
  },
  "after": {
    "pnr_detections": [
      2,
      2,
      1
    ],
    "total_photons": 5,
    "prob": 0.0025856495808428024,
    "prob_gain": 0.7069619265384269,
    "architecture": {
      "squeezings_r": [
        1.190274597709024,
        1.0380710037130498,
        0.9156492227062965,
        0.700276442262374
      ],
      "squeezings_db": [
        10.338593794692843,
        9.01657017472695,
        7.953228095606924,
        6.082523893627803
      ],
      "max_squeezing_db": 10.338593794692843,
      "displacements_xp": [
        [
          -0.4824625202392833,
          -1.418508710147874
        ],
        [
          -0.6585546859768617,
          -1.3767384447081465
        ],
        [
          -0.00036989568616141444,
          -0.929463770582079
        ],
        [
          0.0,
          0.0
        ]
      ],
      "U_passive_reim": [
        [
          [
            0.10516616375161002,
            0.5119512773843876
          ],
          [
            -0.49319616149621176,
            0.1364730245089801
          ],
          [
            0.3480894456884507,
            0.43704323304684256
          ],
          [
            0.2774772353392452,
            0.27533972029076526
          ]
        ],
        [
          [
            -0.2509179227151874,
            -0.43483282366427717
          ],
          [
            0.3033586665715165,
            -0.03223554974060555
          ],
          [
            0.5821686084308016,
            0.5521271011390169
          ],
          [
            -0.08337199117245944,
            -0.06464895132040444
          ]
        ],
        [
          [
            -0.004934521845696982,
            -0.2714299332669667
          ],
          [
            0.2498289038804281,
            -0.13855665394246336
          ],
          [
            -0.07595110235668635,
            -0.10858393449328957
          ],
          [
            0.6520589779108573,
            0.63399452899976
          ]
        ],
        [
          [
            0.6154144042855522,
            0.1495765086148675
          ],
          [
            0.1891105985374809,
            -0.72642398265105
          ],
          [
            0.1331655051040669,
            0.09364952357049351
          ],
          [
            -0.05212059905666808,
            -0.07885122800565447
          ]
        ]
      ]
    },
    "state_source": "architecture_rule",
    "wigner_negvol": 3.524680296804245
  },
  "k_eff_before": 3,
  "k_eff_after": 3,
  "herald_cutoff": 30
}