{
  "group": "B30B_c30_a1p41_b1p41",
  "target_alpha": "(1.4142+0j)",
  "target_beta": "(1+1j)",
  "design": "B30B",
  "depth": 3,
  "provenance": "output_oldold/experiments/B30B_c30_a1p41_b1p41/20260226-015926_p64_i2500#800",
  "exp_O": 1.00470413288748,
  "vs_gaussian": 0.0451442473748442,
  "before": {
    "pnr_detections": [
      3,
      3,
      0
    ],
    "total_photons": 6,
    "prob": 0.0002762592128763819,
    "architecture": {
      "squeezings_r": [
        0.7587119683228993,
        0.6593867760690515,
        0.3603584759102219,
        0.3603584759102214
      ],
      "squeezings_db": [
        6.590088423931799,
        5.727360765735284,
        3.1300339518975053,
        3.1300339518975013
      ],
      "max_squeezing_db": 6.590088423931799,
      "displacements_xp": [
        [
          -0.8992775027170036,
          -1.0913899848593975
        ],
        [
          -0.3820863278269892,
          0.17433315194607396
        ],
        [
          0.19732643220259105,
          -1.2714372376972476
        ],
        [
          -0.1113522847482982,
          -0.5012116236498383
        ]
      ],
      "U_passive_reim": [
        [
          [
            0.4746307311690327,
            0.5908541005997263
          ],
          [
            -0.4800842065845933,
            0.44174229526102743
          ],
          [
            7.791167008789747e-16,
            -2.7242017368494463e-16
          ],
          [
            -5.967517677770053e-16,
            1.6843666461197141e-15
          ]
        ],
        [
          [
            0.1360445962671747,
            0.4407952112304768
          ],
          [
            0.5003231272913189,
            -0.19201098374888162
          ],
          [
            -0.0016990686041507552,
            -0.0005694153048100004
          ],
          [
            0.6704552213032722,
            0.22469220093112155
          ]
        ],
        [
          [
            0.09619805656430754,
            0.31168928297562737
          ],
          [
            0.3537818760921537,
            -0.135772268671134
          ],
          [
            -0.6692537983715758,
            -0.22428956350777726
          ],
          [
            -0.47578250206962003,
            -0.1594507942629346
          ]
        ],
        [
          [
            0.09619805656430756,
            0.3116892829756268
          ],
          [
            0.35378187609215467,
            -0.1357722686711342
          ],
          [
            0.6716566442349674,
            0.2250948383544623
          ],
          [
            -0.4723843648613185,
            -0.15831196365331474
          ]
        ]
      ]
    },
    "wigner_negvol": 3.649577402036135
  },
  "after": {
    "pnr_detections": [
      1,
      1,
      0
    ],
    "total_photons": 2,
    "prob": 0.09715312548415382,
    "prob_gain": 122.2528949162517,
    "architecture": {
      "squeezings_r": [
        0.8389686140962733,
        0.7351370715251352,
        0.6583917698894295,
        2.148836664157373e-12
      ],
      "squeezings_db": [
        7.287188791840605,
        6.385319472117647,
        5.718718251869896,
        1.8664558115098765e-11
      ],
      "max_squeezing_db": 7.287188791840605,
      "displacements_xp": [
        [
          1.0375190424183787,
          -0.03176581457598235
        ],
        [
          0.35252722022924277,
          -1.1381708178297352
        ],
        [
          -1.0792237761163672e-07,
          -8.775978338826525e-07
        ],
        [
          0.0,
          0.0
        ]
      ],
      "U_passive_reim": [
        [
          [
            -0.7398343268683971,
            -0.22665977655848246
          ],
          [
            0.0014470223640414511,
            0.0006328333936868256
          ],
          [
            0.18555696076756434,
            -0.6056704008250066
          ],
          [
            9.426757068481912e-07,
            3.3029228053192064e-07
          ]
        ],
        [
          [
            0.0015651894152593085,
            0.00046111797760466284
          ],
          [
            0.955219489662479,
            0.2958931619619794
          ],
          [
            0.00010364795793981672,
            0.0005385930736455418
          ],
          [
            -6.79679622977778e-10,
            -1.9248255226954718e-10
          ]
        ],
        [
          [
            1.965053493333883e-07,
            2.56628663597476e-09
          ],
          [
            -1.5869368862031164e-10,
            -3.0887818686016785e-10
          ],
          [
            -4.4151271507902e-07,
            1.2728212538525817e-06
          ],
          [
            0.9474630502956983,
            0.3198652346262691
          ]
        ],
        [
          [
            0.605894049016915,
            -0.18482492633787054
          ],
          [
            -0.0005763299543609457,
            0.0003698175909552421
          ],
          [
            -0.22576666772548357,
            -0.7401088371260648
          ],
          [
            8.700597331365076e-07,
            -3.1447347021537435e-07
          ]
        ]
      ]
    },
    "state_source": "architecture_rule",
    "wigner_negvol": 2.070026911432895
  },
  "k_eff_before": 2,
  "k_eff_after": 2,
  "herald_cutoff": 30
}