{
  "group": "B30B_c30_a1p41_b1p41",
  "target_alpha": "(1.4142+0j)",
  "target_beta": "(1+1j)",
  "design": "B30B",
  "depth": 3,
  "provenance": "output_oldold/experiments/B30B_c30_a1p41_b1p41/20260226-015926_p64_i2500#1250",
  "exp_O": 1.018029500257465,
  "vs_gaussian": 0.0584696147448293,
  "before": {
    "pnr_detections": [
      0,
      0,
      0,
      0,
      0
    ],
    "total_photons": 0,
    "prob": 0.9657216545807008,
    "architecture": {
      "squeezings_r": [
        1.6348496528343834,
        4.312282494385389e-05,
        4.312282494374287e-05,
        4.312282494374287e-05,
        4.312282494363186e-05,
        4.312282494340984e-05
      ],
      "squeezings_db": [
        14.200123659348392,
        0.00037456009834391295,
        0.00037456009834294866,
        0.00037456009834294866,
        0.0003745600983419845,
        0.000374560098340056
      ],
      "max_squeezing_db": 14.200123659348392,
      "displacements_xp": [
        [
          0.23740816081079885,
          -0.005922780019423257
        ],
        [
          -1.2509258708586736e-07,
          1.4333049349827413e-07
        ],
        [
          -1.3097920016353616e-07,
          1.3654276262381622e-07
        ],
        [
          -1.4173323003422887e-07,
          1.241425148726848e-07
        ],
        [
          -1.0585114257040515e-07,
          1.6551740221531415e-07
        ],
        [
          -1.2973444375076456e-07,
          1.379780653051155e-07
        ]
      ],
      "U_passive_reim": [
        [
          [
            -0.9999998627264215,
            0.0005239724580443384
          ],
          [
            -3.1389521400345148e-09,
            1.4116084374545223e-08
          ],
          [
            3.232686638190502e-09,
            -1.4537614905818548e-08
          ],
          [
            -6.412210655429149e-10,
            2.8836153684933855e-09
          ],
          [
            -1.5535559774117662e-11,
            6.986448163678468e-11
          ],
          [
            4.641644958645719e-09,
            -2.0873798476135544e-08
          ]
        ],
        [
          [
            -9.70862688111592e-09,
            -1.140034516229519e-08
          ],
          [
            0.20463768078557557,
            -0.10812724641090611
          ],
          [
            -0.41508099259481435,
            0.21932209451198878
          ],
          [
            -0.18749735418195948,
            0.09907057458285884
          ],
          [
            -0.6957463926600282,
            0.3676211602169782
          ],
          [
            -0.21990428305124546,
            0.11619387253749494
          ]
        ],
        [
          [
            -6.865035862462126e-09,
            -8.061261190860315e-09
          ],
          [
            0.5666814326665494,
            -0.2994253192777018
          ],
          [
            -0.37847073740385884,
            0.19997782678037002
          ],
          [
            0.45769311020920217,
            -0.24183764943426708
          ],
          [
            0.18288802923155217,
            -0.09663508169241938
          ],
          [
            0.2728480266848892,
            -0.14416849183857983
          ]
        ],
        [
          [
            -6.86503591699606e-09,
            -8.061261493793168e-09
          ],
          [
            -0.22478638360570136,
            0.11877349565379433
          ],
          [
            0.039428008558924255,
            -0.020833123114089844
          ],
          [
            0.6653823744125894,
            -0.3515773032567111
          ],
          [
            -0.10279496408915702,
            0.05431519927037773
          ],
          [
            -0.5257004948584462,
            0.2777716534233756
          ]
        ],
        [
          [
            -9.708626871598184e-09,
            -1.1400345228038455e-08
          ],
          [
            0.5813545675149763,
            -0.3071783668196
          ],
          [
            0.35648184404397554,
            -0.18835925057077782
          ],
          [
            -0.1940910420943845,
            0.10255457280908664
          ],
          [
            0.16882068166814548,
            -0.08920212238637823
          ],
          [
            -0.500520540781994,
            0.264466972251299
          ]
        ],
        [
          [
            -9.70862688558962e-09,
            -1.1400345211451939e-08
          ],
          [
            -0.17389228641865379,
            0.0918818764500937
          ],
          [
            -0.5810153205844689,
            0.30699911421777193
          ],
          [
            -0.23812124531301246,
            0.12581942127815077
          ],
          [
            0.47451733783190586,
            -0.2507272996649862
          ],
          [
            -0.36339956497499615,
            0.1920144626197542
          ]
        ]
      ]
    },
    "wigner_negvol": 0.9378138472642346
  },
  "after": {
    "pnr_detections": [
      0,
      0,
      0,
      0,
      0
    ],
    "total_photons": 0,
    "prob": 1.0000000000000002,
    "prob_gain": 1.0038048584268915,
    "architecture": {
      "squeezings_r": [
        9.998132222090618e-09,
        8.51200221346481e-11,
        3.7282399389798385e-12,
        3.996802888650548e-15,
        1.1102230246251568e-16
      ],
      "squeezings_db": [
        8.684267306786106e-08,
        7.393431182512064e-10,
        3.23830806542052e-11,
        3.47157887959182e-14,
        9.643274665532873e-16
      ],
      "max_squeezing_db": 8.684267306786106e-08,
      "displacements_xp": [
        [
          -3.6778993053832205e-11,
          4.214365402050968e-11
        ],
        [
          -1.994258581226578e-09,
          2.079075258625616e-09
        ],
        [
          0.0,
          0.0
        ],
        [
          -1.1029335124621143e-12,
          1.724776594010714e-12
        ],
        [
          -1.8225903789952594e-10,
          1.93850463940443e-10
        ]
      ],