{
  "group": "B30B_c30_a1p41_b1p41",
  "target_alpha": "(1.4142+0j)",
  "target_beta": "(1+1j)",
  "design": "B30B",
  "depth": 3,
  "provenance": "output_oldold/experiments/B30B_c30_a1p41_b1p41/20260226-015926_p64_i2500#300",
  "exp_O": 1.0117812635638517,
  "vs_gaussian": 0.0522213780512159,
  "before": {
    "pnr_detections": [
      2
    ],
    "total_photons": 2,
    "prob": 0.0750139016077547,
    "architecture": {
      "squeezings_r": [
        1.6962590592720355,
        0.6188453153424369
      ],
      "squeezings_db": [
        14.733518986404919,
        5.375222112097963
      ],
      "max_squeezing_db": 14.733518986404919,
      "displacements_xp": [
        [
          -1.22057810113169,
          -5.013838041994177
        ],
        [
          -2.596005725195566,
          4.437220652446584
        ]
      ],
      "U_passive_reim": [
        [
          [
            -0.9999859370523115,
            -0.0011069025859907508
          ],
          [
            0.005186544366538613,
            1.4893282651591602e-05
          ]
        ],
        [
          [
            -0.0006430503535939027,
            0.005146547436746732
          ],
          [
            -0.1257329403076644,
            0.9920505668852335
          ]
        ]
      ]
    },
    "wigner_negvol": 2.2540637533770256
  },
  "after": {
    "pnr_detections": [
      2
    ],
    "total_photons": 2,
    "prob": 0.2463004027400644,
    "prob_gain": 3.0301634288752854,
    "architecture": {
      "squeezings_r": [
        0.29316726986573255,
        6.24918520996715e-05
      ],
      "squeezings_db": [
        2.5464185515465827,
        0.0005427973306160295
      ],
      "max_squeezing_db": 2.5464185515465827,
      "displacements_xp": [
        [
          -2.0067116749165392,
          1.9023935048459262
        ],
        [
          0.0,
          0.0
        ]
      ],
      "U_passive_reim": [
        [
          [
            0.12572152774942014,
            -0.9919640708866225
          ],
          [
            -0.014078206705552428,
            -0.001784271937906075
          ]
        ],
        [
          [
            -0.008693124641746913,
            0.011216466215154987
          ],
          [
            -0.7903230660257707,
            -0.6125259764101699
          ]
        ]
      ]
    },
    "state_source": "core_exact",
    "wigner_negvol": 0.6274764148068517
  },
  "k_eff_before": 1,
  "k_eff_after": 1,
  "herald_cutoff": 30
}