{
 "homodyne_x": [
  -0.18447346985340118,
  -0.294293612241745,
  -0.20413845777511597,
  -0.0896909162402153,
  -0.1356629729270935,
  -0.3010735809803009,
  -0.1194152683019638
 ],
 "homodyne_window": 0.1,
 "mix_params": [
  [
   -0.6529938481850313,
   0.17232941149972736,
   0.034115267670797256
  ],
  [
   -0.4440220171600795,
   0.418015291568972,
   -0.3151059735570501
  ],
  [
   -0.07424000152853705,
   0.2929786814127269,
   0.29012564026249854
  ],
  [
   0.07029818198868236,
   0.14825647049392895,
   0.07578055529266425
  ],
  [
   0.005670677401376652,
   0.31717678810621525,
   0.0892560374303909
  ],
  [
   0.5210519159401912,
   -0.445071959163467,
   0.06281182932282638
  ],
  [
   -0.0009909316591193878,
   0.27406832250652385,
   -0.40692144057612484
  ]
 ],
 "mix_source": [
  0,
  0,
  0,
  0,
  0,
  0,
  0
 ],
 "leaf_active": [
  true,
  true,
  true,
  false,
  false,
  false,
  false,
  true
 ],
 "leaf_params.n_ctrl": [
  1,
  1,
  1,
  1,
  1,
  1,
  1,
  1
 ],
 "leaf_params.pnr": [
  [
   0,
   0
  ],
  [
   4,
   1
  ],
  [
   0,
   4
  ],
  [
   0,
   1
  ],
  [
   0,
   0
  ],
  [
   0,
   3
  ],
  [
   3,
   0
  ],
  [
   0,
   2
  ]
 ],
 "leaf_params.r": [
  [
   -0.5888201196033831,
   -0.5453073600822382,
   0.47814008244938283
  ],
  [
   -0.6650777779916871,
   0.5201668453325307,
   0.13228854627547684
  ],
  [
   -0.17917460129215337,
   -0.14554700215089722,
   0.2679750205809711
  ],
  [
   -0.0389944281081556,
   -0.25917713018691,
   0.32885101542823314
  ],
  [
   0.11375636675938633,
   -0.3783085310757746,
   -0.4143245451662532
  ],
  [
   -0.03139058015348964,
   -0.11775860775128162,
   -0.09962601117518909
  ],
  [
   -0.1075039481953302,
   -0.3453094691786461,
   -0.23197628574844048
  ],
  [
   0.5724549536463379,
   -0.36821002904696654,
   -0.13882450114227682
  ]
 ],
 "leaf_params.phases": [
  [
   3.2264944573144674,
   3.1191278681432246,
   3.266814253701306,
   2.6708163528009545,
   3.309608456902265,
   3.006803113451278,
   2.453952430688011,
   3.4423391802112717,
   3.4320142134716916
  ],
  [
   2.3932234289034904,
   3.074947705394549,
   4.298593461789337,
   3.5541792605191143,
   3.400546234944166,
   3.7542835769449785,
   3.884827096199184,
   2.235578899634386,
   2.555063271024706
  ],
  [
   2.610244432054731,
   3.2721779079353097,
   3.2918573987167252,
   4.256285694910518,
   2.7890683655476787,
   3.5252345985205844,
   3.9940392773027296,
   2.603082687603336,
   2.3070020478289432
  ],
  [
   3.4130639359709702,
   3.2865701532475704,
   2.7550435213410576,
   2.12452699132209,
   3.978788949963183,
   3.5794528837867663,
   3.0635114814983018,
   3.880675712874033,
   2.3062571277843342
  ],
  [
   2.772538381962567,
   2.7219372076676507,
   2.8126394080065533,
   2.5677666371495116,
   2.340494793242608,
   2.2533935595554833,
   2.9405178241098144,
   3.7999189968849296,
   3.895259991789414
  ],
  [
   2.45452014957763,
   3.057805140768703,
   2.3359886620395276,
   2.693841404735576,
   3.2678819917010737,
   2.524787094907688,
   2.264235924180178,
   2.2655981321079226,
   3.95326034995288
  ],
  [
   2.1029647278015124,
   2.782914773635644,
   3.438788859577519,
   3.4336591369591067,
   3.539569753477784,
   4.101586221238781,
   2.621553902677231,
   2.996094195249841,
   3.826742889850788
  ],
  [
   3.297816103902932,
   3.3750931780917615,
   3.8753057579583046,
   3.3596462042435333,
   3.937773554498386,
   3.4173315487078,
   2.5260491111249332,
   2.7311505795700413,
   2.7834474835093315
  ]
 ],
 "leaf_params.disp": [
  [
   "(-0.20986278153469684+0.2743634077030745j)",
   "(-0.2569709973898705+0.019108907957722146j)",
   "(-0.3751223211060035-0.34255685817449677j)"
  ],
  [
   "(-0.3698852642437854+0.4099391780199336j)",
   "(0.2642158835452874+0.01281263829937746j)",
   "(-0.2994452898019375+0.1520931825099126j)"
  ],
  [
   "(0.2844463010207987+0.22251980583500933j)",
   "(0.045485866530914236+0.4310031159593666j)",
   "(-0.32810883237693783-0.35939546679347983j)"
  ],
  [
   "(0.32711445223774815+0.32620264158376516j)",
   "(-0.3987909453790371-0.3811714346813526j)",
   "(0.4151863524379241-0.38725637210541547j)"
  ],
  [
   "(-0.4037672905906244-0.23680502986321514j)",
   "(-0.06670251113904141-0.33341466809643955j)",
   "(0.4070912602577993-0.2569001079386109j)"
  ],
  [
   "(0.03765755855856306-0.3606251063436688j)",
   "(0.5648830982423367-0.4551361719655285j)",
   "(-0.03392889188205374+0.20308449465619677j)"
  ],
  [
   "(0.5155609093904809+0.12476236548873672j)",
   "(-0.1207599552042946+0.6742378982434987j)",
   "(0.3671507351354229-0.4303230949029261j)"
  ],
  [
   "(0.14053609575811438-0.27904290108951646j)",
   "(-0.5850900520321933+0.7348104257191679j)",
   "(0.24265954846295046+0.21823610394208398j)"
  ]
 ],
 "leaf_params.pnr_max": [
  15,
  15,
  15,
  15,
  15,
  15,
  15,
  15
 ],
 "final_gauss.r": -0.6952656988472743,
 "final_gauss.phi": -0.06371782875451776,
 "final_gauss.varphi": 0.017727766314051735,
 "final_gauss.disp": "(-0.14322799961213745+0.507642688886092j)"
}