{
 "homodyne_x": [
  0.09152743965387344,
  0.05825521796941757,
  -0.1448633372783661,
  0.2590605616569519,
  -0.1151774525642395,
  -0.2533518671989441,
  1.3050129413604736
 ],
 "homodyne_window": 0.1,
 "mix_params": [
  [
   0.7853981633974483,
   0.0,
   0.0
  ],
  [
   0.7853981633974483,
   0.0,
   0.0
  ],
  [
   0.7853981633974483,
   0.0,
   0.0
  ],
  [
   0.7853981633974483,
   0.0,
   0.0
  ],
  [
   0.7853981633974483,
   0.0,
   0.0
  ],
  [
   0.7853981633974483,
   0.0,
   0.0
  ],
  [
   0.7853981633974483,
   0.0,
   0.0
  ]
 ],
 "mix_source": [
  0,
  0,
  0,
  0,
  0,
  0,
  0
 ],
 "leaf_active": [
  false,
  false,
  true,
  false,
  false,
  true,
  true,
  false
 ],
 "leaf_params.n_ctrl": [
  1,
  1,
  1,
  1,
  1,
  1,
  1,
  1
 ],
 "leaf_params.pnr": [
  [
   0,
   1
  ],
  [
   0,
   0
  ],
  [
   2,
   0
  ],
  [
   0,
   0
  ],
  [
   0,
   0
  ],
  [
   4,
   0
  ],
  [
   4,
   0
  ],
  [
   0,
   4
  ]
 ],
 "leaf_params.r": [
  [
   -0.7910698195100847,
   0.47997959366269843,
   -0.24053174169280891
  ],
  [
   -0.7910698195100847,
   0.47997959366269843,
   -0.24053174169280891
  ],
  [
   -0.7910698195100847,
   0.47997959366269843,
   -0.24053174169280891
  ],
  [
   -0.7910698195100847,
   0.47997959366269843,
   -0.24053174169280891
  ],
  [
   -0.7910698195100847,
   0.47997959366269843,
   -0.24053174169280891
  ],
  [
   -0.7910698195100847,
   0.47997959366269843,
   -0.24053174169280891
  ],
  [
   -0.7910698195100847,
   0.47997959366269843,
   -0.24053174169280891
  ],
  [
   -0.7910698195100847,
   0.47997959366269843,
   -0.24053174169280891
  ]
 ],
 "leaf_params.phases": [
  [
   3.8352248920123593,
   2.739067493595222,
   2.1127226899204596,
   3.6654795773524884,
   2.2626361451365002,
   3.8300485582970114,
   3.486537298310003,
   2.2576894159205554,
   2.64664271883649
  ],
  [
   3.8352248920123593,
   2.739067493595222,
   2.1127226899204596,
   3.6654795773524884,
   2.2626361451365002,
   3.8300485582970114,
   3.486537298310003,
   2.2576894159205554,
   2.64664271883649
  ],
  [
   3.8352248920123593,
   2.739067493595222,
   2.1127226899204596,
   3.6654795773524884,
   2.2626361451365002,
   3.8300485582970114,
   3.486537298310003,
   2.2576894159205554,
   2.64664271883649
  ],
  [
   3.8352248920123593,
   2.739067493595222,
   2.1127226899204596,
   3.6654795773524884,
   2.2626361451365002,
   3.8300485582970114,
   3.486537298310003,
   2.2576894159205554,
   2.64664271883649
  ],
  [
   3.8352248920123593,
   2.739067493595222,
   2.1127226899204596,
   3.6654795773524884,
   2.2626361451365002,
   3.8300485582970114,
   3.486537298310003,
   2.2576894159205554,
   2.64664271883649
  ],
  [
   3.8352248920123593,
   2.739067493595222,
   2.1127226899204596,
   3.6654795773524884,
   2.2626361451365002,
   3.8300485582970114,
   3.486537298310003,
   2.2576894159205554,
   2.64664271883649
  ],
  [
   3.8352248920123593,
   2.739067493595222,
   2.1127226899204596,
   3.6654795773524884,
   2.2626361451365002,
   3.8300485582970114,
   3.486537298310003,
   2.2576894159205554,
   2.64664271883649
  ],
  [
   3.8352248920123593,
   2.739067493595222,
   2.1127226899204596,
   3.6654795773524884,
   2.2626361451365002,
   3.8300485582970114,
   3.486537298310003,
   2.2576894159205554,
   2.64664271883649
  ]
 ],
 "leaf_params.disp": [
  [
   "(0.861059339839242-0.3972743007044745j)",
   "(0.2589050642281454-0.1909900117548066j)",
   "(-0.12291414321054422-0.12712254079942412j)"
  ],
  [
   "(0.861059339839242-0.3972743007044745j)",
   "(0.2589050642281454-0.1909900117548066j)",
   "(-0.12291414321054422-0.12712254079942412j)"
  ],
  [
   "(0.861059339839242-0.3972743007044745j)",
   "(0.2589050642281454-0.1909900117548066j)",
   "(-0.12291414321054422-0.12712254079942412j)"
  ],
  [
   "(0.861059339839242-0.3972743007044745j)",
   "(0.2589050642281454-0.1909900117548066j)",
   "(-0.12291414321054422-0.12712254079942412j)"
  ],
  [
   "(0.861059339839242-0.3972743007044745j)",
   "(0.2589050642281454-0.1909900117548066j)",
   "(-0.12291414321054422-0.12712254079942412j)"
  ],
  [
   "(0.861059339839242-0.3972743007044745j)",
   "(0.2589050642281454-0.1909900117548066j)",
   "(-0.12291414321054422-0.12712254079942412j)"
  ],
  [
   "(0.861059339839242-0.3972743007044745j)",
   "(0.2589050642281454-0.1909900117548066j)",
   "(-0.12291414321054422-0.12712254079942412j)"
  ],
  [
   "(0.861059339839242-0.3972743007044745j)",
   "(0.2589050642281454-0.1909900117548066j)",
   "(-0.12291414321054422-0.12712254079942412j)"
  ]
 ],
 "leaf_params.pnr_max": [
  15,
  15,
  15,
  15,
  15,
  15,
  15,
  15
 ],
 "final_gauss.r": -0.7778624972456152,
 "final_gauss.phi": 0.8401103272963236,
 "final_gauss.varphi": -0.9984388533938857,
 "final_gauss.disp": "(-0.2538094327655152-0.27016432060368206j)"
}