{
 "homodyne_x": [
  -0.11630578339099884,
  -0.45963650941848755,
  0.1302611082792282,
  0.33424288034439087,
  -0.12360315769910812,
  0.03142932429909706,
  0.21229366958141327
 ],
 "homodyne_window": 0.1,
 "mix_params": [
  [
   0.7853981633974483,
   0.0,
   0.0
  ],
  [
   0.7853981633974483,
   0.0,
   0.0
  ],
  [
   0.7853981633974483,
   0.0,
   0.0
  ],
  [
   0.7853981633974483,
   0.0,
   0.0
  ],
  [
   0.7853981633974483,
   0.0,
   0.0
  ],
  [
   0.7853981633974483,
   0.0,
   0.0
  ],
  [
   0.7853981633974483,
   0.0,
   0.0
  ]
 ],
 "mix_source": [
  0,
  0,
  0,
  0,
  0,
  0,
  0
 ],
 "leaf_active": [
  true,
  true,
  true,
  false,
  false,
  true,
  false,
  true
 ],
 "leaf_params.n_ctrl": [
  1,
  1,
  1,
  1,
  1,
  1,
  1,
  1
 ],
 "leaf_params.pnr": [
  [
   0,
   3
  ],
  [
   4,
   4
  ],
  [
   4,
   1
  ],
  [
   3,
   0
  ],
  [
   0,
   0
  ],
  [
   0,
   0
  ],
  [
   3,
   2
  ],
  [
   0,
   3
  ]
 ],
 "leaf_params.r": [
  [
   -0.5193342041722808,
   0.28272806857603683,
   0.4954235101413254
  ],
  [
   0.9951329815319857,
   -0.0079964694166509,
   0.22552823618159162
  ],
  [
   0.6455190713734562,
   -0.5810796237740828,
   0.010491346893472931
  ],
  [
   -0.125159398832327,
   -0.5017286277346048,
   -0.5241297823362768
  ],
  [
   -0.33619828257920853,
   -0.022645182826936228,
   -0.3582934972741616
  ],
  [
   0.699486161191166,
   -0.2704169619390946,
   0.20467276904160753
  ],
  [
   -0.12556401604892084,
   0.17165243263829225,
   0.47017954240386584
  ],
  [
   -0.46107586379468013,
   -0.9047514099890734,
   0.3425590271721416
  ]
 ],
 "leaf_params.phases": [
  [
   3.7220960116071913,
   3.476612466511599,
   3.303782553316121,
   3.8015161767192023,
   3.1506126971429533,
   2.7321526300323535,
   2.5500231111635374,
   3.4247557556680395,
   3.9242077053820257
  ],
  [
   2.607361327264494,
   3.681845991138599,
   3.0968593731470846,
   2.430454783080635,
   2.423201882066879,
   2.4414065434667114,
   3.6845989670911483,
   3.9683035356796106,
   3.526644586607896
  ],
  [
   3.6778189367060516,
   3.1830071006820284,
   2.80787304794748,
   2.976333962882799,
   3.308623853417709,
   3.881364660883159,
   3.8142354121021484,
   2.6773055473334275,
   3.3399571262592307
  ],
  [
   2.9852217208716785,
   3.208267607348664,
   2.4807647019429138,
   3.0300169040776095,
   3.5724790708171668,
   3.0809546474458767,
   2.9089294565295933,
   2.2389861818844636,
   3.206332223816669
  ],
  [
   3.913515396103255,
   2.9327664556266138,
   2.5716565091832266,
   2.614538764053465,
   3.7436991286569534,
   2.5398256521004434,
   3.0597526859348907,
   4.123439065834872,
   3.5989546565019337
  ],
  [
   3.119827020559337,
   4.344049747092228,
   1.9629256679048255,
   3.2834551780312786,
   4.021553744881796,
   2.241050654693694,
   3.0336136608232342,
   3.1314054756547796,
   3.754919009181431
  ],
  [
   2.7843361728931892,
   2.982117817099447,
   2.65376766669519,
   2.5165241077269305,
   2.2285926699731364,
   3.7460203069918365,
   3.0138130998649766,
   3.2161395599430462,
   2.6022500318716926
  ],
  [
   1.5087760865581523,
   2.579577065997221,
   3.092914100421212,
   3.382691110519702,
   3.326040427457261,
   2.874925901536219,
   2.812685708195943,
   2.281252450622999,
   3.670384316109383
  ]
 ],
 "leaf_params.disp": [
  [
   "(1.0197811641428174-0.09530058598564246j)",
   "(0.6655941280641741+0.727276928609891j)",
   "(-0.3356039886842291-0.46054506162362174j)"
  ],
  [
   "(0.39755841602835396+0.4693918029498862j)",
   "(0.6676097097065571-0.37496209163933547j)",
   "(0.19832913695307466+0.15100626824575175j)"
  ],
  [
   "(0.7507201452151143-0.3351928204372015j)",
   "(0.08014233840062523+0.1505383765013752j)",
   "(-0.08086843026989728+0.34092218863369717j)"
  ],
  [
   "(-0.5020809217963097+0.06140885070175448j)",
   "(-0.35366191993340557+0.5483271937697702j)",
   "(-0.5598801335169711-0.17840147352660102j)"
  ],
  [
   "(-0.5248690596289031+0.21431625406337138j)",
   "(0.49515995717827715-0.36481142139833816j)",
   "(0.3955763996177104-0.09031364118400852j)"
  ],
  [
   "(0.21070283045345073-0.10036219007118642j)",
   "(-0.41310446701015285+0.314005380611148j)",
   "(0.567267720970675+0.5080554649618048j)"
  ],
  [
   "(0.20663160591980248+0.060369970693445525j)",
   "(0.5571036465842641+0.5704759960719353j)",
   "(0.31881334652074994-0.14933338618189324j)"
  ],
  [
   "(0.4897302427838103+0.01192976318126887j)",
   "(-0.1864109847338943-0.2887590126368661j)",
   "(0.6474273658645221-0.43662990225641407j)"
  ]
 ],
 "leaf_params.pnr_max": [
  15,
  15,
  15,
  15,
  15,
  15,
  15,
  15
 ],
 "final_gauss.r": -0.2761083200705792,
 "final_gauss.phi": 0.3146158726492634,
 "final_gauss.varphi": 0.24667739464733715,
 "final_gauss.disp": "(0.32934981188046547+0.6658643296643293j)"
}