{
 "homodyne_x": [
  0.49888119101524353,
  -0.850534200668335,
  1.2670317888259888,
  0.3458302319049835,
  1.3531805276870728,
  -0.3176984488964081,
  -0.9124157428741455
 ],
 "homodyne_window": 0.1,
 "mix_params": [
  [
   -0.9133548570356762,
   -0.06307880964146766,
   0.35663107372248914
  ],
  [
   -1.0139310324913813,
   -1.3835246297850803,
   0.1745168902970845
  ],
  [
   0.07420456702063315,
   -1.5699487429064336,
   -0.15894835553342357
  ],
  [
   -0.2586725426225049,
   0.19915591437943866,
   -0.40937455305110254
  ],
  [
   -0.322883731639005,
   -0.20908752089032961,
   -0.30379811022404163
  ],
  [
   0.9407506522971666,
   -0.03907178541768886,
   0.021031887226389302
  ],
  [
   -0.42015995340491713,
   -0.05930262646353403,
   -0.22789139741988687
  ]
 ],
 "mix_source": [
  0,
  0,
  0,
  0,
  0,
  0,
  0
 ],
 "leaf_active": [
  true,
  true,
  true,
  true,
  true,
  true,
  true,
  true
 ],
 "leaf_params.n_ctrl": [
  1,
  1,
  1,
  1,
  1,
  1,
  1,
  1
 ],
 "leaf_params.pnr": [
  [
   4,
   3
  ],
  [
   2,
   3
  ],
  [
   0,
   4
  ],
  [
   0,
   0
  ],
  [
   2,
   0
  ],
  [
   0,
   4
  ],
  [
   3,
   0
  ],
  [
   2,
   0
  ]
 ],
 "leaf_params.r": [
  [
   -0.527296781430168,
   0.3735516226369024,
   -0.35549176099522567
  ],
  [
   -0.527296781430168,
   0.3735516226369024,
   -0.35549176099522567
  ],
  [
   -0.527296781430168,
   0.3735516226369024,
   -0.35549176099522567
  ],
  [
   -0.527296781430168,
   0.3735516226369024,
   -0.35549176099522567
  ],
  [
   -0.527296781430168,
   0.3735516226369024,
   -0.35549176099522567
  ],
  [
   -0.527296781430168,
   0.3735516226369024,
   -0.35549176099522567
  ],
  [
   -0.527296781430168,
   0.3735516226369024,
   -0.35549176099522567
  ],
  [
   -0.527296781430168,
   0.3735516226369024,
   -0.35549176099522567
  ]
 ],
 "leaf_params.phases": [
  [
   2.420376902326029,
   3.0418132551189125,
   2.4796861419261305,
   3.340423156153655,
   3.4527702117538768,
   2.068205255939134,
   2.3647560181495035,
   3.5645033913543385,
   3.7242509013937433
  ],
  [
   2.420376902326029,
   3.0418132551189125,
   2.4796861419261305,
   3.340423156153655,
   3.4527702117538768,
   2.068205255939134,
   2.3647560181495035,
   3.5645033913543385,
   3.7242509013937433
  ],
  [
   2.420376902326029,
   3.0418132551189125,
   2.4796861419261305,
   3.340423156153655,
   3.4527702117538768,
   2.068205255939134,
   2.3647560181495035,
   3.5645033913543385,
   3.7242509013937433
  ],
  [
   2.420376902326029,
   3.0418132551189125,
   2.4796861419261305,
   3.340423156153655,
   3.4527702117538768,
   2.068205255939134,
   2.3647560181495035,
   3.5645033913543385,
   3.7242509013937433
  ],
  [
   2.420376902326029,
   3.0418132551189125,
   2.4796861419261305,
   3.340423156153655,
   3.4527702117538768,
   2.068205255939134,
   2.3647560181495035,
   3.5645033913543385,
   3.7242509013937433
  ],
  [
   2.420376902326029,
   3.0418132551189125,
   2.4796861419261305,
   3.340423156153655,
   3.4527702117538768,
   2.068205255939134,
   2.3647560181495035,
   3.5645033913543385,
   3.7242509013937433
  ],
  [
   2.420376902326029,
   3.0418132551189125,
   2.4796861419261305,
   3.340423156153655,
   3.4527702117538768,
   2.068205255939134,
   2.3647560181495035,
   3.5645033913543385,
   3.7242509013937433
  ],
  [
   2.420376902326029,
   3.0418132551189125,
   2.4796861419261305,
   3.340423156153655,
   3.4527702117538768,
   2.068205255939134,
   2.3647560181495035,
   3.5645033913543385,
   3.7242509013937433
  ]
 ],
 "leaf_params.disp": [
  [
   "(1.371715550093706+0.6510425020060252j)",
   "(1.1188225045292466-0.3980644021066091j)",
   "(-0.00603641472611542-0.4921515618329556j)"
  ],
  [
   "(1.371715550093706+0.6510425020060252j)",
   "(1.1188225045292466-0.3980644021066091j)",
   "(-0.00603641472611542-0.4921515618329556j)"
  ],
  [
   "(1.371715550093706+0.6510425020060252j)",
   "(1.1188225045292466-0.3980644021066091j)",
   "(-0.00603641472611542-0.4921515618329556j)"
  ],
  [
   "(1.371715550093706+0.6510425020060252j)",
   "(1.1188225045292466-0.3980644021066091j)",
   "(-0.00603641472611542-0.4921515618329556j)"
  ],
  [
   "(1.371715550093706+0.6510425020060252j)",
   "(1.1188225045292466-0.3980644021066091j)",
   "(-0.00603641472611542-0.4921515618329556j)"
  ],
  [
   "(1.371715550093706+0.6510425020060252j)",
   "(1.1188225045292466-0.3980644021066091j)",
   "(-0.00603641472611542-0.4921515618329556j)"
  ],
  [
   "(1.371715550093706+0.6510425020060252j)",
   "(1.1188225045292466-0.3980644021066091j)",
   "(-0.00603641472611542-0.4921515618329556j)"
  ],
  [
   "(1.371715550093706+0.6510425020060252j)",
   "(1.1188225045292466-0.3980644021066091j)",
   "(-0.00603641472611542-0.4921515618329556j)"
  ]
 ],
 "leaf_params.pnr_max": [
  15,
  15,
  15,
  15,
  15,
  15,
  15,
  15
 ],
 "final_gauss.r": -0.10582089034723971,
 "final_gauss.phi": -1.1070221179044202,
 "final_gauss.varphi": -0.026690512944723487,
 "final_gauss.disp": "(0.908453634512756+0.5552785248254283j)"
}