{
  "group": "00B_c30_a1p41_b1p41",
  "target_alpha": "(1.4142+0j)",
  "target_beta": "(1+1j)",
  "design": "00B",
  "depth": 3,
  "provenance": "output_oldold/experiments/00B_c30_a1p41_b1p41/20260614-142849_p64_i2500#1303",
  "exp_O": 0.9211077895234244,
  "vs_gaussian": -0.0384520959892111,
  "before": {
    "pnr_detections": [
      2,
      2,
      0,
      0,
      2
    ],
    "total_photons": 6,
    "prob": 0.0038220249087637455,
    "architecture": {
      "squeezings_r": [
        1.0785567169497061,
        0.6227982162119773,
        0.6039951372069311,
        0.4952645477630722,
        0.04455075481342973,
        0.023776701684838156
      ],
      "squeezings_db": [
        9.368224611818896,
        5.4095565728010016,
        5.2462351037073525,
        4.301813203516235,
        0.38696293960194533,
        0.20652180679169924
      ],
      "max_squeezing_db": 9.368224611818896,
      "displacements_xp": [
        [
          0.10546506991754553,
          0.009639648529269518
        ],
        [
          0.5200909352260622,
          1.2268912980451545
        ],
        [
          -1.5380758957323806,
          1.5097909381353969
        ],
        [
          -0.028518524302677793,
          -0.042161624984709
        ],
        [
          0.14834505132579923,
          0.029116646711018022
        ],
        [
          1.221878472586995,
          0.5370297223694085
        ]
      ],
      "U_passive_reim": [
        [
          [
            -0.8384136691841146,
            -0.19543399388114724
          ],
          [
            0.0774597603857524,
            -0.1679838037178447
          ],
          [
            -0.21856264237317896,
            0.4148199889746975
          ],
          [
            -0.02495862094070999,
            0.061715194666772305
          ],
          [
            0.018505088714272876,
            0.002972880561953306
          ],
          [
            -0.0018748932372224128,
            -0.004214156192661678
          ]
        ],
        [
          [
            -0.15779148366247303,
            0.3273788961087609
          ],
          [
            0.16658913919552776,
            0.1478092141155425
          ],
          [
            -0.4926077428892902,
            -0.44474230873355225
          ],
          [
            0.3810075650661774,
            0.4822633914714135
          ],
          [
            0.00985954091057446,
            -0.0041817008397254055
          ],
          [
            -0.0023574888691523578,
            -0.0015143133413706524
          ]
        ],
        [
          [
            -0.015624247475591798,
            0.014293221789422553
          ],
          [
            0.6927203762141696,
            0.6389761790091513
          ],
          [
            0.24086025560262453,
            0.2309434311907552
          ],
          [
            0.004744489683492479,
            0.00529697413052259
          ],
          [
            0.000475706361889969,
            -0.0003983238605172083
          ],
          [
            -0.0001522824273967425,
            -4.830599700294894e-05
          ]
        ],
        [
          [
            -0.00018770497877761334,
            -0.005604386002356091
          ],
          [
            -0.00042514584977640786,
            0.0006697406327337873
          ],
          [
            0.0011100772021773093,
            -0.0019105489810702652
          ],
          [
            0.00023099256571621022,
            -0.0002491723205719353
          ],
          [
            -0.0002971896039847096,
            0.0010568870677768048
          ],
          [
            -0.9093073036430267,
            0.41607926002045287
          ]
        ],
        [
          [
            -0.01918761522473738,
            0.011461896019026595
          ],
          [
            0.0030745116365494384,
            -9.824177443585463e-05
          ],
          [
            -0.00862192192336842,
            0.000600472824631498
          ],
          [
            -0.0012685392414838767,
            -0.0001530264643811111
          ],
          [
            -0.9351386284771015,
            0.3534536851385042
          ],
          [
            0.0008403795089371856,
            0.00044623813670981714
          ]
        ],
        [
          [
            -0.11823515053203121,
            -0.3344159555007494
          ],
          [
            -0.16574435054250988,
            0.023421440159674047
          ],
          [
            0.4732533242221652,
            -0.06557299728725902
          ],
          [
            0.78489216171462,
            0.04141904036973354
          ],
          [
            -0.0038421715100195007,
            0.010193719814266634
          ],
          [
            0.0027849365145989485,
            -0.0006818544993645207
          ]
        ]
      ]
    },
    "wigner_negvol": 1.9710610700944708
  },
  "after": {
    "pnr_detections": [
      2,
      2,
      0,
      0,
      2
    ],
    "total_photons": 6,
    "prob": 0.005667462730429812,
    "prob_gain": 0.7263743973783736,
    "architecture": {
      "squeezings_r": [
        1.054528502579971,
        0.8799112133102959,
        0.795579351958618,
        0.7017619593621499,
        4.318767565791672e-14,
        3.3306690738754686e-16
      ],
      "squeezings_db": [
        9.15951819360361,
        7.6428116901091325,
        6.910314449435856,
        6.095426931211915,
        3.7512338448921247e-13,
        2.8929823996598604e-15
      ],
      "max_squeezing_db": 9.15951819360361,
      "displacements_xp": [
        [
          -0.9590137705142956,
          -1.7723094030375717
        ],
        [
          1.6052424379311983,
          -1.5138814878481774
        ],
        [
          0.0,
          0.0
        ],
        [
          1.4186011397305293e-07,
          3.361230271278597e-08
        ],
        [
          -1.9657906903568179,
          -0.6166698773409569
        ],
        [
          0.0,
          0.0
        ]
      ],