{
  "group": "00B_c30_a1p41_b1p41",
  "target_alpha": "(1.4142+0j)",
  "target_beta": "(1+1j)",
  "design": "00B",
  "depth": 3,
  "provenance": "output_oldold/experiments/00B_c30_a1p41_b1p41/20260614-134123_p64_i2500#1301",
  "exp_O": 0.8870954138187921,
  "vs_gaussian": -0.0724644716938436,
  "before": {
    "pnr_detections": [
      0,
      4,
      4,
      0,
      0
    ],
    "total_photons": 8,
    "prob": 1.5373029590779026e-06,
    "architecture": {
      "squeezings_r": [
        0.7125604675329096,
        0.46460421317338835,
        0.4602154269134872,
        0.2957048037154303,
        0.27046112499285085,
        0.1732331952424359
      ],
      "squeezings_db": [
        6.189221581438877,
        4.035500921004093,
        3.9973804079055357,
        2.5684592905179118,
        2.3491954830748156,
        1.5046844155251715
      ],
      "max_squeezing_db": 6.189221581438877,
      "displacements_xp": [
        [
          3.946188942663089,
          2.703420958400831
        ],
        [
          1.6126192361497471,
          1.8252693253216286
        ],
        [
          1.2494965088599972,
          -0.7030971757936731
        ],
        [
          -0.12578990406201235,
          0.4724437559549053
        ],
        [
          -0.841495543018579,
          0.6326600808382349
        ],
        [
          -0.3529400374156784,
          -0.5635368138578615
        ]
      ],
      "U_passive_reim": [
        [
          [
            0.5431493058962629,
            0.6223853405520761
          ],
          [
            0.34482869003355193,
            -0.026859790492312557
          ],
          [
            -0.2757496772817889,
            0.014433384453816419
          ],
          [
            0.024419608556738873,
            -0.34543681887609706
          ],
          [
            0.004728953216705146,
            -0.0020581377802204167
          ],
          [
            0.02156618391387597,
            -0.036554426700160916
          ]
        ],
        [
          [
            -0.07701937967046556,
            -0.05420049457376679
          ],
          [
            -0.027780759346717546,
            -0.07271204766179046
          ],
          [
            0.022817760277484167,
            0.057812239402165885
          ],
          [
            0.08279880796310736,
            -0.13065893657375385
          ],
          [
            0.0005075941353508255,
            -0.002845088400315123
          ],
          [
            0.46005871593994185,
            -0.8634922288419828
          ]
        ],
        [
          [
            -0.08520987432473068,
            0.4620711469559925
          ],
          [
            -0.2686132671703603,
            -0.6133091699767607
          ],
          [
            0.19739359461436734,
            0.4141409798692121
          ],
          [
            0.06675976891788188,
            0.33965400474393914
          ],
          [
            -0.0015396125545280646,
            0.0016670513541165927
          ],
          [
            -0.004079292257285315,
            0.02465410740802134
          ]
        ],
        [
          [
            0.19862461959979183,
            -0.218007649669715
          ],
          [
            0.2856991760238706,
            -0.04324626093899317
          ],
          [
            -0.22773716211264106,
            0.03625187056999142
          ],
          [
            0.7341323910397187,
            0.4434971825820228
          ],
          [
            0.018846915103017194,
            0.007356536998037315
          ],
          [
            -0.17289267774174993,
            -0.10201437343509899
          ]
        ],
        [
          [
            -0.004729741410788963,
            0.0016775917496664645
          ],
          [
            -0.006430408119059847,
            0.00021036121569034238
          ],
          [
            0.005206675173718529,
            -0.00017430701042755737
          ],
          [
            -0.018490234001582333,
            -0.0035533334006636486
          ],
          [
            0.9897668782007101,
            0.14111021121355577
          ],
          [
            0.0010918539999358779,
            9.494014333894635e-05
          ]
        ],
        [
          [
            0.03130263637218939,
            -0.0010289530307833802
          ],
          [
            0.5577477260681515,
            -0.17718213747822337
          ],
          [
            0.7678244006078399,
            -0.2581744412922848
          ],
          [
            0.01769202363241526,
            -0.004509515234413576
          ],
          [
            2.757794361565195e-05,
            9.44750978695699e-05
          ],
          [
            0.0011354159109284966,
            0.00023632109169730226
          ]
        ]
      ]
    },
    "wigner_negvol": 2.9739646659132477
  },
  "after": {
    "pnr_detections": [
      0,
      2,
      2,
      0,
      0
    ],
    "total_photons": 4,
    "prob": 0.014831042623081166,
    "prob_gain": 510.03737800082126,
    "architecture": {
      "squeezings_r": [
        1.2602780154467255,
        1.0546279001422667,
        0.5918254774488527,
        1.7763568394002473e-15,
        9.992007221626399e-16,
        1.1102230246251564e-16
      ],
      "squeezings_db": [
        10.946635755449881,
        9.160381549860002,
        5.140530782115883,
        1.5429239464852566e-14,
        8.678947198979576e-15,
        9.64327466553287e-16
      ],
      "max_squeezing_db": 10.946635755449881,
      "displacements_xp": [
        [
          0.0,
          0.0
        ],
        [
          -0.5143590383234417,
          1.6263751639931225
        ],
        [
          -0.20623010842457418,
          -0.34040250422058715
        ],
        [
          -4.269253651058325e-08,
          5.4081700746088396e-08
        ],
        [
          0.0,
          0.0
        ],
        [
          0.0,
          0.0
        ]
      ],