{
  "group": "00B_c30_a1p41_b1p41",
  "target_alpha": "(1.4142+0j)",
  "target_beta": "(1+1j)",
  "design": "00B",
  "depth": 3,
  "provenance": "output_oldold/experiments/00B_c30_a1p41_b1p41/20260614-142849_p64_i2500#1304",
  "exp_O": 0.9591023722883616,
  "vs_gaussian": -0.0004575132242742,
  "before": {
    "pnr_detections": [
      2,
      2,
      0,
      0,
      2
    ],
    "total_photons": 6,
    "prob": 0.0040493516469236315,
    "architecture": {
      "squeezings_r": [
        1.07397858913993,
        0.7099261091133174,
        0.5951355337781675,
        0.45988583609253814,
        0.019350266169695225,
        0.010441361022588516
      ],
      "squeezings_db": [
        9.328459498914226,
        6.166339834939192,
        5.16928156608809,
        3.9945176184090525,
        0.16807427641715617,
        0.09069250951339775
      ],
      "max_squeezing_db": 9.328459498914226,
      "displacements_xp": [
        [
          0.3035556231808629,
          -0.0159071441364681
        ],
        [
          0.5694352878207695,
          1.1810040887295081
        ],
        [
          -1.9063536191670418,
          1.839223400327787
        ],
        [
          -0.007797984562730414,
          0.17824682384956145
        ],
        [
          0.05864743581081719,
          -0.036361924025084945
        ],
        [
          1.2361969249914657,
          0.559965767095604
        ]
      ],
      "U_passive_reim": [
        [
          [
            -0.8396501471098161,
            -0.19920379456981774
          ],
          [
            -0.002169382664366376,
            0.019648089178365462
          ],
          [
            -0.22319438223777968,
            0.4260412568663774
          ],
          [
            0.07080092521624107,
            -0.1362354845540785
          ],
          [
            -0.0018682944652623215,
            -0.0009316706698980439
          ],
          [
            -0.00029220636958038207,
            -0.003243156022944663
          ]
        ],
        [
          [
            -0.15661947810644927,
            0.31673809096451977
          ],
          [
            -0.009941104559696254,
            -0.01092335985559561
          ],
          [
            -0.5801694255655104,
            -0.537161206659404
          ],
          [
            -0.311792631571982,
            -0.3906031132066572
          ],
          [
            -0.0011483217642310579,
            0.000309395748212053
          ],
          [
            -0.001405719160931475,
            -0.0012742034123913986
          ]
        ],
        [
          [
            0.009775642456266633,
            -0.0028912885659352645
          ],
          [
            0.738323832335666,
            0.6739218048855006
          ],
          [
            -0.016682930669793258,
            -0.017589440765126294
          ],
          [
            0.0025244579752584954,
            0.003051673825415013
          ],
          [
            2.2807729265082614e-05,
            -1.4470142984101364e-05
          ],
          [
            3.8499099580198706e-05,
            1.8839026899065237e-05
          ]
        ],
        [
          [
            0.0014031153133140751,
            0.003824027841900675
          ],
          [
            -2.5596934323448386e-05,
            9.416512231123243e-06
          ],
          [
            -0.00045134710827811526,
            0.0012846533244315755
          ],
          [
            0.0002625841789014975,
            -0.000504163648865245
          ],
          [
            0.00016236950624079737,
            8.356350284618457e-05
          ],
          [
            0.8920908189710639,
            -0.4518353323010668
          ]
        ],
        [
          [
            0.0017451634954918308,
            -0.0019034400486097024
          ],
          [
            1.237106786145406e-05,
            1.049952815341077e-05
          ],
          [
            0.0008519297493613826,
            -0.00016339965363053408
          ],
          [
            -0.0003596870189646162,
            2.3206599849776195e-05
          ],
          [
            -0.924914900133626,
            0.38016423332932425
          ],
          [
            5.251785480592163e-05,
            -0.00017061605175759263
          ]
        ],
        [
          [
            -0.10721350182588565,
            -0.3447185535873134
          ],
          [
            0.009901547408065411,
            0.0006155297730800772
          ],
          [
            0.3748374447819548,
            -0.04940613058582234
          ],
          [
            -0.8511706117742988,
            -0.04619670543826915
          ],
          [
            0.0007339817054242075,
            -0.001112429524276415
          ],
          [
            0.00213688989846976,
            1.0108523684807289e-05
          ]
        ]
      ]
    },
    "wigner_negvol": 1.8039426985680116
  },
  "after": {
    "pnr_detections": [
      2,
      2,
      0,
      0,
      2
    ],
    "total_photons": 6,
    "prob": 0.006171142911443947,
    "prob_gain": 0.7767616563788108,
    "architecture": {
      "squeezings_r": [
        1.0544034394932547,
        0.8783418768853178,
        0.6708010166970712,
        0.5545936632357436,
        2.2426505097423134e-13,
        3.3306690738754686e-16
      ],
      "squeezings_db": [
        9.158431909434595,
        7.629180607116777,
        5.826503600132582,
        4.817139352835875,
        1.947941482437203e-12,
        2.8929823996598604e-15
      ],
      "max_squeezing_db": 9.158431909434595,
      "displacements_xp": [
        [
          -1.0759885301627228,
          -1.6867477289925439
        ],
        [
          -1.8237786260734332,
          1.819634539228228
        ],
        [
          -6.813090758519594e-11,
          1.8826075799047096e-09
        ],
        [
          1.9453941818898343e-07,
          -1.2191181138191375e-07
        ],
        [
          -1.995293070071232,
          -0.7122271298551369
        ],
        [
          0.0,
          0.0
        ]
      ],