{
  "group": "B30_c30_a1p41_b1p41",
  "target_alpha": "(1.4142135623730951+0j)",
  "target_beta": "(1+1j)",
  "design": "B30",
  "depth": 4,
  "provenance": "output/experiments/B30_c30_a1p41_b1p41/20260710-040236_p64_i300#25",
  "exp_O": 0.7268291009646016,
  "vs_gaussian": -0.2327308990353983,
  "before": {
    "pnr_detections": [
      4,
      2
    ],
    "total_photons": 6,
    "prob": 0.007534817831224107,
    "architecture": {
      "squeezings_r": [
        1.862488762193272,
        1.5390910017883552,
        1.4204761362175333
      ],
      "squeezings_db": [
        16.177371840547117,
        13.368374584472612,
        12.338098952690531
      ],
      "max_squeezing_db": 16.177371840547117,
      "displacements_xp": [
        [
          0.0,
          0.0
        ],
        [
          0.0,
          0.0
        ],
        [
          0.0,
          0.0
        ]
      ],
      "U_passive_reim": [
        [
          [
            0.08164271147845174,
            0.7065577882003862
          ],
          [
            -0.16360768317485197,
            -0.004740099557837733
          ],
          [
            0.6752887931481928,
            0.10632809086323909
          ]
        ],
        [
          [
            -0.48393311795881383,
            0.08833375583923321
          ],
          [
            0.6682505349801386,
            -0.08828481243617962
          ],
          [
            0.2077307484483848,
            -0.5103928246585526
          ]
        ],
        [
          [
            -0.5012003765188722,
            0.030242802369526818
          ],
          [
            -0.6797383487079103,
            0.23835446114987863
          ],
          [
            -0.05928780596398083,
            -0.4748804477886516
          ]
        ]
      ]
    },
    "wigner_negvol": 3.8836581001154333
  },
  "after": {
    "pnr_detections": [
      2,
      2
    ],
    "total_photons": 4,
    "prob": 0.030655427348714244,
    "prob_gain": 4.173449359621832,
    "architecture": {
      "squeezings_r": [
        1.2976554974006993,
        1.221510459082979,
        0.9899864666845105
      ],
      "squeezings_db": [
        11.271292438650864,
        10.609905039336914,
        8.598913192799607
      ],
      "max_squeezing_db": 11.271292438650864,
      "displacements_xp": [
        [
          0.0,
          0.0
        ],
        [
          0.0,
          0.0
        ],
        [
          0.0,
          0.0
        ]
      ],
      "U_passive_reim": [
        [
          [
            0.47024458301878824,
            -0.18564199032176137
          ],
          [
            0.21722722524464255,
            0.452495464455804
          ],
          [
            -0.6640647662244799,
            0.22690362952039184
          ]
        ],
        [
          [
            0.5158829151168395,
            -0.13346219406662196
          ],
          [
            0.08043569924969651,
            0.4523928251243534
          ],
          [
            0.7038434968894571,
            -0.09761056599628448
          ]
        ],
        [
          [
            0.6785698213695833,
            0.0016558208803647261
          ],
          [
            0.002869965072944623,
            -0.7327501488380179
          ],
          [
            -0.031929558202242296,
            -0.03987156599653363
          ]
        ]
      ]
    },
    "state_source": "architecture_rule",
    "wigner_negvol": 3.5500365304940638
  },
  "k_eff_before": 2,
  "k_eff_after": 2,
  "herald_cutoff": 30
}