{
  "group": "B30_c30_a1p41_b1p41",
  "target_alpha": "(1.4142135623730951+0j)",
  "target_beta": "(1+1j)",
  "design": "B30",
  "depth": 5,
  "provenance": "output/experiments/B30_c30_a1p41_b1p41/20260710-143844_p64_i300#1",
  "exp_O": 0.5029196909844871,
  "vs_gaussian": -0.4566403090155129,
  "before": {
    "pnr_detections": [
      6,
      6,
      0,
      6
    ],
    "total_photons": 18,
    "prob": 9.62292036185266e-09,
    "architecture": {
      "squeezings_r": [
        1.8533061165671216,
        1.5961573830174798,
        1.381574570728405,
        1.1368160213263017,
        1.045733516064813
      ],
      "squeezings_db": [
        16.097612394052916,
        13.864046873872534,
        12.000204248104005,
        9.874258500024446,
        9.083125911364675
      ],
      "max_squeezing_db": 16.097612394052916,
      "displacements_xp": [
        [
          0.15332660274092516,
          0.15452267003166706
        ],
        [
          -0.014493289702760481,
          -0.07409996229481347
        ],
        [
          -0.25168425767171143,
          -0.3015461749893321
        ],
        [
          1.3847329931649652,
          -3.901860702201181
        ],
        [
          0.014631969809023454,
          0.44643554671198826
        ]
      ],
      "U_passive_reim": [
        [
          [
            -0.006782032166439682,
            -0.007238612048116733
          ],
          [
            0.6216352106957874,
            0.4982436002170009
          ],
          [
            -0.2716687289356421,
            0.19833928563846923
          ],
          [
            -0.1408093555516888,
            -0.41837457792143096
          ],
          [
            0.17602886573629087,
            0.16196139063989018
          ]
        ],
        [
          [
            -0.001594627314426386,
            0.004422403509588625
          ],
          [
            0.1834169241143838,
            -0.42510336155797485
          ],
          [
            -0.2843497905977928,
            0.29092273255716644
          ],
          [
            0.6024298723177816,
            -0.2418965717340451
          ],
          [
            -0.4256908153680183,
            0.13222727008346288
          ]
        ],
        [
          [
            -0.0022478794377615977,
            0.02045849773840164
          ],
          [
            -0.15068891851193789,
            0.07164596386672105
          ],
          [
            0.0953045349376301,
            0.27366669031096036
          ],
          [
            0.27939502548474426,
            -0.32593825638139384
          ],
          [
            0.3279364636129825,
            -0.7719585736531758
          ]
        ],
        [
          [
            0.9935206501564028,
            -0.1112259321237255
          ],
          [
            0.008111622753489397,
            -0.004697232187950982
          ],
          [
            -0.006012421535751832,
            0.005616417555845322
          ],
          [
            0.006446044364092366,
            0.004769654766364142
          ],
          [
            0.01799511184749276,
            0.0013523380724200823
          ]
        ],
        [
          [
            0.0008172955035267814,
            -0.0008629708137432666
          ],
          [
            -0.3145816505357602,
            0.15517271679685973
          ],
          [
            -0.43499041297807284,
            0.6694072193009442
          ],
          [
            -0.3143190571386347,
            0.3170830134949842
          ],
          [
            -0.18872264653199386,
            -0.06842054765079021
          ]
        ]
      ]
    },
    "wigner_negvol": 2.520832204585783
  },
  "after": {
    "pnr_detections": [
      2,
      2,
      0,
      2
    ],
    "total_photons": 6,
    "prob": 0.004148697626637484,
    "prob_gain": 152180.64358789712,
    "architecture": {
      "squeezings_r": [
        1.3969271042524465,
        1.2720766320323988,
        0.9753629091876345,
        0.9342603504508786,
        4.107825191113063e-15
      ],
      "squeezings_db": [
        12.133554659958522,
        11.049117236994883,
        8.471894586265844,
        8.114882297236298,
        3.568011626247148e-14
      ],
      "max_squeezing_db": 12.133554659958522,
      "displacements_xp": [
        [
          0.010023010022855428,
          0.1558239681915212
        ],
        [
          -0.306640822352053,
          0.45298606191419055
        ],
        [
          -3.7275923647915983e-08,
          -3.7280887688401484e-07
        ],
        [
          -0.2611253140606893,
          0.43073596232498057
        ],
        [
          0.0,
          0.0
        ]
      ],
      "U_passive_reim": [
        [
          [
            -0.25468578789704177,
            0.4095862606395468
          ],
          [
            0.07542837495014204,
            0.40906710829537857
          ],
          [
            0.0039382333685937555,
            -0.026814197195686524
          ],
          [
            -0.7618064418130367,
            0.11517525802298824
          ],
          [
            4.656950370732675e-10,
            -2.0846417539961184e-10
          ]
        ],
        [
          [
            -0.14080802911734486,
            -0.3823150688063343
          ],
          [
            -0.2970301765073255,
            0.3189582953924831
          ],
          [
            -0.47801901328563823,
            0.5221577105634857
          ],
          [
            0.019607791480879398,
            0.37750715210948527
          ],
          [
            6.938853138640712e-10,
            4.213849076677003e-10
          ]
        ],
        [
          [
            1.2506527906179472e-10,
            4.821716872917851e-10
          ],
          [
            3.139135941104041e-11,
            6.190733342241879e-10
          ],
          [
            -4.9269955831954e-11,
            1.0822830520274495e-09
          ],
          [
            -1.8293703354305454e-10,
            -1.9125962223357954e-10
          ],
          [
            -0.9348499349762917,
            0.3550430946727748
          ]
        ],
        [
          [
            0.007944762830786465,
            0.4409654236769618
          ],
          [
            0.33685282936499084,
            -0.19776322291665605
          ],
          [
            -0.6091246323620532,
            0.35486695581765904
          ],
          [
            0.08773883885695445,
            -0.38502568349385957
          ],
          [
            7.36862397791025e-10,
            3.2511405096858437e-10
          ]
        ],
        [
          [
            0.13403089353676617,
            -0.6236221829609415
          ],
          [
            0.6853873702219395,
            0.12115020824688008
          ],
          [
            -0.03362492686297066,
            0.004541761241201104
          ],
          [
            -0.2746185886317827,
            -0.17925188912515194
          ],
          [
            -2.841418467204598e-10,
            -4.768711571344418e-10
          ]
        ]
      ]
    },
    "state_source": "architecture_rule",
    "wigner_negvol": 1.759172467543203
  },
  "k_eff_before": 3,
  "k_eff_after": 3,
  "herald_cutoff": 44
}