{
  "group": "B30_c30_a1p41_b1p41",
  "target_alpha": "(1.4142135623730951+0j)",
  "target_beta": "(1+1j)",
  "design": "B30",
  "depth": 3,
  "provenance": "output/experiments/B30_c30_a1p41_b1p41/20260709-145808_p64_i4000#8005",
  "exp_O": 0.5288920470914018,
  "vs_gaussian": -0.4306679529085981,
  "before": {
    "pnr_detections": [
      6,
      6,
      0,
      6
    ],
    "total_photons": 18,
    "prob": 1.3896409705764553e-05,
    "architecture": {
      "squeezings_r": [
        1.8642717376417304,
        1.6613161510087662,
        1.6429664375010695,
        1.4395476994708398,
        1.2378313944723336
      ],
      "squeezings_db": [
        16.192858568519803,
        14.430008741597131,
        14.270625155179166,
        12.503752446334127,
        10.751666882918837
      ],
      "max_squeezing_db": 16.192858568519803,
      "displacements_xp": [
        [
          0.09974997752446875,
          0.02980007390339032
        ],
        [
          0.058782973859999074,
          -0.09683691091912391
        ],
        [
          -0.24365837723567232,
          -0.2335361345160694
        ],
        [
          0.0007478415579315874,
          -0.003992633918737648
        ],
        [
          0.032315276549365626,
          0.29441157059366996
        ]
      ],
      "U_passive_reim": [
        [
          [
            -0.0011208497230871643,
            -0.0019175602226099754
          ],
          [
            -0.06238979966482497,
            -0.3906126546737109
          ],
          [
            -0.5758743630420322,
            -0.16667882650136379
          ],
          [
            -0.045208538844681775,
            -0.20941491974143853
          ],
          [
            -0.40832030841218403,
            -0.5210444563525166
          ]
        ],
        [
          [
            -0.00031962058776002306,
            0.0008848604296088487
          ],
          [
            0.07466188085285899,
            -0.015833596619051458
          ],
          [
            -0.42680725527624486,
            0.6410200149800106
          ],
          [
            0.11620466377027978,
            -0.05585491535242997
          ],
          [
            0.5926141166066051,
            -0.182450366446577
          ]
        ],
        [
          [
            -0.0007128828709593585,
            0.006972600308619587
          ],
          [
            -0.023733684995745075,
            -0.33007000388132657
          ],
          [
            0.15004048738902817,
            0.010301182955354158
          ],
          [
            0.09384255833625971,
            -0.8562905653946157
          ],
          [
            0.0969976036797524,
            0.34113725081335877
          ]
        ],
        [
          [
            0.8571162105791797,
            -0.5150690205912708
          ],
          [
            0.00031347710168171843,
            -0.000951303470070364
          ],
          [
            -0.0004945206663231817,
            0.0022466246831997425
          ],
          [
            0.005202705324159735,
            -0.0030983141682154715
          ],
          [
            -0.0020275267361808424,
            0.002938011598459842
          ]
        ],
        [
          [
            0.0005537404339665807,
            -0.0006746313118126567
          ],
          [
            0.5378107120018272,
            -0.6625355139283953
          ],
          [
            0.07452162403715769,
            0.13906389710181075
          ],
          [
            -0.31703451725118936,
            0.3080434595852189
          ],
          [
            -0.02144609510562069,
            0.22594631229645395
          ]
        ]
      ]
    },
    "wigner_negvol": 2.410925442430164
  },
  "after": {
    "pnr_detections": [
      2,
      2,
      0,
      2
    ],
    "total_photons": 6,
    "prob": 0.003135745840262501,
    "prob_gain": 122.31039193481577,
    "architecture": {
      "squeezings_r": [
        1.3767074477451373,
        1.2474627947424297,
        1.038845301644776,
        0.9500022557152172,
        7.263861729053766e-10
      ],
      "squeezings_db": [
        11.95792895501645,
        10.835324162724921,
        9.023295641108907,
        8.251614749055216,
        6.3093101324725284e-09
      ],
      "max_squeezing_db": 11.95792895501645,
      "displacements_xp": [
        [
          0.05461138038840878,
          -0.07083580888790397
        ],
        [
          0.04017990964615955,
          0.2605248055042771
        ],
        [
          -8.19386983223758e-08,
          -1.4329213015103098e-07
        ],
        [
          -0.0715414060943554,
          0.16751429168951681
        ],
        [
          0.0,
          0.0
        ]
      ],
      "U_passive_reim": [
        [
          [
            -0.26219125453793946,
            0.41701333939737373
          ],
          [
            0.07442351211649284,
            0.423030405857339
          ],
          [
            -0.011459656915976408,
            0.020947016125034183
          ],
          [
            0.7377959441234602,
            -0.16717978641775158
          ],
          [
            7.156597855298627e-08,
            -4.367199273884838e-08
          ]
        ],
        [
          [
            -0.19252701597870137,
            -0.3593518203168194
          ],
          [
            -0.22304712608389837,
            0.36572204859312596
          ],
          [
            0.1496913487802806,
            -0.6847615080388805
          ],
          [
            -0.11710290584027352,
            -0.38115359990994263
          ],
          [
            -3.640630457925167e-08,
            3.2035917776472336e-08
          ]
        ],
        [
          [
            5.680890331567599e-08,
            9.57898484287895e-08
          ],
          [
            3.524852371967266e-08,
            6.141261673899239e-08
          ],
          [
            7.726805739604269e-09,
            -2.111629772436479e-08
          ],
          [
            5.7017528700753444e-08,
            6.79102006611857e-08
          ],
          [
            -0.8571377809323211,
            0.515087200868348
          ]
        ],
        [
          [
            -0.07352678008051226,
            0.4231599717949257
          ],
          [
            0.3712428205953913,
            -0.13477949509979398
          ],
          [
            0.5429647422914226,
            -0.4614388822254552
          ],
          [
            -0.11994232191704353,
            0.37070202690382814
          ],
          [
            8.392047054969627e-08,
            -2.9306618037361966e-09
          ]
        ],
        [
          [
            0.3640119764627539,
            -0.52362197245243
          ],
          [
            0.5803736449866269,
            0.37307300538224514
          ],
          [
            0.01960332258670913,
            0.001797868176402448
          ],
          [
            0.21361515338133016,
            0.266981871062713
          ],
          [
            -6.295112250168147e-09,
            -9.650801053839159e-08
          ]
        ]
      ]
    },
    "state_source": "architecture_rule",
    "wigner_negvol": 1.7123079022246976
  },
  "k_eff_before": 3,
  "k_eff_after": 3,
  "herald_cutoff": 44
}