{
  "group": "B30_c30_a1p41_b1p41",
  "target_alpha": "(1.4142135623730951+0j)",
  "target_beta": "(1+1j)",
  "design": "B30",
  "depth": 3,
  "provenance": "output/experiments/B30_c30_a1p41_b1p41/20260708-023945_p64_i4000#6027",
  "exp_O": 0.9325646205837356,
  "vs_gaussian": -0.0269953794162645,
  "before": {
    "pnr_detections": [
      8,
      0
    ],
    "total_photons": 8,
    "prob": 0.025482727618210837,
    "architecture": {
      "squeezings_r": [
        1.7943015161377136,
        1.6069508911124941,
        0.5377852332475399
      ],
      "squeezings_db": [
        15.585104946584952,
        13.95779809399339,
        4.671143184969195
      ],
      "max_squeezing_db": 15.585104946584952,
      "displacements_xp": [
        [
          0.0,
          2.563823249083448
        ],
        [
          0.0,
          0.0
        ],
        [
          0.0,
          0.0
        ]
      ],
      "U_passive_reim": [
        [
          [
            -0.08391507925085666,
            0.4103125089318787
          ],
          [
            0.9062650269224624,
            0.0026501822102738613
          ],
          [
            0.0021296285398992886,
            0.05721928592801451
          ]
        ],
        [
          [
            0.4936824201887572,
            -0.7496428559964241
          ],
          [
            0.3908841187456558,
            0.16018559613640682
          ],
          [
            0.07446133286788509,
            -0.10158221724538977
          ]
        ],
        [
          [
            3.6757471639926536e-05,
            -0.13753239468333667
          ],
          [
            -0.00021434323432892896,
            -0.015060281249515074
          ],
          [
            -0.00022599182314755499,
            0.9903827189399635
          ]
        ]
      ]
    },
    "wigner_negvol": 3.4846314975505597
  },
  "after": {
    "pnr_detections": [
      4,
      0
    ],
    "total_photons": 4,
    "prob": 0.07853044430613745,
    "prob_gain": 2.5070931282993234,
    "architecture": {
      "squeezings_r": [
        1.5141285572412035,
        1.3153798476471614,
        3.2196467714129437e-15
      ],
      "squeezings_db": [
        13.151553546039734,
        11.425244188798045,
        2.7965496530045238e-14
      ],
      "max_squeezing_db": 13.151553546039734,
      "displacements_xp": [
        [
          0.0,
          0.0
        ],
        [
          0.0,
          0.0
        ],
        [
          0.0,
          0.0
        ]
      ],
      "U_passive_reim": [
        [
          [
            0.44698432092350615,
            -0.6316466535897621
          ],
          [
            -0.5170572620872222,
            -0.36589521666765945
          ],
          [
            2.108678518611849e-10,
            4.3689422500486605e-09
          ]
        ],
        [
          [
            2.9074872484823225e-12,
            -5.771930470113731e-09
          ],
          [
            1.457447036448026e-10,
            -6.154216175193627e-12
          ],
          [
            -0.6152188005270236,
            -0.7883564089154659
          ]
        ],
        [
          [
            0.3004750618575588,
            0.5576219678770772
          ],
          [
            -0.6812012436608564,
            0.36706585754806387
          ],
          [
            -3.449459649605082e-09,
            -1.5184119147472894e-09
          ]
        ]
      ]
    },
    "state_source": "core_exact",
    "wigner_negvol": 5.498384158665313
  },
  "k_eff_before": 1,
  "k_eff_after": 1,
  "herald_cutoff": 30
}