{
  "group": "B30_c30_a1p41_b1p41",
  "target_alpha": "(1.4142135623730951+0j)",
  "target_beta": "(1+1j)",
  "design": "B30",
  "depth": 5,
  "provenance": "output/experiments/B30_c30_a1p41_b1p41/20260709-051548_p64_i300#17",
  "exp_O": 0.5753396788359506,
  "vs_gaussian": -0.3842203211640493,
  "before": {
    "pnr_detections": [
      6,
      6,
      2
    ],
    "total_photons": 14,
    "prob": 0.00020380613326104432,
    "architecture": {
      "squeezings_r": [
        1.886490021091576,
        1.5591422315109746,
        1.5173830793406595,
        1.5170266499962046
      ],
      "squeezings_db": [
        16.385844126512414,
        13.542537352950772,
        13.179821965820251,
        13.176726059870548
      ],
      "max_squeezing_db": 16.385844126512414,
      "displacements_xp": [
        [
          0.009441051246039755,
          2.52788719757346
        ],
        [
          -0.11949148912242545,
          0.09293316319257452
        ],
        [
          0.1214830453190354,
          -0.10480440772266646
        ],
        [
          -0.001846127608109894,
          -0.012263619402781034
        ]
      ],
      "U_passive_reim": [
        [
          [
            0.1803384459886832,
            0.7231172071007772
          ],
          [
            -0.6595053497838474,
            0.01381835475453946
          ],
          [
            0.00010024080809345981,
            2.6840221850073577e-06
          ],
          [
            0.09712078964192998,
            0.0029729674444044906
          ]
        ],
        [
          [
            -0.15514559310702267,
            -0.31318708817204793
          ],
          [
            -0.2887379168035149,
            0.17905916226457722
          ],
          [
            0.0010737125912479268,
            0.0011602994820539153
          ],
          [
            0.6147776893290504,
            0.6200466257471879
          ]
        ],
        [
          [
            -0.13559946835318254,
            -0.3138938910864972
          ],
          [
            -0.40212569624062633,
            0.03492359692972222
          ],
          [
            -0.5014257841077219,
            -0.6219503196909777
          ],
          [
            -0.13853157303614122,
            -0.25043494616721085
          ]
        ],
        [
          [
            -0.1797571059037664,
            -0.4161658739408558
          ],
          [
            -0.533269821403332,
            0.0461361340857374
          ],
          [
            0.37757042657527323,
            0.46817523069356576
          ],
          [
            -0.18557343087348482,
            -0.33436975199748986
          ]
        ]
      ]
    },
    "wigner_negvol": 3.4552194748147897
  },
  "after": {
    "pnr_detections": [
      2,
      2,
      2
    ],
    "total_photons": 6,
    "prob": 0.008112473102331583,
    "prob_gain": 29.015717275119748,
    "architecture": {
      "squeezings_r": [
        1.3591266661574015,
        1.3469088698870402,
        0.9976420565527324,
        0.9960400080651033
      ],
      "squeezings_db": [
        11.80522422639445,
        11.69910179636973,
        8.66540880150927,
        8.651493585150895
      ],
      "max_squeezing_db": 11.80522422639445,
      "displacements_xp": [
        [
          -0.023332543826482133,
          0.012368291973688456
        ],
        [
          0.01682884163849258,
          -0.017366640478984192
        ],
        [
          0.0012424693723163476,
          -0.005826945850641502
        ],
        [
          0.0,
          0.0
        ]
      ],
      "U_passive_reim": [
        [
          [
            0.3362309455450087,
            -0.23307873866880194
          ],
          [
            -0.22720611933880305,
            -0.33744647007906464
          ],
          [
            -0.4610216515356586,
            -0.5168828566516448
          ],
          [
            0.2890014392308529,
            0.3223346544231867
          ]
        ],
        [
          [
            0.35234931005353065,
            -0.2097503884537462
          ],
          [
            -0.20921602031543537,
            -0.34799542984934523
          ],
          [
            0.448352799242919,
            0.5643169772875974
          ],
          [
            0.2417075372052668,
            0.2984730455331568
          ]
        ],
        [
          [
            0.35542275364633535,
            -0.2105654992850029
          ],
          [
            -0.20926181356242782,
            -0.3459686637932144
          ],
          [
            -0.019412523392470637,
            -0.02067334572176601
          ],
          [
            -0.5099740256537735,
            -0.6363758902014648
          ]
        ],
        [
          [
            -0.5170541434763393,
            0.4758882647240162
          ],
          [
            -0.4817896784180315,
            -0.5234777737794328
          ],
          [
            0.002838193928639228,
            -0.0022309725293881014
          ],
          [
            -0.004670201768575168,
            0.0005049484417721194
          ]
        ]
      ]
    },
    "state_source": "architecture_rule",
    "wigner_negvol": 2.991442986479609
  },
  "k_eff_before": 3,
  "k_eff_after": 3,
  "herald_cutoff": 36
}