{
  "group": "B30_c30_a1p41_b1p41",
  "target_alpha": "(1.4142135623730951+0j)",
  "target_beta": "(1+1j)",
  "design": "B30",
  "depth": 3,
  "provenance": "output/experiments/B30_c30_a1p41_b1p41/20260708-062904_p64_i300#57",
  "exp_O": 0.6947307789332655,
  "vs_gaussian": -0.2648292210667344,
  "before": {
    "pnr_detections": [
      8,
      0,
      8,
      0
    ],
    "total_photons": 16,
    "prob": 0.0005588092065882752,
    "architecture": {
      "squeezings_r": [
        1.7857843583993587,
        1.3727637154207384,
        0.968299980827635,
        0.06679593591494287,
        0.06649464549084295
      ],
      "squeezings_db": [
        15.511125854439607,
        11.923674131284653,
        8.410546770009327,
        0.5801821276284586,
        0.5775651522557208
      ],
      "max_squeezing_db": 15.511125854439607,
      "displacements_xp": [
        [
          0.0,
          0.0
        ],
        [
          0.0,
          0.0
        ],
        [
          0.0,
          0.0
        ],
        [
          0.0,
          0.0
        ],
        [
          0.0,
          0.0
        ]
      ],
      "U_passive_reim": [
        [
          [
            -0.05151628565370428,
            0.4227836491678851
          ],
          [
            0.7174140190903463,
            0.21504325772347685
          ],
          [
            0.44872877206219935,
            -0.23638210961805378
          ],
          [
            0.0013866441611560694,
            -0.020491506579257968
          ],
          [
            -0.0022675904672343834,
            -0.0035498753029355274
          ]
        ],
        [
          [
            0.5547044895296785,
            -0.7132959620424033
          ],
          [
            0.21887824611481235,
            0.2500595658995536
          ],
          [
            0.2679648608359393,
            0.005427200080238895
          ],
          [
            -0.01648302512211234,
            -0.023635983109860013
          ],
          [
            0.017457248353489115,
            0.010227425438203555
          ]
        ],
        [
          [
            -0.0013275844423026126,
            0.03086977777623626
          ],
          [
            -0.008830547222982175,
            0.011566231031787009
          ],
          [
            -0.0070879800707447805,
            0.015356561344469784
          ],
          [
            -0.8045342857326498,
            -4.2168250957326083e-07
          ],
          [
            0.5926819252833238,
            0.0004394999144085649
          ]
        ],
        [
          [
            -0.018114502054098213,
            -0.028765061277603997
          ],
          [
            0.4383677439255842,
            -0.36829519594825627
          ],
          [
            -0.07026476690873483,
            0.815874835051491
          ],
          [
            -0.004942228228419043,
            -0.013281257765012539
          ],
          [
            -0.01350639010996525,
            -0.008042502815246036
          ]
        ],
        [
          [
            0.0008767799318483238,
            -0.0009054280345289446
          ],
          [
            -0.005171626577903348,
            0.024288209921055418
          ],
          [
            -0.006530630574916152,
            -0.003710757332386643
          ],
          [
            -0.5926798985789055,
            0.0014591211831922956
          ],
          [
            -0.8050164982525798,
            0.0014751493939137211
          ]
        ]
      ]
    },
    "wigner_negvol": 2.7791236381926154
  },
  "after": {
    "pnr_detections": [
      4,
      0,
      4,
      0
    ],
    "total_photons": 8,
    "prob": 0.006874380299488758,
    "prob_gain": 6.245351616906365,
    "architecture": {
      "squeezings_r": [
        1.6074371327601786,
        1.5279925604901852,
        1.1371894438733674,
        1.4432899320127013e-15,
        1.665334536937735e-16
      ],
      "squeezings_db": [
        13.962021535282606,
        13.271974748202162,
        9.877502007056624,
        1.2536257065192713e-14,
        1.4464911998299308e-15
      ],
      "max_squeezing_db": 13.962021535282606,
      "displacements_xp": [
        [
          0.0,
          0.0
        ],
        [
          0.0,
          0.0
        ],
        [
          0.0,
          0.0
        ],
        [
          0.0,
          0.0
        ],
        [
          0.0,
          0.0
        ]
      ],
      "U_passive_reim": [
        [
          [
            0.35359270828358297,
            0.04718727297522992
          ],
          [
            -0.25806290259610554,
            0.6918952290681933
          ],
          [
            0.5502612990300061,
            -0.1569795878577718
          ],
          [
            5.835664573821314e-10,
            -9.732774877360383e-10
          ],
          [
            1.8229422933642403e-09,
            2.677997552969178e-09
          ]
        ],
        [
          [
            -3.3623106604408337e-10,
            1.0104314962974313e-09
          ],
          [
            -1.9131960192031757e-10,
            -1.3858666735906185e-09
          ],
          [
            -4.05314501592984e-10,
            1.8641692075753063e-09
          ],
          [
            -0.00539779581508699,
            0.4675270397859724
          ],
          [
            0.8735590929066236,
            0.1352177579664124
          ]
        ],
        [
          [
            -0.40405148576706473,
            0.5804919991208278
          ],
          [
            -0.23081036757832474,
            0.016872463164244178
          ],
          [
            -0.10767536197692196,
            -0.6592566620326249
          ],
          [
            3.8429910462133985e-09,
            3.20235110326294e-09
          ],
          [
            -1.4082678968608596e-09,
            1.4488396109964894e-09
          ]
        ],
        [
          [
            -4.837454910901659e-10,
            6.068482700830935e-09
          ],
          [
            -8.079914020712463e-10,
            2.8023220869959396e-09
          ],
          [
            -1.0518642027127138e-09,
            -4.7769741477427024e-12
          ],
          [
            -0.8836430714463872,
            0.023754013431426014
          ],
          [
            0.05372059614757509,
            -0.4644618032521568
          ]
        ],
        [
          [
            0.14738877496047206,
            0.592278264618602
          ],
          [
            0.5929356245495968,
            -0.22260676009827776
          ],
          [
            0.45351003586432875,
            0.14382360426887036
          ],
          [
            1.4728396312182582e-09,
            -2.9200796851868777e-09
          ],
          [
            4.2569936114671695e-10,
            1.2796565802720191e-09
          ]
        ]
      ]
    },
    "state_source": "architecture_rule",
    "wigner_negvol": 2.605419015314965
  },
  "k_eff_before": 2,
  "k_eff_after": 2,
  "herald_cutoff": 40
}