{
  "group": "B30_c30_a1p41_b1p41",
  "target_alpha": "(1.4142135623730951+0j)",
  "target_beta": "(1+1j)",
  "design": "B30",
  "depth": 4,
  "provenance": "output/experiments/B30_c30_a1p41_b1p41/20260708-140351_p64_i1500#8006",
  "exp_O": 0.528655594776888,
  "vs_gaussian": -0.430904405223112,
  "before": {
    "pnr_detections": [
      6,
      6,
      0,
      6
    ],
    "total_photons": 18,
    "prob": 1.4432824277527526e-06,
    "architecture": {
      "squeezings_r": [
        1.8657507902017008,
        1.6613161512766519,
        1.642966438212254,
        1.4395477068587843,
        1.2378313955385436
      ],
      "squeezings_db": [
        16.205705455824607,
        14.430008743923956,
        14.270625161356437,
        12.503752510504999,
        10.75166689217982
      ],
      "max_squeezing_db": 16.205705455824607,
      "displacements_xp": [
        [
          0.09974997638880585,
          0.02980007090103947
        ],
        [
          0.049631289594352354,
          -0.09683691000135422
        ],
        [
          -0.2528100622966261,
          -0.23353612481681477
        ],
        [
          1.3595066005239564,
          -2.6939313850395767
        ],
        [
          0.02316359241825757,
          0.2944115703042589
        ]
      ],
      "U_passive_reim": [
        [
          [
            -0.0011175954626081517,
            -0.0019161924060558159
          ],
          [
            -0.06238981701304109,
            -0.3906126638458442
          ],
          [
            -0.5758743670335439,
            -0.166678824744227
          ],
          [
            -0.045208531592303265,
            -0.2094149023838957
          ],
          [
            -0.40832030986881174,
            -0.5210444620360374
          ]
        ],
        [
          [
            -0.000318135230770494,
            0.0008818899417234577
          ],
          [
            0.07466186972008876,
            -0.015833578531066275
          ],
          [
            -0.4268072585691054,
            0.6410200196501858
          ],
          [
            0.11620465365793592,
            -0.05585491243385129
          ],
          [
            0.5926141184243914,
            -0.18245036686899702
          ]
        ],
        [
          [
            -0.0007129632228290121,
            0.006966464510025315
          ],
          [
            -0.023733684092168233,
            -0.3300699764357064
          ],
          [
            0.15004048383346494,
            0.01030123303743927
          ],
          [
            0.09384256390788141,
            -0.8562906246543489
          ],
          [
            0.0969976033704184,
            0.3411372524782368
          ]
        ],
        [
          [
            0.9485949027304713,
            -0.3164049909257859
          ],
          [
            0.0005157113822427772,
            -0.0008613672955267459
          ],
          [
            -0.0009667809395882136,
            0.0020839247188867613
          ],
          [
            0.005744706470182956,
            -0.0018907017691711706
          ],
          [
            -0.0026159938227758323,
            0.0024263310300046154
          ]
        ],
        [
          [
            0.0005493978558498159,
            -0.0006713388437956046
          ],
          [
            0.5378107174365846,
            -0.6625355143468019
          ],
          [
            0.07452161727535501,
            0.13906390680535627
          ],
          [
            -0.3170345168950412,
            0.308043458907722
          ],
          [
            -0.021446099271297554,
            0.22594631582691413
          ]
        ]
      ]
    },
    "wigner_negvol": 2.409168791367513
  },
  "after": {
    "pnr_detections": [
      2,
      2,
      0,
      2
    ],
    "total_photons": 6,
    "prob": 0.0031333437069796266,
    "prob_gain": 1162.2810233943298,
    "architecture": {
      "squeezings_r": [
        1.3767010848441625,
        1.2474768270648193,
        1.0386569652791413,
        0.9501265661023347,
        8.992806499463688e-15
      ],
      "squeezings_db": [
        11.957873687560806,
        10.835446045928563,
        9.02165977222217,
        8.252694495358583,
        7.811052479081555e-14
      ],
      "max_squeezing_db": 11.957873687560806,
      "displacements_xp": [
        [
          0.05055060872066517,
          -0.03305813145894422
        ],
        [
          0.018566835445506955,
          0.25031836827066634
        ],
        [
          -1.1191253614931677e-07,
          -3.6461444951601456e-07
        ],
        [
          -0.07297334362692379,
          0.2020721649983103
        ],
        [
          0.0,
          0.0
        ]
      ],
      "U_passive_reim": [
        [
          [
            -0.2625037689653422,
            0.41748793065454837
          ],
          [
            0.07470138808361182,
            0.42265068297630404
          ],
          [
            -0.008710016830280703,
            0.020696386999227878
          ],
          [
            0.7376762046662444,
            -0.16706679525273094
          ],
          [
            2.351997599163491e-10,
            -1.5003313463553564e-10
          ]
        ],
        [
          [
            -0.19245896253065237,
            -0.35963115304693155
          ],
          [
            -0.2231123738300311,
            0.3672030909027762
          ],
          [
            0.14912902979430787,
            -0.68494869715275
          ],
          [
            -0.11764502746715168,
            -0.3791743694248689
          ],
          [
            -1.189458768802084e-10,
            1.0892926733865965e-10
          ]
        ],
        [
          [
            1.152916656056382e-10,
            3.5222083125560095e-10
          ],
          [
            6.990824376612126e-11,
            2.2480244694920724e-10
          ],
          [
            4.084647005676138e-11,
            -6.226383580990011e-11
          ],
          [
            1.3599536506183343e-10,
            2.621924556126502e-10
          ],
          [
            -0.9421099504047522,
            0.33530410279082096
          ]
        ],
        [
          [
            -0.07252903892017373,
            0.42235846242018416
          ],
          [
            0.37036183028017966,
            -0.1342445429370481
          ],
          [
            0.5432993576008563,
            -0.46095070700629975
          ],
          [
            -0.12174240300320624,
            0.3724143205495839
          ],
          [
            2.7911822643929134e-10,
            -1.5313075866625377e-11
          ]
        ],
        [
          [
            0.5647589155115054,
            -0.29634577038009946
          ],
          [
            0.3423452599172009,
            0.598981720796871
          ],
          [
            0.016703066554618225,
            0.013148050118431604
          ],
          [
            0.06657862782729145,
            0.33520530358860096
          ],
          [
            1.236551225066735e-10,
            -2.9712831120603833e-10
          ]
        ]
      ]
    },
    "state_source": "architecture_rule",
    "wigner_negvol": 1.7129784641389514
  },
  "k_eff_before": 3,
  "k_eff_after": 3,
  "herald_cutoff": 44
}