{
  "group": "B30_c30_a1p41_b1p41",
  "target_alpha": "(1.4142135623730951+0j)",
  "target_beta": "(1+1j)",
  "design": "B30",
  "depth": 3,
  "provenance": "output/experiments/B30_c30_a1p41_b1p41/20260709-202208_p64_i300#64",
  "exp_O": 0.5223576457390424,
  "vs_gaussian": -0.4372023542609575,
  "before": {
    "pnr_detections": [
      6,
      6,
      1,
      6
    ],
    "total_photons": 19,
    "prob": 4.675630180670998e-08,
    "architecture": {
      "squeezings_r": [
        1.8679839154528468,
        1.8011734104642743,
        1.7406713667010651,
        1.5108290971546372,
        1.2267923005111891
      ],
      "squeezings_db": [
        16.225102135304038,
        15.6447934623099,
        15.119279387305289,
        13.122894799862618,
        10.655782531068105
      ],
      "max_squeezing_db": 16.225102135304038,
      "displacements_xp": [
        [
          0.24441280360367437,
          0.09527442063043631
        ],
        [
          0.0937776506470025,
          -0.20399801367507775
        ],
        [
          -0.2314267553582957,
          -0.3382782782574407
        ],
        [
          0.7652286803458102,
          -4.273431921640345
        ],
        [
          0.039364240624971375,
          0.23578255934645148
        ]
      ],
      "U_passive_reim": [
        [
          [
            -0.005912322948132307,
            -0.0069019649686780865
          ],
          [
            -0.22814380936193573,
            -0.386903445558313
          ],
          [
            -0.5373807069795816,
            -0.06061396123992817
          ],
          [
            -0.019226346538482486,
            -0.23103433706554105
          ],
          [
            -0.40766278218313007,
            -0.5345895580433324
          ]
        ],
        [
          [
            -0.0028751289885587034,
            0.005380173348966438
          ],
          [
            -0.09174380724932826,
            0.19513221154490024
          ],
          [
            -0.42184464105544955,
            0.5972752313969655
          ],
          [
            0.11381243869571882,
            -0.06630664666306504
          ],
          [
            0.6063882855640989,
            -0.18363573325089633
          ]
        ],
        [
          [
            -0.0016605321662293614,
            0.011578491481444771
          ],
          [
            0.05087871496326264,
            -0.2086666464462754
          ],
          [
            0.14442405666974237,
            0.08592105738176475
          ],
          [
            0.24888122609365823,
            -0.8746679131198403
          ],
          [
            0.04239744415246238,
            0.31098016935487116
          ]
        ],
        [
          [
            0.9930679019827933,
            -0.11626654274505246
          ],
          [
            -0.008180909935479054,
            0.0009581821044953812
          ],
          [
            -0.006182035001686629,
            0.004183214737972732
          ],
          [
            0.011580230211842332,
            -0.0006045390981726352
          ],
          [
            -0.005523781750467953,
            0.0031131146581231317
          ]
        ],
        [
          [
            0.004489645927381228,
            -0.004631632752486749
          ],
          [
            0.5381357952892556,
            -0.6449606401684985
          ],
          [
            -0.10103343612461142,
            0.36654210117997565
          ],
          [
            -0.23590797986788553,
            0.21478076029750318
          ],
          [
            -0.008195954097680121,
            0.2190493979536686
          ]
        ]
      ]
    },
    "wigner_negvol": 2.190718525077489
  },
  "after": {
    "pnr_detections": [
      2,
      2,
      1,
      2
    ],
    "total_photons": 7,
    "prob": 0.0012511971505416051,
    "prob_gain": 13584.658282454442,
    "architecture": {
      "squeezings_r": [
        1.3696111808303757,
        1.2658628503028748,
        1.0456480835014166,
        0.9274755148357002,
        0.06555169225958525
      ],
      "squeezings_db": [
        11.896291563752579,
        10.995145014657211,
        9.082383853547517,
        8.055949963870443,
        0.5693747645551596
      ],
      "max_squeezing_db": 11.896291563752579,
      "displacements_xp": [
        [
          0.08036946173663981,
          -0.003924189285596201
        ],
        [
          0.09122075246499811,
          -0.27228561346123
        ],
        [
          -0.21576537817824518,
          -1.9839845490618302
        ],
        [
          0.0010912050715716146,
          0.21120291504425878
        ],
        [
          0.0,
          0.0
        ]
      ],
      "U_passive_reim": [
        [
          [
            -0.2894412092064386,
            0.4327199418693533
          ],
          [
            -0.052082444137153114,
            -0.40318463591597403
          ],
          [
            0.00422744054165325,
            -0.015337038813691754
          ],
          [
            -0.7420820546698746,
            0.11298586135467023
          ],
          [
            -0.0013556975252096409,
            0.0005404051244976327
          ]
        ],
        [
          [
            0.14471728756117458,
            0.3545301925308993
          ],
          [
            -0.27385300659682216,
            0.351106111971161
          ],
          [
            0.2744837163129057,
            -0.6541241610138958
          ],
          [
            -0.06468355140965366,
            -0.3843047079466192
          ],
          [
            3.738560518611252e-05,
            0.0006912782768616522
          ]
        ],
        [
          [
            0.00017650653777988984,
            0.001680677239246735
          ],
          [
            -0.0001947432616862867,
            -0.0013808043519092721
          ],
          [
            -0.00015393387671508563,
            0.0009133878463081826
          ],
          [
            -0.000428234807409636,
            -0.0012109411162556608
          ],
          [
            0.9932102193097648,
            -0.11630198685351932
          ]
        ],
        [
          [
            -0.016394817028543337,
            0.4055889831968798
          ],
          [
            -0.37651241794203744,
            0.19445617252206537
          ],
          [
            -0.5137775629704737,
            0.48190019934886213
          ],
          [
            0.09161340336511634,
            -0.38866911108433805
          ],
          [
            -0.0014494054744475504,
            -4.5602880308527464e-05
          ]
        ],
        [
          [
            0.4870597571654702,
            0.4246659998044741
          ],
          [
            0.431837406137993,
            -0.519998368753505
          ],
          [
            0.00683350300952846,
            -0.01686518197618609
          ],
          [
            0.2766736731102398,
            -0.22060753422084736
          ],
          [
            -0.0015993683189142916,
            -0.0001950919797208515
          ]
        ]
      ]
    },
    "state_source": "architecture_rule",
    "wigner_negvol": 1.6309533783770958
  },
  "k_eff_before": 4,
  "k_eff_after": 4,
  "herald_cutoff": 46
}