{
  "group": "B30_c30_a1p41_b1p41",
  "target_alpha": "(1.4142135623730951+0j)",
  "target_beta": "(1+1j)",
  "design": "B30",
  "depth": 5,
  "provenance": "output/experiments/B30_c30_a1p41_b1p41/20260709-060955_p64_i300#57",
  "exp_O": 0.5650625100220635,
  "vs_gaussian": -0.3944974899779364,
  "before": {
    "pnr_detections": [
      6,
      6,
      2,
      1
    ],
    "total_photons": 15,
    "prob": 4.1830143406410266e-05,
    "architecture": {
      "squeezings_r": [
        1.7966035843820516,
        1.5605069489026386,
        1.463834263595207,
        1.4592461381601634,
        1.4426513679890385
      ],
      "squeezings_db": [
        15.605100457294567,
        13.554391137601913,
        12.714702862006172,
        12.674850910831784,
        12.530710568556339
      ],
      "max_squeezing_db": 15.605100457294567,
      "displacements_xp": [
        [
          -0.3805626461268332,
          3.1003803908336534
        ],
        [
          -0.5177728296169377,
          0.31751625650936965
        ],
        [
          -0.4057318103352063,
          -0.060222129790131806
        ],
        [
          -0.5201383199831917,
          0.16841034327921758
        ],
        [
          -0.6842394893512831,
          1.184563329212236
        ]
      ],
      "U_passive_reim": [
        [
          [
            0.0639599807211868,
            0.7097969612471615
          ],
          [
            -0.6627250766516015,
            -0.09390609533781791
          ],
          [
            0.005857738583642883,
            0.0021348289634299596
          ],
          [
            4.407802235343923e-06,
            1.7053803871881888e-06
          ],
          [
            -0.18991741843083662,
            -0.08925814396562642
          ]
        ],
        [
          [
            -0.3606362887719242,
            -0.04589615093004971
          ],
          [
            -0.12218363550210583,
            0.310473978770076
          ],
          [
            0.8526371492544327,
            0.051254228508490325
          ],
          [
            -0.01244566782334961,
            -0.001074027281347495
          ],
          [
            -0.06398707349231361,
            0.15048116256786576
          ]
        ],
        [
          [
            -0.34735434271201343,
            -0.05514014134750416
          ],
          [
            -0.16657753878958023,
            0.3025793072067223
          ],
          [
            -0.29639275183791536,
            -0.023464326448654874
          ],
          [
            0.7992666177893049,
            0.06875366914218664
          ],
          [
            0.0258326915761178,
            0.1561456134116746
          ]
        ],
        [
          [
            -0.45861678215748675,
            -0.07352160920104808
          ],
          [
            -0.22307653234361938,
            0.3997180683238848
          ],
          [
            -0.4157126935534368,
            -0.032565099372834326
          ],
          [
            -0.594694720916229,
            -0.05116279094012593
          ],
          [
            0.04102758939873797,
            0.2070925204928109
          ]
        ],
        [
          [
            0.1253977199046444,
            -0.06911991448969881
          ],
          [
            -0.3238860493116486,
            -0.08313859400463627
          ],
          [
            0.08945521467582583,
            0.00806365340258055
          ],
          [
            0.0031999238880474332,
            0.00027692474599791536
          ],
          [
            0.9243719492449638,
            0.0717117551161713
          ]
        ]
      ]
    },
    "wigner_negvol": 3.307932469041042
  },
  "after": {
    "pnr_detections": [
      2,
      2,
      2,
      1
    ],
    "total_photons": 7,
    "prob": 0.003172340303876576,
    "prob_gain": 92.50800784456979,
    "architecture": {
      "squeezings_r": [
        1.3593241317034808,
        1.3234254465808182,
        0.9920427595629325,
        0.9890835531280856,
        0.7088456808263017
      ],
      "squeezings_db": [
        11.806939390335017,
        11.495127373207922,
        8.61677392580512,
        8.591070585295789,
        6.15695535407633
      ],
      "max_squeezing_db": 11.806939390335017,
      "displacements_xp": [
        [
          -0.5045640315871605,
          0.02153658040298786
        ],
        [
          -0.43902815189991606,
          -0.05087448464642915
        ],
        [
          -0.35354139662407824,
          0.15756644246848237
        ],
        [
          -0.2305330316227006,
          1.2065198420020273
        ],
        [
          0.0,
          0.0
        ]
      ],
      "U_passive_reim": [
        [
          [
            -0.22843500224382235,
            0.3368439954877493
          ],
          [
            0.323371808562917,
            0.23415842659196895
          ],
          [
            -0.016677436178892106,
            0.006169507803793695
          ],
          [
            0.8171366488442197,
            0.06100959120108315
          ],
          [
            0.01515225199210297,
            0.054532683677558105
          ]
        ],
        [
          [
            -0.24631628651965773,
            0.32843446427613154
          ],
          [
            0.3191203001409149,
            0.24477395344323943
          ],
          [
            -0.6977346915413768,
            -0.07199035281252467
          ],
          [
            -0.4143446874248299,
            -0.052928338238895895
          ],
          [
            0.013575351361022944,
            0.05498641282769255
          ]
        ],
        [
          [
            -0.2589938202903391,
            0.3349720008263879
          ],
          [
            0.31543156287234714,
            0.23741709501696512
          ],
          [
            0.7091583683669928,
            0.06802809394536677
          ],
          [
            -0.39047327065033755,
            -0.03898823544521027
          ],
          [
            0.0169464156286873,
            0.05515396869182703
          ]
        ],
        [
          [
            -0.012348404147127722,
            -0.07520033607787979
          ],
          [
            -0.041406293981344475,
            0.06456939634023502
          ],
          [
            -0.0018823687119682102,
            -0.0006329808665346062
          ],
          [
            0.001144906040416408,
            0.0010017063668295333
          ],
          [
            0.9903098616753453,
            0.08711405116344047
          ]
        ],
        [
          [
            0.41475829979014406,
            -0.555604716468725
          ],
          [
            0.5760013226319475,
            0.43049191720089813
          ],
          [
            0.010636617554548318,
            -0.004122501307060338
          ],
          [
            -0.0066952982634377115,
            0.006782261524037276
          ],
          [
            -0.042163684688418634,
            0.013394114270292327
          ]
        ]
      ]
    },
    "state_source": "architecture_rule",
    "wigner_negvol": 2.733740341883292
  },
  "k_eff_before": 4,
  "k_eff_after": 4,
  "herald_cutoff": 38
}