{
  "group": "B30_c30_a1p41_b1p41",
  "target_alpha": "(1.4142135623730951+0j)",
  "target_beta": "(1+1j)",
  "design": "B30",
  "depth": 4,
  "provenance": "output/experiments/B30_c30_a1p41_b1p41/20260710-040245_p64_i300#55",
  "exp_O": 0.7268943469850192,
  "vs_gaussian": -0.2326656530149807,
  "before": {
    "pnr_detections": [
      4,
      2
    ],
    "total_photons": 6,
    "prob": 0.007788554681803697,
    "architecture": {
      "squeezings_r": [
        1.8304106844163628,
        1.5092978506621861,
        1.4065784671019865
      ],
      "squeezings_db": [
        15.898745197175616,
        13.109594561820513,
        12.217385332526549
      ],
      "max_squeezing_db": 15.898745197175616,
      "displacements_xp": [
        [
          7.462174153513579e-05,
          -0.03716679942111126
        ],
        [
          0.02633618245653029,
          -0.00854658615734755
        ],
        [
          0.02689810124970883,
          -0.005194542774257063
        ]
      ],
      "U_passive_reim": [
        [
          [
            0.08554463021205788,
            0.7071157478353814
          ],
          [
            -0.20356869396977328,
            -0.007406803311402319
          ],
          [
            0.6637427219820109,
            0.10305319267809844
          ]
        ],
        [
          [
            -0.4839844622777975,
            0.0987726004086302
          ],
          [
            0.6502057170484576,
            -0.07341774515677787
          ],
          [
            0.23669504529815522,
            -0.5213643921741188
          ]
        ],
        [
          [
            -0.4975599784622476,
            0.03326434908316861
          ],
          [
            -0.6741507140056344,
            0.2754416473945712
          ],
          [
            -0.10381477420578293,
            -0.45847874242496905
          ]
        ]
      ]
    },
    "wigner_negvol": 3.8861697353005447
  },
  "after": {
    "pnr_detections": [
      2,
      2
    ],
    "total_photons": 4,
    "prob": 0.030718754859673326,
    "prob_gain": 4.000762359402207,
    "architecture": {
      "squeezings_r": [
        1.2977438819746143,
        1.2223541686184023,
        0.9892554447135631
      ],
      "squeezings_db": [
        11.2720601373056,
        10.617233407248182,
        8.592563616636957
      ],
      "max_squeezing_db": 11.2720601373056,
      "displacements_xp": [
        [
          0.013484673804452403,
          -0.003872046224150837
        ],
        [
          0.010037781807193625,
          -0.001572055051317069
        ],
        [
          0.0,
          0.0
        ]
      ],
      "U_passive_reim": [
        [
          [
            0.4627224003915383,
            -0.20299187278082959
          ],
          [
            0.23760626882639324,
            0.4426266693216565
          ],
          [
            -0.6568889018885742,
            0.24658496092840856
          ]
        ],
        [
          [
            0.5125172278934916,
            -0.1456116150978034
          ],
          [
            0.08746772599911903,
            0.45134467120020855
          ],
          [
            0.7028545212225608,
            -0.10371236833523816
          ]
        ],
        [
          [
            0.6730720927710979,
            0.08820196343925565
          ],
          [
            0.09631264122532435,
            -0.7259381188831027
          ],
          [
            -0.025401288719651787,
            -0.04782121707193562
          ]
        ]
      ]
    },
    "state_source": "architecture_rule",
    "wigner_negvol": 3.551110717718424
  },
  "k_eff_before": 2,
  "k_eff_after": 2,
  "herald_cutoff": 30
}