{
  "group": "B30_c30_a1p41_b1p41",
  "target_alpha": "(1.4142135623730951+0j)",
  "target_beta": "(1+1j)",
  "design": "B30",
  "depth": 5,
  "provenance": "output/experiments/B30_c30_a1p41_b1p41/20260710-143857_p64_i300#64",
  "exp_O": 0.5025631882898577,
  "vs_gaussian": -0.4569968117101423,
  "before": {
    "pnr_detections": [
      6,
      6,
      0,
      6
    ],
    "total_photons": 18,
    "prob": 6.428005127652672e-09,
    "architecture": {
      "squeezings_r": [
        1.855047625355947,
        1.6177345489589996,
        1.4050719067607624,
        1.1524791121976268,
        1.0583281371737132
      ],
      "squeezings_db": [
        16.112738947196373,
        14.05146375594279,
        12.204299515669588,
        10.010306378723758,
        9.192521400349829
      ],
      "max_squeezing_db": 16.112738947196373,
      "displacements_xp": [
        [
          0.167729315867466,
          0.17309154770535357
        ],
        [
          -0.017807338373444018,
          -0.08066193780791206
        ],
        [
          -0.24173002003876526,
          -0.3035981964486835
        ],
        [
          1.3461801556170463,
          -4.009513452346224
        ],
        [
          0.011449843406280136,
          0.44945409383361895
        ]
      ],
      "U_passive_reim": [
        [
          [
            -0.007589249138472552,
            -0.007896425933293781
          ],
          [
            0.6135548397708658,
            0.49214523018699097
          ],
          [
            -0.2803008759981597,
            0.18853190205073972
          ],
          [
            -0.14341296622611352,
            -0.42531717605184244
          ],
          [
            0.18745331195536036,
            0.17467111463321497
          ]
        ],
        [
          [
            -0.0019401189370214828,
            0.005037246496406874
          ],
          [
            0.19294180874843722,
            -0.42621291736053746
          ],
          [
            -0.2861091404280917,
            0.296078901854528
          ],
          [
            0.5898738461047356,
            -0.23285322204330142
          ],
          [
            -0.4381172002655578,
            0.13208805674772198
          ]
        ],
        [
          [
            -0.003077500720583968,
            0.02103369230235646
          ],
          [
            -0.149822276188219,
            0.06557399489170267
          ],
          [
            0.09059552870451601,
            0.26297688567081756
          ],
          [
            0.3090136465005713,
            -0.33656538283299414
          ],
          [
            0.3587678823716272,
            -0.7469651753892369
          ]
        ],
        [
          [
            0.9941749975469791,
            -0.10494308470429757
          ],
          [
            0.009285436670153819,
            -0.004783191478697238
          ],
          [
            -0.0062478455330585245,
            0.005895913595347299
          ],
          [
            0.007101609419203952,
            0.005148803188240057
          ],
          [
            0.01846666391683544,
            0.0014720368788055057
          ]
        ],
        [
          [
            0.0010486435611575685,
            -0.0009737507767729647
          ],
          [
            -0.3245257093836089,
            0.17403114938353387
          ],
          [
            -0.4309092666515182,
            0.673234727853859
          ],
          [
            -0.3056621517370874,
            0.30674787506829193
          ],
          [
            -0.17575389766262642,
            -0.08398415247977065
          ]
        ]
      ]
    },
    "wigner_negvol": 2.527208758987539
  },
  "after": {
    "pnr_detections": [
      2,
      2,
      0,
      2
    ],
    "total_photons": 6,
    "prob": 0.004134135230892354,
    "prob_gain": 223664.61641446635,
    "architecture": {
      "squeezings_r": [
        1.3924226919678155,
        1.2737655278777236,
        0.9816652089651274,
        0.9328395105989111,
        8.881784197001244e-16
      ],
      "squeezings_db": [
        12.094429831969872,
        11.06378679991756,
        8.52663566659915,
        8.102541039088742,
        7.714619732426289e-15
      ],
      "max_squeezing_db": 12.094429831969872,
      "displacements_xp": [
        [
          0.007310780081890046,
          0.16945082388175878
        ],
        [
          -0.3343375586870904,
          0.4267298639873993
        ],
        [
          -7.4198674423164876e-09,
          -7.864272785697216e-08
        ],
        [
          -0.25325027454487503,
          0.43580773865860123
        ],
        [
          0.0,
          0.0
        ]
      ],
      "U_passive_reim": [
        [
          [
            -0.26105813425083824,
            0.41032434340685003
          ],
          [
            0.07229880462823349,
            0.4086961735224299
          ],
          [
            0.0027742975553485412,
            -0.027321708306076373
          ],
          [
            -0.7610533134548909,
            0.10614417531971569
          ],
          [
            -1.082262839244534e-10,
            3.7767582323749983e-13
          ]
        ],
        [
          [
            -0.12137357292088373,
            -0.3838751665485895
          ],
          [
            -0.31357419375678436,
            0.3071876563406963
          ],
          [
            -0.5046401411990651,
            0.49766190576536967
          ],
          [
            0.002854315446972776,
            0.37799218170393584
          ],
          [
            -9.582731464573099e-11,
            -1.4955798503788318e-10
          ]
        ],
        [
          [
            2.5185629964754942e-11,
            1.0059832325787499e-10
          ],
          [
            6.629896279263748e-12,
            1.334653730256041e-10
          ],
          [
            -9.64001187060909e-12,
            2.3299663090423606e-10
          ],
          [
            -3.8145372596128345e-11,
            -4.0296991815947087e-11
          ],
          [
            0.9989036951870285,
            0.04681247421039831
          ]
        ],
        [
          [
            0.014120929324480396,
            0.4372772941262809
          ],
          [
            0.33548457427022527,
            -0.20468356372456653
          ],
          [
            -0.604843969062228,
            0.3603180578768937
          ],
          [
            0.0834391092585783,
            -0.38925119379053036
          ],
          [
            -1.1582785297913201e-10,
            -1.2468248158113631e-10
          ]
        ],
        [
          [
            0.640244433259177,
            0.008193236855212166
          ],
          [
            0.015815669007117884,
            0.6930742335282278
          ],
          [
            -0.010960314839152928,
            -0.03363517094317998
          ],
          [
            0.11677896617741111,
            -0.3074558957255021
          ],
          [
            -1.116239997372095e-10,
            3.7220616328544024e-11
          ]
        ]
      ]
    },
    "state_source": "architecture_rule",
    "wigner_negvol": 1.759064475059619
  },
  "k_eff_before": 3,
  "k_eff_after": 3,
  "herald_cutoff": 44
}