{
  "group": "B30_c30_a1p41_b1p41",
  "target_alpha": "(1.4142135623730951+0j)",
  "target_beta": "(1+1j)",
  "design": "B30",
  "depth": 4,
  "provenance": "output/experiments/B30_c30_a1p41_b1p41/20260708-171707_p64_i300#57",
  "exp_O": 0.6639755096786417,
  "vs_gaussian": -0.2955844903213582,
  "before": {
    "pnr_detections": [
      8,
      0,
      10,
      0
    ],
    "total_photons": 18,
    "prob": 4.8296414628582295e-05,
    "architecture": {
      "squeezings_r": [
        1.6257959234808437,
        1.266508431882554,
        0.7597310947506043,
        0.6115250421117545,
        0.5930337818108149
      ],
      "squeezings_db": [
        14.121483965370636,
        11.000752465010672,
        6.59894044361008,
        5.311639026695773,
        5.1510259804530785
      ],
      "max_squeezing_db": 14.121483965370636,
      "displacements_xp": [
        [
          0.0,
          0.0
        ],
        [
          0.0,
          0.0
        ],
        [
          0.0,
          0.0
        ],
        [
          0.0,
          0.0
        ],
        [
          0.0,
          0.0
        ]
      ],
      "U_passive_reim": [
        [
          [
            -0.021008313920954674,
            0.37955597577287437
          ],
          [
            -0.8224985451199094,
            -0.14738440099256156
          ],
          [
            0.2629869870949346,
            -0.25393616977184214
          ],
          [
            0.010603782090853829,
            -0.09693069098623779
          ],
          [
            -0.027669784995125422,
            0.1155445536144144
          ]
        ],
        [
          [
            -0.014616066802955324,
            -0.020227412387955376
          ],
          [
            -0.3151599136857601,
            0.2742991049699205
          ],
          [
            0.16140068093004892,
            0.7828487412124235
          ],
          [
            0.014258421198785726,
            0.08152238483063691
          ],
          [
            -0.04619928179456578,
            -0.4206251839026465
          ]
        ],
        [
          [
            0.00016115320745302273,
            0.0018975967166352443
          ],
          [
            3.984374230336112e-06,
            -0.10682070244141015
          ],
          [
            -0.0039535625050445,
            -0.4410208726505286
          ],
          [
            0.0068864601350393665,
            0.33796036743168134
          ],
          [
            -0.018764903892502363,
            -0.8242899459502313
          ]
        ],
        [
          [
            0.6125327004007698,
            -0.6635733732276712
          ],
          [
            -0.22137744475336915,
            -0.2573821573322796
          ],
          [
            0.16282622527512763,
            -0.008123002076325521
          ],
          [
            -0.10262394340398173,
            0.12219489174381368
          ],
          [
            -0.09804308183726454,
            0.08698532807403551
          ]
        ],
        [
          [
            -0.0005099073757908435,
            0.1983514981400485
          ],
          [
            0.0015741674511387984,
            0.023270646538414107
          ],
          [
            0.0015445197712937481,
            0.07972543989504574
          ],
          [
            0.017299590661528214,
            0.9184855059792028
          ],
          [
            0.006274807305321713,
            0.33136025280826237
          ]
        ]
      ]
    },
    "wigner_negvol": 2.2856368888131398
  },
  "after": {
    "pnr_detections": [
      4,
      0,
      4,
      0
    ],
    "total_photons": 8,
    "prob": 0.007461322659148298,
    "prob_gain": 18.891485723667934,
    "architecture": {
      "squeezings_r": [
        1.6466568820329122,
        1.5242895157179006,
        1.1353189517829512,
        9.658940314238769e-15,
        2.5535129566378533e-15
      ],
      "squeezings_db": [
        14.302679949098154,
        13.239810509985286,
        9.861255119190394,
        8.389648959013516e-14,
        2.2179531730725544e-14
      ],
      "max_squeezing_db": 14.302679949098154,
      "displacements_xp": [
        [
          0.0,
          0.0
        ],
        [
          0.0,
          0.0
        ],
        [
          0.0,
          0.0
        ],
        [
          0.0,
          0.0
        ],
        [
          0.0,
          0.0
        ]
      ],
      "U_passive_reim": [
        [
          [
            0.25324673441682843,
            -0.6170219048275909
          ],
          [
            -0.20745560909884506,
            -0.08414238977042537
          ],
          [
            -0.3030455673480953,
            -0.6428029815409702
          ],
          [
            7.768888766203739e-10,
            8.664310974551991e-09
          ],
          [
            -8.330724759492906e-10,
            3.7540307490595413e-10
          ]
        ],
        [
          [
            3.425026381234068e-10,
            -8.860901981884575e-09
          ],
          [
            4.3181084737198784e-10,
            3.9315680248552665e-10
          ],
          [
            1.812806516172735e-09,
            -5.923603988038372e-09
          ],
          [
            0.0067805508221658395,
            -0.990438172422875
          ],
          [
            0.13775566004767287,
            0.0031030409300717167
          ]
        ],
        [
          [
            0.363337758170877,
            0.2049419172358671
          ],
          [
            0.2789383688077964,
            -0.6184544273459763
          ],
          [
            -0.5687424659151394,
            0.20548479071410797
          ],
          [
            2.921706470750504e-10,
            -4.025615125038048e-09
          ],
          [
            5.614033255614828e-10,
            -1.2834963945294458e-09
          ]
        ],
        [
          [
            3.017577306100849e-11,
            -1.1401161773900694e-10
          ],
          [
            7.012405911961188e-11,
            -1.196175772865863e-09
          ],
          [
            -4.106107346751346e-11,
            9.887392117390803e-10
          ],
          [
            -0.10027675337578905,
            0.0945030341872415
          ],
          [
            0.6679209202179975,
            0.7313654309556603
          ]
        ],
        [
          [
            -0.4957004064841689,
            -0.3679886567934143
          ],
          [
            0.3824761723880383,
            -0.5859195454629849
          ],
          [
            0.355125677393838,
            -0.056226973404413315
          ],
          [
            2.9336512001041587e-09,
            3.919410547372902e-09
          ],
          [
            -1.0176449231991924e-09,
            -1.107756071832338e-10
          ]
        ]
      ]
    },
    "state_source": "architecture_rule",
    "wigner_negvol": 2.4195403442674674
  },
  "k_eff_before": 2,
  "k_eff_after": 2,
  "herald_cutoff": 44
}