{
  "group": "B30_c30_a1p41_b1p41",
  "target_alpha": "(1.4142135623730951+0j)",
  "target_beta": "(1+1j)",
  "design": "B30",
  "depth": 3,
  "provenance": "output/experiments/B30_c30_a1p41_b1p41/20260708-061443_p64_i300#57",
  "exp_O": 0.7070255279175972,
  "vs_gaussian": -0.2525344720824027,
  "before": {
    "pnr_detections": [
      8,
      0,
      8,
      0
    ],
    "total_photons": 16,
    "prob": 0.0005956229102023924,
    "architecture": {
      "squeezings_r": [
        1.7846960588388212,
        1.3890674065389872,
        0.9885153361326008,
        0.013064194689930697,
        0.012770966068957125
      ],
      "squeezings_db": [
        15.501673004563628,
        12.065286193030863,
        8.586135115182534,
        0.11347415328693332,
        0.11092720184643486
      ],
      "max_squeezing_db": 15.501673004563628,
      "displacements_xp": [
        [
          0.0,
          0.0
        ],
        [
          0.0,
          0.0
        ],
        [
          0.0,
          0.0
        ],
        [
          0.0,
          0.0
        ],
        [
          0.0,
          0.0
        ]
      ],
      "U_passive_reim": [
        [
          [
            -0.06052836699971021,
            0.42964742875613826
          ],
          [
            0.7071043713023103,
            0.224026531158301
          ],
          [
            0.45437601810392436,
            -0.23370081710865345
          ],
          [
            -0.012273463259246923,
            -0.009685916766602682
          ],
          [
            0.009360044611286308,
            0.012215650191079886
          ]
        ],
        [
          [
            0.5539360296101713,
            -0.7081095369087173
          ],
          [
            0.22031826220490217,
            0.25202343600958027
          ],
          [
            0.27838072317281526,
            0.004080369827342555
          ],
          [
            -0.001935763560842133,
            -0.007427700160708607
          ],
          [
            0.03149872354076207,
            -0.03341026687252559
          ]
        ],
        [
          [
            -0.0008210290999419688,
            0.045573105637685726
          ],
          [
            -0.00485322969585075,
            0.005964838971833721
          ],
          [
            -0.0034158351514725037,
            0.016070229063048218
          ],
          [
            -0.0058421445390115945,
            0.0050635825627690515
          ],
          [
            -0.005251714256655145,
            -0.9987522283307179
          ]
        ],
        [
          [
            -0.019904971747712642,
            -0.03163797668980825
          ],
          [
            0.4487589826657921,
            -0.3677230847204307
          ],
          [
            -0.07349130425551563,
            0.8094162970585715
          ],
          [
            -0.017205840497950483,
            0.032917745351071885
          ],
          [
            0.0016907246197035005,
            0.007729668167987383
          ]
        ],
        [
          [
            0.0005614813500995886,
            -0.00030953735460393343
          ],
          [
            -0.0029770663209598763,
            0.03296490311550691
          ],
          [
            -0.002427695429742513,
            -0.024132098135407017
          ],
          [
            0.007069713905261158,
            0.9991032263603435
          ],
          [
            0.005951505618825496,
            0.004809480328282852
          ]
        ]
      ]
    },
    "wigner_negvol": 2.7737078993296107
  },
  "after": {
    "pnr_detections": [
      4,
      0,
      4,
      0
    ],
    "total_photons": 8,
    "prob": 0.007102004571651472,
    "prob_gain": 6.370725592722834,
    "architecture": {
      "squeezings_r": [
        1.6085060048135182,
        1.5297306182523969,
        1.147031249793151,
        4.884981308350665e-15,
        4.107825191113063e-15
      ],
      "squeezings_db": [
        13.971305639975128,
        13.287071326109315,
        9.962986847115118,
        4.2430408528344423e-14,
        3.568011626247148e-14
      ],
      "max_squeezing_db": 13.971305639975128,
      "displacements_xp": [
        [
          0.0,
          0.0
        ],
        [
          0.0,
          0.0
        ],
        [
          0.0,
          0.0
        ],
        [
          0.0,
          0.0
        ],
        [
          0.0,
          0.0
        ]
      ],
      "U_passive_reim": [
        [
          [
            0.3544767491616672,
            0.05958671822564175
          ],
          [
            -0.25077611313591924,
            0.6857045311789939
          ],
          [
            0.555670234794885,
            -0.17013783964453694
          ],
          [
            3.850585754546139e-09,
            -1.835544619843693e-09
          ],
          [
            -5.427650504565406e-09,
            2.154428400798874e-08
          ]
        ],
        [
          [
            -1.6146108356391854e-09,
            6.95983411607232e-09
          ],
          [
            -8.681453459811948e-10,
            -1.5905885860081e-08
          ],
          [
            -1.596611564818741e-09,
            1.5672915138895507e-08
          ],
          [
            -0.27694302016899114,
            -0.2554777167846732
          ],
          [
            0.45017471702855727,
            0.8095532249052124
          ]
        ],
        [
          [
            -0.4165932134157212,
            0.5646908129109164
          ],
          [
            -0.23135467397782067,
            -0.010865524033402865
          ],
          [
            -0.09023311933740703,
            -0.6676745612502456
          ],
          [
            -2.9128866820770054e-09,
            2.0022420565753668e-08
          ],
          [
            -1.1727973874713e-10,
            1.1988400886433909e-08
          ]
        ],
        [
          [
            -7.943773062538746e-10,
            2.3242201199499614e-08
          ],
          [
            -9.031565260403324e-10,
            6.7475577139948114e-09
          ],
          [
            -4.103665582278852e-11,
            -1.0563213664145448e-08
          ],
          [
            -0.3506777428769024,
            -0.8573557140749275
          ],
          [
            -0.02637776191513332,
            -0.37585969971543975
          ]
        ],
        [
          [
            0.15788342466899333,
            0.5945106070371114
          ],
          [
            0.6001670526273314,
            -0.23038468082265856
          ],
          [
            0.43399118533342945,
            0.14143557250884675
          ],
          [
            8.654712732165955e-09,
            9.818530287563769e-09
          ],
          [
            -1.7691675622799214e-09,
            -3.5183544313366792e-09
          ]
        ]
      ]
    },
    "state_source": "architecture_rule",
    "wigner_negvol": 2.6202702987921858
  },
  "k_eff_before": 2,
  "k_eff_after": 2,
  "herald_cutoff": 40
}