{
  "group": "B30_c30_a1p41_b1p41",
  "target_alpha": "(1.4142135623730951+0j)",
  "target_beta": "(1+1j)",
  "design": "B30",
  "depth": 3,
  "provenance": "output/experiments/B30_c30_a1p41_b1p41/20260709-202208_p64_i300#41",
  "exp_O": 0.5225305474964378,
  "vs_gaussian": -0.4370294525035622,
  "before": {
    "pnr_detections": [
      6,
      6,
      0,
      6
    ],
    "total_photons": 18,
    "prob": 6.916368743643126e-08,
    "architecture": {
      "squeezings_r": [
        1.8675644554384319,
        1.7830779570760742,
        1.7289391782782475,
        1.4565897781587485,
        1.2211658498058657
      ],
      "squeezings_db": [
        16.22145875191125,
        15.487618351229248,
        15.017374893451708,
        12.651778061020522,
        10.606911801187653
      ],
      "max_squeezing_db": 16.22145875191125,
      "displacements_xp": [
        [
          0.1321561826023717,
          0.048606444912006726
        ],
        [
          0.09260557469962713,
          -0.13145104634052526
        ],
        [
          -0.06322325586947866,
          -0.3285761820959313
        ],
        [
          -0.5228419308347362,
          -3.317995559534905
        ],
        [
          0.035202552956836386,
          0.2870220252298149
        ]
      ],
      "U_passive_reim": [
        [
          [
            -0.0033969826058146066,
            -0.0035101564349848085
          ],
          [
            -0.28435794665372716,
            -0.38538121499662076
          ],
          [
            -0.5095839815678153,
            -0.023112883598523964
          ],
          [
            -0.04463037987029805,
            -0.2780053720960284
          ],
          [
            -0.4060653445964917,
            -0.5159651685442999
          ]
        ],
        [
          [
            -0.001828135265558269,
            0.003053941820189108
          ],
          [
            -0.14300187365447947,
            0.2499710539408982
          ],
          [
            -0.43452680507631253,
            0.5573983810691615
          ],
          [
            0.1529197196813884,
            -0.07046048772408026
          ],
          [
            0.6043873147206363,
            -0.15463706199508792
          ]
        ],
        [
          [
            -0.004421035827119454,
            0.005204659284396559
          ],
          [
            0.12620248775658896,
            -0.10465627832020728
          ],
          [
            0.07889661110229033,
            0.14676743754942342
          ],
          [
            0.6554071096482394,
            -0.6191426263093521
          ],
          [
            -0.15990570466787546,
            0.32686709839302697
          ]
        ],
        [
          [
            0.9262270153340324,
            -0.37684750188491006
          ],
          [
            -0.003890605359911219,
            0.00175960252314698
          ],
          [
            -0.0027102071083798885,
            0.003167718295574334
          ],
          [
            0.005817419877424016,
            -0.0021415284814173003
          ],
          [
            -0.0028392132516714364,
            0.002715523058197374
          ]
        ],
        [
          [
            0.0019475885988314526,
            -0.0015874265013924535
          ],
          [
            0.5595366660684742,
            -0.589667105604229
          ],
          [
            -0.17658865862747897,
            0.42581353995267857
          ],
          [
            -0.21447932046335386,
            0.18285552429510987
          ],
          [
            -0.012258859368739959,
            0.217063549223472
          ]
        ]
      ]
    },
    "wigner_negvol": 2.4575392470284507
  },
  "after": {
    "pnr_detections": [
      2,
      2,
      0,
      2
    ],
    "total_photons": 6,
    "prob": 0.0031818853708999784,
    "prob_gain": 22412.187266959918,
    "architecture": {
      "squeezings_r": [
        1.3700921364195238,
        1.2666741646443167,
        1.0507336214207086,
        0.9265476546086894,
        1.210143096841406e-14
      ],
      "squeezings_db": [
        11.90046909092073,
        11.002192001488757,
        9.126556274664685,
        8.047890672339078,
        1.0511169385430703e-13
      ],
      "max_squeezing_db": 11.90046909092073,
      "displacements_xp": [
        [
          0.06616422258820076,
          -0.02790871739226473
        ],
        [
          -0.14118703896489565,
          0.16583325513429342
        ],
        [
          -2.6943654272559003e-07,
          -6.729760932510688e-07
        ],
        [
          -0.029189265239833007,
          0.1798811315768791
        ],
        [
          0.0,
          0.0
        ]
      ],
      "U_passive_reim": [
        [
          [
            -0.3028098702915918,
            0.42438748064648013
          ],
          [
            -0.04106960371786644,
            -0.402883215492505
          ],
          [
            -0.0009403310252362377,
            -0.018865344092531454
          ],
          [
            -0.7459137457883077,
            0.08634668183138804
          ],
          [
            3.5459995734664e-10,
            -1.3123588276041785e-10
          ]
        ],
        [
          [
            0.05500410038207873,
            -0.3780439358231885
          ],
          [
            0.4200469794273558,
            -0.1686606180133567
          ],
          [
            -0.562470582597719,
            0.42952074486647895
          ],
          [
            -0.1379815192136689,
            0.35954323290919227
          ],
          [
            -1.4269174032747038e-10,
            8.574450594793298e-11
          ]
        ],
        [
          [
            1.7801280128462814e-10,
            4.346277213928305e-10
          ],
          [
            -1.237562077788125e-10,
            -3.0515889611449906e-10
          ],
          [
            -8.212388605629771e-12,
            1.6635748595115627e-10
          ],
          [
            -2.0043336685773435e-10,
            -3.111926032921489e-10
          ],
          [
            -0.9420182301053922,
            0.33556169946688047
          ]
        ],
        [
          [
            -0.03103713577585565,
            0.4044413667505822
          ],
          [
            -0.3790617739927862,
            0.17408696293622383
          ],
          [
            -0.5318833854081825,
            0.463788408532804
          ],
          [
            0.11357134681618658,
            -0.388035698765634
          ],
          [
            3.7264872488976563e-10,
            2.2305355039076793e-11
          ]
        ],
        [
          [
            0.277825594744424,
            -0.5835542787279122
          ],
          [
            -0.6172568977433941,
            -0.27588467944319
          ],
          [
            -0.026919479627750664,
            -0.007596450833865141
          ],
          [
            -0.2855370310259769,
            -0.20699069540478146
          ],
          [
            -6.895557870248023e-11,
            -4.2307001072350915e-10
          ]
        ]
      ]
    },
    "state_source": "architecture_rule",
    "wigner_negvol": 1.7330023085241366
  },
  "k_eff_before": 3,
  "k_eff_after": 3,
  "herald_cutoff": 44
}