{
  "group": "B30_c30_a1p41_b1p41",
  "target_alpha": "(1.4142135623730951+0j)",
  "target_beta": "(1+1j)",
  "design": "B30",
  "depth": 5,
  "provenance": "output/experiments/B30_c30_a1p41_b1p41/20260709-051548_p64_i300#33",
  "exp_O": 0.7163356809534297,
  "vs_gaussian": -0.2432243190465702,
  "before": {
    "pnr_detections": [
      2,
      8
    ],
    "total_photons": 10,
    "prob": 0.0035967842987683655,
    "architecture": {
      "squeezings_r": [
        1.7426922951937356,
        1.387414063734773,
        0.8365720273221824
      ],
      "squeezings_db": [
        15.136832949159045,
        12.050925439899569,
        7.266372303612804
      ],
      "max_squeezing_db": 15.136832949159045,
      "displacements_xp": [
        [
          0.0,
          0.0
        ],
        [
          0.0,
          0.0
        ],
        [
          0.0,
          0.0
        ]
      ],
      "U_passive_reim": [
        [
          [
            0.3755136290494756,
            0.47341310861314445
          ],
          [
            0.1837115907456021,
            -0.45201131988380283
          ],
          [
            0.5965186227646971,
            -0.2024126819368398
          ]
        ],
        [
          [
            -0.17782434197834343,
            -0.003031781683001861
          ],
          [
            0.7295104540307046,
            -0.12429812421949148
          ],
          [
            -0.3823120668210397,
            -0.5239954857040778
          ]
        ],
        [
          [
            -0.7193459398511133,
            0.29288269582009446
          ],
          [
            -0.4399853333833933,
            -0.14392080567297869
          ],
          [
            0.10647433055542255,
            -0.4136714521738148
          ]
        ]
      ]
    },
    "wigner_negvol": 4.257258111039028
  },
  "after": {
    "pnr_detections": [
      2,
      4
    ],
    "total_photons": 6,
    "prob": 0.008794471646875432,
    "prob_gain": 2.661763674088907,
    "architecture": {
      "squeezings_r": [
        1.5349629210270894,
        1.3717217872481342,
        0.879172778869432
      ],
      "squeezings_db": [
        13.332518530563236,
        11.914624058166622,
        7.636397730050843
      ],
      "max_squeezing_db": 13.332518530563236,
      "displacements_xp": [
        [
          0.0,
          0.0
        ],
        [
          0.0,
          0.0
        ],
        [
          0.0,
          0.0
        ]
      ],
      "U_passive_reim": [
        [
          [
            0.13661386753542815,
            0.021055370304816155
          ],
          [
            -0.5861505437606299,
            0.20832787737480404
          ],
          [
            -0.6552251696204828,
            -0.40570966864468094
          ]
        ],
        [
          [
            -0.756993947747741,
            0.2883637118401004
          ],
          [
            -0.2749421913034093,
            -0.33123858975911874
          ],
          [
            -0.21528297368412014,
            0.3348844011065358
          ]
        ],
        [
          [
            -0.43503111545363565,
            0.36803231370709244
          ],
          [
            0.469788482708538,
            0.4549874780339643
          ],
          [
            -0.04780570387607916,
            -0.4952776349464872
          ]
        ]
      ]
    },
    "state_source": "architecture_rule",
    "wigner_negvol": 4.262328803577268
  },
  "k_eff_before": 2,
  "k_eff_after": 2,
  "herald_cutoff": 30
}