{
  "group": "B30_c30_a1p41_b1p41",
  "target_alpha": "(1.4142135623730951+0j)",
  "target_beta": "(1+1j)",
  "design": "B30",
  "depth": 3,
  "provenance": "output/experiments/B30_c30_a1p41_b1p41/20260708-062904_p64_i300#49",
  "exp_O": 0.6936426860855084,
  "vs_gaussian": -0.2659173139144916,
  "before": {
    "pnr_detections": [
      8,
      0,
      8,
      0
    ],
    "total_photons": 16,
    "prob": 0.00046501539880575263,
    "architecture": {
      "squeezings_r": [
        1.7910096087427125,
        1.3726409151424954,
        0.9649540526983402,
        0.31850519802302046,
        0.31722366115545314
      ],
      "squeezings_db": [
        15.55651180225324,
        11.92260750162031,
        8.381484407541377,
        2.766500999178006,
        2.7553697113792044
      ],
      "max_squeezing_db": 15.55651180225324,
      "displacements_xp": [
        [
          0.0,
          0.0
        ],
        [
          0.0,
          0.0
        ],
        [
          0.0,
          0.0
        ],
        [
          0.0,
          0.0
        ],
        [
          0.0,
          0.0
        ]
      ],
      "U_passive_reim": [
        [
          [
            -0.04199285234326718,
            0.4267063151103892
          ],
          [
            0.7159996377387001,
            0.20822404992368676
          ],
          [
            0.44921815061200115,
            -0.23794712823015085
          ],
          [
            0.021494530701890766,
            -0.02094125537001597
          ],
          [
            0.015209883323245224,
            -0.024452209284702656
          ]
        ],
        [
          [
            0.5502316054020218,
            -0.7127916431550385
          ],
          [
            0.2158095613065254,
            0.258065067906795
          ],
          [
            0.2675132888380673,
            0.006258804852532924
          ],
          [
            -0.043779789471193535,
            -0.04606788051423492
          ],
          [
            0.01898242255088111,
            -0.00035149643394661657
          ]
        ],
        [
          [
            -0.001132753784911847,
            0.06505689704318077
          ],
          [
            -0.004463970600240789,
            0.013234880188434602
          ],
          [
            -0.003537179007076114,
            0.024709653425664252
          ],
          [
            -0.9927761462744371,
            -0.0008129665373721863
          ],
          [
            0.09664056518519139,
            0.0019007776527204243
          ]
        ],
        [
          [
            -0.013247623656292246,
            -0.030362869371575243
          ],
          [
            0.4347016242867877,
            -0.37330955189113507
          ],
          [
            -0.06006442066153008,
            0.8154742338010259
          ],
          [
            0.007500360748366299,
            -0.005602798903586969
          ],
          [
            -0.04199698259822822,
            -0.010941617943133369
          ]
        ],
        [
          [
            0.0005294136469656663,
            -0.0004563224692597306
          ],
          [
            -0.004876054674451081,
            0.04766056104718461
          ],
          [
            0.011139311782772875,
            -0.025071128556642692
          ],
          [
            -0.09677832824837283,
            0.00130394809984166
          ],
          [
            -0.9937713526385767,
            -0.001521290266267745
          ]
        ]
      ]
    },
    "wigner_negvol": 2.7788868601757013
  },
  "after": {
    "pnr_detections": [
      4,
      0,
      4,
      0
    ],
    "total_photons": 8,
    "prob": 0.006849374009814876,
    "prob_gain": 7.397900890751389,
    "architecture": {
      "squeezings_r": [
        1.6084437640191094,
        1.5288689425222557,
        1.1383733638565723,
        6.705747068735496e-14,
        1.5543122344752168e-15
      ],
      "squeezings_db": [
        13.970765023303906,
        13.279586905813511,
        9.88778540537104,
        5.824537897981464e-13,
        1.3500584531745997e-14
      ],
      "max_squeezing_db": 13.970765023303906,
      "displacements_xp": [
        [
          0.0,
          0.0
        ],
        [
          0.0,
          0.0
        ],
        [
          0.0,
          0.0
        ],
        [
          0.0,
          0.0
        ],
        [
          0.0,
          0.0
        ]
      ],
      "U_passive_reim": [
        [
          [
            0.3520579012160717,
            0.05647338488762022
          ],
          [
            0.2504213472352266,
            -0.6926695912422636
          ],
          [
            0.5500555450767056,
            -0.1667419399497606
          ],
          [
            1.405395736848985e-08,
            -4.33202271695059e-09
          ],
          [
            -1.0860282706863608e-10,
            4.1839813030863695e-11
          ]
        ],
        [
          [
            3.070589696438857e-16,
            -1.8418340897095488e-16
          ],
          [
            4.642875392761833e-16,
            -5.709835082051581e-16
          ],
          [
            -7.704781590941467e-16,
            -5.404948769766872e-16
          ],
          [
            -0.0036709782476282422,
            0.007010583565660856
          ],
          [
            -0.4019340029551293,
            0.9156344428347168
          ]
        ],
        [
          [
            -0.40083700253304844,
            0.5825373930225293
          ],
          [
            0.22486803262265462,
            -0.004941869866090054
          ],
          [
            -0.11219985392696441,
            -0.6609092386525163
          ],
          [
            2.7990008481397564e-08,
            1.1282879585880742e-08
          ],
          [
            -2.2711669318396488e-10,
            -7.386649234687815e-11
          ]
        ],
        [
          [
            -2.1214256851938447e-09,
            3.518661299625808e-08
          ],
          [
            6.949999866686181e-11,
            -1.1997758960934296e-08
          ],
          [
            4.834660404736355e-09,
            -1.0836604478593397e-08
          ],
          [
            -0.9999581670783934,
            -0.0045869085443066455
          ],
          [
            0.007897279969092863,
            -0.0005072793268373265
          ]
        ],
        [
          [
            -0.6105118578690363,
            -0.011006612685262492
          ],
          [
            -0.06057132778763944,
            -0.635011059977586
          ],
          [
            -0.26220555112061533,
            0.3892228703406515
          ],
          [
            2.9460092415292466e-09,
            1.9787785737537497e-08
          ],
          [
            -3.4014371455138235e-11,
            -1.5462586636783253e-10
          ]
        ]
      ]
    },
    "state_source": "architecture_rule",
    "wigner_negvol": 2.6108083131713045
  },
  "k_eff_before": 2,
  "k_eff_after": 2,
  "herald_cutoff": 40
}