{
  "group": "B30_c30_a1p41_b1p41",
  "target_alpha": "(1.4142135623730951+0j)",
  "target_beta": "(1+1j)",
  "design": "B30",
  "depth": 3,
  "provenance": "output/experiments/B30_c30_a1p41_b1p41/20260708-062153_p64_i300#64",
  "exp_O": 0.5026582838357369,
  "vs_gaussian": -0.4569017161642631,
  "before": {
    "pnr_detections": [
      6,
      6,
      0,
      6
    ],
    "total_photons": 18,
    "prob": 9.453593985250688e-09,
    "architecture": {
      "squeezings_r": [
        1.8577976064652473,
        1.6201360183641256,
        1.4120110509424313,
        1.1596984467569265,
        1.075049125396382
      ],
      "squeezings_db": [
        16.136624979618517,
        14.072322654164903,
        12.264572156214186,
        10.073012721966105,
        9.337758058691316
      ],
      "max_squeezing_db": 16.136624979618517,
      "displacements_xp": [
        [
          0.18918482928981073,
          0.18462932119570322
        ],
        [
          -0.015500915656326275,
          -0.09353181929699134
        ],
        [
          -0.29980310087837336,
          -0.25872657899332535
        ],
        [
          1.3283422023146785,
          -3.9415308311470834
        ],
        [
          0.006590372290250571,
          0.44394040042519933
        ]
      ],
      "U_passive_reim": [
        [
          [
            -0.00831538408326833,
            -0.00885709078717519
          ],
          [
            0.6108934759086745,
            0.49416099189780244
          ],
          [
            -0.28610741772694126,
            0.18723986916208432
          ],
          [
            -0.12019553400615349,
            -0.3955858537732252
          ],
          [
            0.20257411508572604,
            0.23147106130927705
          ]
        ],
        [
          [
            -0.002087254701752857,
            0.005529102643626729
          ],
          [
            0.18982275128115977,
            -0.42552249854734187
          ],
          [
            -0.2829782873855119,
            0.2997981448652807
          ],
          [
            0.531263644914893,
            -0.21754772138166886
          ],
          [
            -0.5067611437983289,
            0.16288778828120132
          ]
        ],
        [
          [
            0.0015422905147566698,
            0.021760906591260024
          ],
          [
            -0.1367557150082861,
            0.10648960076318228
          ],
          [
            0.1342006079861881,
            0.262097409803331
          ],
          [
            0.2580641640294396,
            -0.4773572662357408
          ],
          [
            0.17514413460631365,
            -0.7467493072949057
          ]
        ],
        [
          [
            0.9926725941875644,
            -0.11806471016353325
          ],
          [
            0.010193367715017047,
            -0.0053170826005931975
          ],
          [
            -0.006763529361249686,
            0.006218837009180096
          ],
          [
            0.009361830531130768,
            0.005598462860246028
          ],
          [
            0.01804319317788605,
            0.0008403033187320665
          ]
        ],
        [
          [
            0.0012755069962670546,
            -0.001334560314935792
          ],
          [
            -0.32280674596600556,
            0.17644678940925637
          ],
          [
            -0.42070807844607067,
            0.6703309452643953
          ],
          [
            -0.33264689679331366,
            0.30701266655479875
          ],
          [
            -0.15116360709299262,
            -0.10275647116925626
          ]
        ]
      ]
    },
    "wigner_negvol": 2.526213353919099
  },
  "after": {
    "pnr_detections": [
      2,
      2,
      0,
      2
    ],
    "total_photons": 6,
    "prob": 0.004101199160094378,
    "prob_gain": 160323.5660315421,
    "architecture": {
      "squeezings_r": [
        1.3920801199102348,
        1.2752306663574589,
        0.9790050384516373,
        0.933519325321244,
        9.992007221626399e-16
      ],
      "squeezings_db": [
        12.091454288884641,
        11.076512831057023,
        8.50352971910054,
        8.108445834741257,
        8.678947198979576e-15
      ],
      "max_squeezing_db": 12.091454288884641,
      "displacements_xp": [
        [
          0.014943687521494619,
          0.16719909551106385
        ],
        [
          -0.2471940166400503,
          0.49068490469333925
        ],
        [
          -2.1783525550252914e-08,
          -2.0298467389023247e-07
        ],
        [
          -0.2519166414983257,
          0.4415930800537316
        ],
        [
          0.0,
          0.0
        ]
      ],
      "U_passive_reim": [
        [
          [
            -0.26121203389862546,
            0.4077902239113562
          ],
          [
            0.06878204443012134,
            0.4114399089003312
          ],
          [
            0.004138653528466268,
            -0.02488561831436442
          ],
          [
            -0.7611389250951971,
            0.10720425649189236
          ],
          [
            -2.818718616163698e-10,
            -1.032645046004352e-10
          ]
        ],
        [
          [
            -0.19294987916017842,
            -0.3560108609424309
          ],
          [
            -0.24641860240942112,
            0.3601879934295829
          ],
          [
            -0.3973696041554015,
            0.5867365828095336
          ],
          [
            0.0787420979322543,
            0.3704137617563079
          ],
          [
            -1.9452222982377615e-10,
            -4.673285644381069e-10
          ]
        ],
        [
          [
            6.875174585549718e-11,
            2.748698346038338e-10
          ],
          [
            2.9755904065121283e-11,
            3.7469844234759704e-10
          ],
          [
            -8.052640713686566e-12,
            6.577943734582188e-10
          ],
          [
            -1.0228995980773031e-10,
            -1.1012924592060059e-10
          ],
          [
            0.9257302839097811,
            0.3781844013868319
          ]
        ],
        [
          [
            0.012579463261346032,
            0.4368601777486746
          ],
          [
            0.33844704108363505,
            -0.20469066992898902
          ],
          [
            -0.6048585154915412,
            0.3610636441290724
          ],
          [
            0.0800441075513014,
            -0.3871981846537063
          ],
          [
            -1.7908401491477898e-10,
            -4.3725968575923697e-10
          ]
        ],
        [
          [
            0.500266928381066,
            -0.4002873470665743
          ],
          [
            0.4516941421783115,
            0.5244582399499632
          ],
          [
            -0.026590136771282157,
            -0.016533099725775997
          ],
          [
            -0.10558650708853001,
            -0.31351253145249247
          ],
          [
            -2.6255740896783164e-10,
            1.958580891733487e-10
          ]
        ]
      ]
    },
    "state_source": "architecture_rule",
    "wigner_negvol": 1.7532553542035687
  },
  "k_eff_before": 3,
  "k_eff_after": 3,
  "herald_cutoff": 44
}