{
  "group": "B30_c30_a1p41_b1p41",
  "target_alpha": "(1.4142135623730951+0j)",
  "target_beta": "(1+1j)",
  "design": "B30",
  "depth": 5,
  "provenance": "output/experiments/B30_c30_a1p41_b1p41/20260709-051548_p64_i300#25",
  "exp_O": 0.575355149804531,
  "vs_gaussian": -0.384204850195469,
  "before": {
    "pnr_detections": [
      6,
      6,
      2
    ],
    "total_photons": 14,
    "prob": 0.00020430133202077182,
    "architecture": {
      "squeezings_r": [
        1.8815125699324864,
        1.5557367659496255,
        1.507863660336491,
        1.5078146000458916
      ],
      "squeezings_db": [
        16.3426105350657,
        13.512957854918662,
        13.097137342931545,
        13.096711210661788
      ],
      "max_squeezing_db": 16.3426105350657,
      "displacements_xp": [
        [
          0.011085758718475364,
          2.5290173660814808
        ],
        [
          0.02405807099783239,
          0.14948016935669836
        ],
        [
          -0.03956195292592724,
          -0.15608935956774175
        ],
        [
          -0.011807211442287795,
          -0.005036807145796027
        ]
      ],
      "U_passive_reim": [
        [
          [
            0.19264017036998707,
            0.723158419169242
          ],
          [
            -0.6611862476473248,
            0.027439028652474183
          ],
          [
            0.00041216385305019396,
            6.906942178265245e-06
          ],
          [
            0.0448409096395126,
            0.000796284545407657
          ]
        ],
        [
          [
            -0.34426750747358725,
            -0.021060738932541855
          ],
          [
            -0.051882429677286554,
            0.35684909865207665
          ],
          [
            0.010346774223333485,
            -0.002562182292285773
          ],
          [
            0.8390263550135042,
            -0.21662044671116815
          ]
        ],
        [
          [
            -0.33976861609266573,
            -0.030712115473876776
          ],
          [
            -0.13710839772977118,
            0.3711951947444416
          ],
          [
            -0.7859560565104163,
            0.1598051843827433
          ],
          [
            -0.28727731735421974,
            0.035165201051048305
          ]
        ],
        [
          [
            -0.4504668221823837,
            -0.040763828481905955
          ],
          [
            -0.1821709706187977,
            0.492215330973201
          ],
          [
            0.5851224089234881,
            -0.1193874215019775
          ],
          [
            -0.40094828545703887,
            0.050740914170848764
          ]
        ]
      ]
    },
    "wigner_negvol": 3.4580886459466735
  },
  "after": {
    "pnr_detections": [
      2,
      2,
      2
    ],
    "total_photons": 6,
    "prob": 0.008139922240660895,
    "prob_gain": 28.770664151652237,
    "architecture": {
      "squeezings_r": [
        1.3609689621428591,
        1.3470520546923204,
        0.9969477886728977,
        0.9946830139563576
      ],
      "squeezings_db": [
        11.821226206004788,
        11.700345483786242,
        8.659378467325775,
        8.639706884082827
      ],
      "max_squeezing_db": 11.821226206004788,
      "displacements_xp": [
        [
          -0.0007280825398987085,
          0.02665647925090792
        ],
        [
          -0.009400344327325883,
          -0.0222520058585349
        ],
        [
          -0.004754716467872439,
          -0.004515299323844022
        ],
        [
          0.0,
          0.0
        ]
      ],
      "U_passive_reim": [
        [
          [
            -0.06848707540802304,
            -0.4037250379728132
          ],
          [
            0.400840324805927,
            -0.0650095171272454
          ],
          [
            0.6916639025864008,
            -0.1606593039070566
          ],
          [
            0.3933629363329874,
            -0.09204154037611724
          ]
        ],
        [
          [
            -0.053211107244600236,
            -0.4064755637286285
          ],
          [
            0.4023466519556952,
            -0.05364198985754989
          ],
          [
            -0.6905098023346069,
            0.13765118013551608
          ],
          [
            0.40565744934810716,
            -0.08292347084494632
          ]
        ],
        [
          [
            -0.05324013521305367,
            -0.41043378172444617
          ],
          [
            0.4005282801794363,
            -0.05392453144494669
          ],
          [
            -0.005831178731617092,
            -2.5802310439389687e-05
          ],
          [
            -0.7995491283994727,
            0.16144977073782116
          ]
        ],
        [
          [
            -0.699078305188024,
            0.06527580264160636
          ],
          [
            0.06619403483904354,
            0.7089626906355494
          ],
          [
            -0.001998890006114219,
            -2.3275712331164062e-05
          ],
          [
            -0.0022332959572043906,
            -0.0031404027788966495
          ]
        ]
      ]
    },
    "state_source": "architecture_rule",
    "wigner_negvol": 2.988845246154513
  },
  "k_eff_before": 3,
  "k_eff_after": 3,
  "herald_cutoff": 36
}