{
  "group": "B30_c30_a1p41_b1p41",
  "target_alpha": "(1.4142135623730951+0j)",
  "target_beta": "(1+1j)",
  "design": "B30",
  "depth": 5,
  "provenance": "output/experiments/B30_c30_a1p41_b1p41/20260710-143844_p64_i300#57",
  "exp_O": 0.5650626959532766,
  "vs_gaussian": -0.3944973040467233,
  "before": {
    "pnr_detections": [
      6,
      6,
      2,
      1
    ],
    "total_photons": 15,
    "prob": 4.236363227092076e-05,
    "architecture": {
      "squeezings_r": [
        1.7899683775692494,
        1.5521496302282254,
        1.456721722989702,
        1.4517153259848616,
        1.4353965586423048
      ],
      "squeezings_db": [
        15.547467783192829,
        13.48180038992582,
        12.652924119260499,
        12.609439107392115,
        12.467696095225406
      ],
      "max_squeezing_db": 15.547467783192829,
      "displacements_xp": [
        [
          -0.3485934463952083,
          3.092850176429988
        ],
        [
          -0.48201711827934596,
          0.33103416985097284
        ],
        [
          -0.3959139236363432,
          -0.05399066936471299
        ],
        [
          -0.49508981266295904,
          0.1756182768223192
        ],
        [
          -0.5970550591329169,
          1.224806173707258
        ]
      ],
      "U_passive_reim": [
        [
          [
            0.07856823106170424,
            0.7121361228958234
          ],
          [
            -0.6609064836644185,
            -0.0795643714035803
          ],
          [
            0.007456616204339404,
            0.002468045166843528
          ],
          [
            3.557246036565874e-06,
            1.2665309485771728e-06
          ],
          [
            -0.19099795527136393,
            -0.08378182907983024
          ]
        ],
        [
          [
            -0.3611086221901304,
            -0.03374816728701134
          ],
          [
            -0.10693304088994315,
            0.3156042495123648
          ],
          [
            0.8535707265350198,
            0.0047921743603489535
          ],
          [
            -0.009686731360106731,
            -0.0003561832653414962
          ],
          [
            -0.07012050966679192,
            0.15428580946077597
          ]
        ],
        [
          [
            -0.3466345591920532,
            -0.04536553458313891
          ],
          [
            -0.15997517989579557,
            0.3091829220909089
          ],
          [
            -0.29900349048917335,
            -0.008838490463679587
          ],
          [
            0.8006542573837372,
            0.02921004215595498
          ],
          [
            0.03312670057458494,
            0.15531021277285742
          ]
        ],
        [
          [
            -0.45771794919796027,
            -0.060568967817594195
          ],
          [
            -0.21410630122786298,
            0.40856409659365434
          ],
          [
            -0.4137001243951645,
            -0.011891867803328056
          ],
          [
            -0.5979304157646842,
            -0.02181941326395399
          ],
          [
            0.05005555468261012,
            0.2055916169933454
          ]
        ],
        [
          [
            0.11920218240267215,
            -0.07452361501655218
          ],
          [
            -0.3276777477691246,
            -0.06713002294039157
          ],
          [
            0.10268470314886358,
            0.004218240347871044
          ],
          [
            0.002948416726294305,
            0.00010896063476212611
          ],
          [
            0.9258132320787945,
            0.025634676008913816
          ]
        ]
      ]
    },
    "wigner_negvol": 3.308110697041703
  },
  "after": {
    "pnr_detections": [
      2,
      2,
      2,
      1
    ],
    "total_photons": 7,
    "prob": 0.0032041360800410205,
    "prob_gain": 91.00145112671791,
    "architecture": {
      "squeezings_r": [
        1.359176099165647,
        1.3245339055853818,
        0.9921271111998469,
        0.989181595801619,
        0.7081408409724679
      ],
      "squeezings_db": [
        11.805653596048549,
        11.50475532578988,
        8.617506594814147,
        8.59192217313792,
        6.15083319289342
      ],
      "max_squeezing_db": 11.805653596048549,
      "displacements_xp": [
        [
          -0.49561644661434845,
          0.04865324205457729
        ],
        [
          -0.4373931679934578,
          -0.02825059264184817
        ],
        [
          -0.34227456517364235,
          0.1607196277764153
        ],
        [
          -0.1662066653010062,
          1.2202847060622855
        ],
        [
          0.0,
          0.0
        ]
      ],
      "U_passive_reim": [
        [
          [
            -0.2018272360349224,
            0.3534034361018012
          ],
          [
            0.34038834058060463,
            0.20900592859447023
          ],
          [
            -0.04246760512505009,
            0.006249040604169449
          ],
          [
            0.8182931914847903,
            0.014721959756221053
          ],
          [
            -0.01698155239613489,
            -0.05359732372377258
          ]
        ],
        [
          [
            -0.22283401190855678,
            0.3449172044547236
          ],
          [
            0.33497317588289827,
            0.22178453161719525
          ],
          [
            -0.6871045787182016,
            -0.03563784354769001
          ],
          [
            -0.43856962506395153,
            -0.03297740185802354
          ],
          [
            -0.015240487823130696,
            -0.05418360141931003
          ]
        ],
        [
          [
            -0.235133909299094,
            0.3516633008319114
          ],
          [
            0.331977353674414,
            0.2150614689501186
          ],
          [
            0.7235625365584172,
            0.033231429471800654
          ],
          [
            -0.3691933682611427,
            -0.018792387277152427
          ],
          [
            -0.018412057420794277,
            -0.05423647946208841
          ]
        ],
        [
          [
            -0.017421289670220746,
            -0.07181382189372049
          ],
          [
            -0.03683754642118539,
            0.06899419887972288
          ],
          [
            -0.001833968246611399,
            -0.0005581334994851182
          ],
          [
            0.0012023214908023446,
            0.0009145562261755482
          ],
          [
            -0.9934624945027999,
            -0.03805764600622969
          ]
        ],
        [
          [
            0.693777872425283,
            -0.002325571723609444
          ],
          [
            0.002012931609062259,
            0.7186621162999397
          ],
          [
            0.009787576942667917,
            0.005305675045712798
          ],
          [
            -0.009397677506500841,
            -0.0010937496872699232
          ],
          [
            0.03685304995099875,
            0.024818528948130584
          ]
        ]
      ]
    },
    "state_source": "architecture_rule",
    "wigner_negvol": 2.730038389411356
  },
  "k_eff_before": 4,
  "k_eff_after": 4,
  "herald_cutoff": 38
}