{
  "group": "B30_c30_a1p41_b1p41",
  "target_alpha": "(1.4142135623730951+0j)",
  "target_beta": "(1+1j)",
  "design": "B30",
  "depth": 4,
  "provenance": "output/experiments/B30_c30_a1p41_b1p41/20260708-140351_p64_i1500#11155",
  "exp_O": 0.6640603740544586,
  "vs_gaussian": -0.2954996259455413,
  "before": {
    "pnr_detections": [
      8,
      0,
      10,
      0
    ],
    "total_photons": 18,
    "prob": 6.429589721077458e-05,
    "architecture": {
      "squeezings_r": [
        1.6395910408360863,
        1.2747837146363288,
        0.7564717118843893,
        0.38681445701497524,
        0.38082479596158353
      ],
      "squeezings_db": [
        14.24130683226243,
        11.072630657733745,
        6.570629803745937,
        3.359827684040127,
        3.30780214916095
      ],
      "max_squeezing_db": 14.24130683226243,
      "displacements_xp": [
        [
          0.0,
          0.0
        ],
        [
          0.0,
          0.0
        ],
        [
          0.0,
          0.0
        ],
        [
          0.0,
          0.0
        ],
        [
          0.0,
          0.0
        ]
      ],
      "U_passive_reim": [
        [
          [
            -0.019259579645317756,
            0.38169787268198413
          ],
          [
            -0.821284491524,
            -0.1496783977566853
          ],
          [
            -0.2673612979283209,
            0.2766643630022472
          ],
          [
            -0.005570028035383356,
            -0.09021509771646113
          ],
          [
            -0.016729542403230244,
            -0.023432109730164824
          ]
        ],
        [
          [
            -0.012870148007679147,
            -0.021327126918199702
          ],
          [
            -0.32815142371192857,
            0.2684231947038914
          ],
          [
            -0.12624532186539217,
            -0.8685056844382031
          ],
          [
            0.009329173445996911,
            0.11448956697064962
          ],
          [
            0.003934693231476424,
            0.19024921335174474
          ]
        ],
        [
          [
            -0.0001103180493215631,
            -0.002012858378414269
          ],
          [
            8.499941478622207e-05,
            0.08653556667579498
          ],
          [
            0.004589810892622543,
            -0.21852466660279915
          ],
          [
            -0.016424421193320986,
            -0.6425772340211625
          ],
          [
            -0.019994598535349215,
            -0.7288061341426587
          ]
        ],
        [
          [
            0.6116057473551131,
            -0.6702779458912341
          ],
          [
            -0.2195161795169414,
            -0.2594241082798854
          ],
          [
            -0.1782844754207846,
            0.02276443678539304
          ],
          [
            -0.06908940097780784,
            0.0762196865004594
          ],
          [
            0.0852405271760193,
            -0.10500169931160952
          ]
        ],
        [
          [
            0.00035537605314316697,
            -0.17313870313296828
          ],
          [
            -0.000541237682667178,
            -0.019413072873394648
          ],
          [
            0.001856016738667578,
            0.04066505362132542
          ],
          [
            -0.015418278154133328,
            -0.7447412597517482
          ],
          [
            0.013538144869024094,
            0.6425947889768208
          ]
        ]
      ]
    },
    "wigner_negvol": 2.2910643691177897
  },
  "after": {
    "pnr_detections": [
      4,
      0,
      4,
      0
    ],
    "total_photons": 8,
    "prob": 0.007470263027044351,
    "prob_gain": 15.988711909057264,
    "architecture": {
      "squeezings_r": [
        1.6481188977257697,
        1.5234225477652559,
        1.1348342158532292,
        2.3869795029440294e-14,
        1.8873791418627626e-15
      ],
      "squeezings_db": [
        14.315378856055434,
        13.232280122028873,
        9.857044756401224,
        2.0733040530895176e-13,
        1.639356693140585e-14
      ],
      "max_squeezing_db": 14.315378856055434,
      "displacements_xp": [
        [
          0.0,
          0.0
        ],
        [
          0.0,
          0.0
        ],
        [
          0.0,
          0.0
        ],
        [
          0.0,
          0.0
        ],
        [
          0.0,
          0.0
        ]
      ],
      "U_passive_reim": [
        [
          [
            0.2839159511212444,
            -0.6020337842066851
          ],
          [
            -0.20359575649978987,
            -0.09427876039987323
          ],
          [
            -0.27040264761895844,
            -0.658399382446626
          ],
          [
            -1.247882102234733e-09,
            -1.049490391666638e-08
          ],
          [
            -1.0622209823296431e-10,
            -3.930026832158395e-10
          ]
        ],
        [
          [
            -3.922020914524971e-18,
            -2.942850422454083e-16
          ],
          [
            2.861416224703436e-16,
            -5.165231691602233e-16
          ],
          [
            2.955586809141848e-16,
            5.963486176071994e-16
          ],
          [
            -0.0314091069944908,
            -0.0222488124065029
          ],
          [
            0.8905986518961574,
            0.4531583603830512
          ]
        ],
        [
          [
            0.36751102237863575,
            0.2018198488741536
          ],
          [
            0.2732690598336436,
            -0.6192509600311638
          ],
          [
            -0.5670446681554989,
            0.2109905466725087
          ],
          [
            -1.950189756943213e-08,
            2.073372903118704e-08
          ],
          [
            -6.273527069703468e-10,
            8.992059909158542e-10
          ]
        ],
        [
          [
            -3.777284686203315e-11,
            2.620991223951886e-09
          ],
          [
            -9.933785829257252e-10,
            2.6118037767783126e-08
          ],
          [
            -1.8483330852515928e-10,
            -2.1751517611184792e-08
          ],
          [
            0.016976293444352617,
            0.9991147400600191
          ],
          [
            0.006231789805940106,
            0.03798297581161479
          ]
        ],
        [
          [
            -0.6173713971047505,
            0.0020026083616367482
          ],
          [
            -0.04372421903176209,
            -0.6997147600136251
          ],
          [
            0.2482795276393292,
            -0.2563069859387557
          ],
          [
            9.11022847145178e-09,
            1.251163862146559e-08
          ],
          [
            4.1714202604949243e-10,
            4.2591513427166065e-10
          ]
        ]
      ]
    },
    "state_source": "architecture_rule",
    "wigner_negvol": 2.417360266462751
  },
  "k_eff_before": 2,
  "k_eff_after": 2,
  "herald_cutoff": 44
}