{
  "group": "B30_c30_a1p41_b1p41",
  "target_alpha": "(1.4142135623730951+0j)",
  "target_beta": "(1+1j)",
  "design": "B30",
  "depth": 5,
  "provenance": "output/experiments/B30_c30_a1p41_b1p41/20260710-105757_p64_i800#10213",
  "exp_O": 0.5658081953787703,
  "vs_gaussian": -0.3937518046212297,
  "before": {
    "pnr_detections": [
      6,
      6,
      2,
      1
    ],
    "total_photons": 15,
    "prob": 4.3208335571656004e-05,
    "architecture": {
      "squeezings_r": [
        1.7656628888451968,
        1.5665378018862195,
        1.4266285180864426,
        1.42392214526951,
        1.41431753245873
      ],
      "squeezings_db": [
        15.336352990536474,
        13.606774461040693,
        12.39153786261511,
        12.368030607007775,
        12.284606000116995
      ],
      "max_squeezing_db": 15.336352990536474,
      "displacements_xp": [
        [
          -0.6240129688355092,
          3.0104544910970175
        ],
        [
          -0.5100561225060594,
          0.4763143887931181
        ],
        [
          -0.43346696960436476,
          0.1001702691401385
        ],
        [
          -0.521896537617134,
          0.37869147319925317
        ],
        [
          -0.5833708228698573,
          1.1844761378675517
        ]
      ],
      "U_passive_reim": [
        [
          [
            0.09285377890240859,
            0.7159045143378109
          ],
          [
            -0.6766173020893032,
            -0.07477558239268843
          ],
          [
            -0.0020955062746653816,
            -0.0011227629944941544
          ],
          [
            5.050893124206619e-06,
            2.803672334967069e-06
          ],
          [
            0.10543467282616598,
            0.06583630362414951
          ]
        ],
        [
          [
            -0.3536448971377546,
            -0.03503274568079224
          ],
          [
            -0.12814846501844732,
            0.3350371672275574
          ],
          [
            -0.855579673654014,
            0.011008773742426672
          ],
          [
            -0.023368559112440873,
            -6.37337777390019e-05
          ],
          [
            0.01631277268434932,
            -0.1099367532228488
          ]
        ],
        [
          [
            -0.3441664465175488,
            -0.04113342000252011
          ],
          [
            -0.14579466395017493,
            0.3302798470075729
          ],
          [
            0.286165682505947,
            -0.0010397204329668593
          ],
          [
            0.808505691467916,
            0.002027526050345166
          ],
          [
            -0.04526122197893649,
            -0.10904410300007361
          ]
        ],
        [
          [
            -0.4583911347150138,
            -0.05563605887336358
          ],
          [
            -0.19671005378341003,
            0.44039950437957504
          ],
          [
            0.4270895197966237,
            -0.0018689662689658625
          ],
          [
            -0.5880062985076703,
            -0.0014844756885393098
          ],
          [
            -0.06918015835131557,
            -0.1455581390138441
          ]
        ],
        [
          [
            0.11891767063933552,
            -0.07117006801032434
          ],
          [
            -0.20211078810230476,
            -0.06394924175080755
          ],
          [
            -0.059629453725160465,
            -0.0002749876889588634
          ],
          [
            0.0038381583563154406,
            1.180731293562172e-05
          ],
          [
            -0.9655485576330073,
            0.00079795070540282
          ]
        ]
      ]
    },
    "wigner_negvol": 3.292367019465178
  },
  "after": {
    "pnr_detections": [
      2,
      2,
      2,
      1
    ],
    "total_photons": 7,
    "prob": 0.002916760652019255,
    "prob_gain": 81.18250543967089,
    "architecture": {
      "squeezings_r": [
        1.3647465066406412,
        1.324692327705926,
        0.9865185002734033,
        0.9808004955542672,
        0.722309659919853
      ],
      "squeezings_db": [
        11.854037540615401,
        11.506131362845156,
        8.568790819284212,
        8.519124861343862,
        6.273901990572131
      ],
      "max_squeezing_db": 11.854037540615401,
      "displacements_xp": [
        [
          -0.5130212536323062,
          0.04420837005433812
        ],
        [
          -0.4553669442931809,
          -0.030577422875511892
        ],
        [
          -0.3286087167770726,
          0.31284956435000316
        ],
        [
          -0.14290477955195324,
          1.1801368093068547
        ],
        [
          0.0,
          0.0
        ]
      ],
      "U_passive_reim": [
        [
          [
            -0.17567060233144743,
            0.3678787388877056
          ],
          [
            0.35669812572272996,
            0.17820796586965104
          ],
          [
            0.6152103094750766,
            0.0069335741051939
          ],
          [
            0.5416136125544573,
            -0.0036744074761887184
          ],
          [
            -0.02237847671793149,
            -0.04921421368155462
          ]
        ],
        [
          [
            -0.1873300742753246,
            0.36442140990933597
          ],
          [
            0.35804312804244365,
            0.18572754403849617
          ],
          [
            -0.7715231826598085,
            -0.021589854842818154
          ],
          [
            0.2660398635630083,
            -0.0008259422867440931
          ],
          [
            -0.021303364800622067,
            -0.04968912726075394
          ]
        ],
        [
          [
            -0.19637263481850487,
            0.3785522194824093
          ],
          [
            0.34710127658679685,
            0.1818939758751364
          ],
          [
            0.16039472256422432,
            0.0015398155101776598
          ],
          [
            -0.797195259637042,
            -0.010211928811293045
          ],
          [
            -0.0258286767130896,
            -0.05050511533206574
          ]
        ],
        [
          [
            -0.018275666135128682,
            -0.07020621033331538
          ],
          [
            -0.035492368325818355,
            0.06527226376375131
          ],
          [
            -0.0007217353143189659,
            0.00048293156139333555
          ],
          [
            0.0029688158223745435,
            -0.00023882841355577666
          ],
          [
            -0.9945789962916689,
            -0.004461674128870704
          ]
        ],
        [
          [
            0.6881301139787488,
            0.07252304416885541
          ],
          [
            -0.07591219677793146,
            0.7165690566440787
          ],
          [
            -0.0008093980437729951,
            0.004879563898812861
          ],
          [
            -0.0073331110068479005,
            -0.013269941178104937
          ],
          [
            0.0318363555562542,
            0.02675060897610523
          ]
        ]
      ]
    },
    "state_source": "architecture_rule",
    "wigner_negvol": 2.7834645688058615
  },
  "k_eff_before": 4,
  "k_eff_after": 4,
  "herald_cutoff": 38
}