{
  "group": "B30_c30_a1p41_b1p41",
  "target_alpha": "(1.4142135623730951+0j)",
  "target_beta": "(1+1j)",
  "design": "B30",
  "depth": 5,
  "provenance": "output/experiments/B30_c30_a1p41_b1p41/20260709-060955_p64_i300#64",
  "exp_O": 0.5026007391965313,
  "vs_gaussian": -0.4569592608034687,
  "before": {
    "pnr_detections": [
      6,
      6,
      0,
      6
    ],
    "total_photons": 18,
    "prob": 8.737532742474434e-09,
    "architecture": {
      "squeezings_r": [
        1.8555234435490615,
        1.614139691435123,
        1.4021942795179998,
        1.1515052485154562,
        1.0608296887159887
      ],
      "squeezings_db": [
        16.116871851509547,
        14.020239220225829,
        12.179304763019463,
        10.001847506257906,
        9.214249600969966
      ],
      "max_squeezing_db": 16.116871851509547,
      "displacements_xp": [
        [
          0.1674781430200318,
          0.1781998717811773
        ],
        [
          -0.02356572875574127,
          -0.0778937804328017
        ],
        [
          -0.22995081091514685,
          -0.3116643062157033
        ],
        [
          1.3311264915598304,
          -3.9314401365708407
        ],
        [
          0.003246379710542535,
          0.45663142903361253
        ]
      ],
      "U_passive_reim": [
        [
          [
            -0.007438579490023896,
            -0.007914310891462197
          ],
          [
            0.6143126644862286,
            0.49372660068351254
          ],
          [
            -0.28013136399210337,
            0.19004472905158615
          ],
          [
            -0.1370744018122433,
            -0.41732310459655664
          ],
          [
            0.18990448985555825,
            0.1874400293044652
          ]
        ],
        [
          [
            -0.0018636929213882234,
            0.004917236300149288
          ],
          [
            0.19119841729092876,
            -0.42560901403924106
          ],
          [
            -0.2857408296685416,
            0.29571079666178673
          ],
          [
            0.5780572628106093,
            -0.2298710725959014
          ],
          [
            -0.45471935322361007,
            0.13935273060566333
          ]
        ],
        [
          [
            -0.0036120437509377552,
            0.021206094778060208
          ],
          [
            -0.15393887705324963,
            0.06363334427397842
          ],
          [
            0.07834488915183821,
            0.27236283016586443
          ],
          [
            0.32730573705339594,
            -0.3447587546520912
          ],
          [
            0.3716688882712959,
            -0.7261859503419058
          ]
        ],
        [
          [
            0.9938549840666068,
            -0.10789598498687636
          ],
          [
            0.009079715923693343,
            -0.004912240646745199
          ],
          [
            -0.006260338413950527,
            0.00589325792029567
          ],
          [
            0.007675313533667426,
            0.0053136693982116685
          ],
          [
            0.018464023057371243,
            0.0014723201079367254
          ]
        ],
        [
          [
            0.0010670339428317812,
            -0.0011053716990190325
          ],
          [
            -0.3227014219900915,
            0.1707775364255009
          ],
          [
            -0.43051759059212963,
            0.6712510497706633
          ],
          [
            -0.31465511732278906,
            0.3081858089499967
          ],
          [
            -0.17094371575192122,
            -0.08697705221409643
          ]
        ]
      ]
    },
    "wigner_negvol": 2.525752437496728
  },
  "after": {
    "pnr_detections": [
      2,
      2,
      0,
      2
    ],
    "total_photons": 6,
    "prob": 0.004113104470310647,
    "prob_gain": 166460.1980630896,
    "architecture": {
      "squeezings_r": [
        1.3927002325837334,
        1.2736253665579818,
        0.9799700147683916,
        0.9330628059836383,
        1.5543122344752168e-15
      ],
      "squeezings_db": [
        12.096840519129817,
        11.062569374162756,
        8.511911396891213,
        8.104480558157173,
        1.3500584531745997e-14
      ],
      "max_squeezing_db": 12.096840519129817,
      "displacements_xp": [
        [
          0.002695855107374138,
          0.1721064330303062
        ],
        [
          -0.347585935498047,
          0.42290024294022677
        ],
        [
          -2.6968232235617595e-08,
          -2.77473637022586e-07
        ],
        [
          -0.26317014432934466,
          0.44255934565914534
        ],
        [
          0.0,
          0.0
        ]
      ],
      "U_passive_reim": [
        [
          [
            -0.26092108930964236,
            0.40976860427181583
          ],
          [
            0.07192419447202403,
            0.4089794292014701
          ],
          [
            0.0017446383356215394,
            -0.02643515812819204
          ],
          [
            -0.7612360351915227,
            0.10672605222668673
          ],
          [
            -3.694885212083793e-10,
            -1.4257633079272715e-10
          ]
        ],
        [
          [
            -0.10945995081892884,
            -0.38855916982910976
          ],
          [
            -0.3223441173273847,
            0.2970400370102302
          ],
          [
            -0.5185364515114425,
            0.48316768746231104
          ],
          [
            -0.007549758836935177,
            0.37750988402102437
          ],
          [
            -1.204136291814749e-10,
            -6.537768811159587e-10
          ]
        ],
        [
          [
            9.142087493525405e-11,
            3.6058774299844525e-10
          ],
          [
            2.8074685441320984e-11,
            4.956733222455747e-10
          ],
          [
            -2.926490184988149e-11,
            8.644073853334954e-10
          ],
          [
            -1.3794346577319766e-10,
            -1.4045940902781158e-10
          ],
          [
            0.9186451284760836,
            0.3950836973695049
          ]
        ],
        [
          [
            0.012591811992873956,
            0.4371391858999591
          ],
          [
            0.33659210953862806,
            -0.20307484680967622
          ],
          [
            -0.6058904384868917,
            0.35868134781878436
          ],
          [
            0.08533522599510171,
            -0.3888180850892174
          ],
          [
            -2.2801524179384163e-10,
            -5.789261923972855e-10
          ]
        ],
        [
          [
            0.3925615931195505,
            -0.5056642570361509
          ],
          [
            0.5626021997099147,
            0.4054248961868395
          ],
          [
            -0.03275081491035674,
            -0.011786615198052722
          ],
          [
            -0.17450849089231013,
            -0.2786462266536946
          ],
          [
            -2.7721972489456323e-10,
            3.3000746247133617e-10
          ]
        ]
      ]
    },
    "state_source": "architecture_rule",
    "wigner_negvol": 1.7558424070550493
  },
  "k_eff_before": 3,
  "k_eff_after": 3,
  "herald_cutoff": 44
}