{
  "group": "B30_c30_a1p41_b1p41",
  "target_alpha": "(1.4142135623730951+0j)",
  "target_beta": "(1+1j)",
  "design": "B30",
  "depth": 3,
  "provenance": "output/experiments/B30_c30_a1p41_b1p41/20260708-023945_p64_i4000#8279",
  "exp_O": 0.850023372179883,
  "vs_gaussian": -0.1095366278201169,
  "before": {
    "pnr_detections": [
      8,
      0
    ],
    "total_photons": 8,
    "prob": 0.006995962849109962,
    "architecture": {
      "squeezings_r": [
        1.7909635711404346,
        1.257128985440276,
        0.9049015915863721
      ],
      "squeezings_db": [
        15.556111924720653,
        10.919283628346905,
        7.859875357828628
      ],
      "max_squeezing_db": 15.556111924720653,
      "displacements_xp": [
        [
          0.0,
          2.563823249083448
        ],
        [
          0.0,
          0.0
        ],
        [
          0.0,
          4.060424027252439
        ]
      ],
      "U_passive_reim": [
        [
          [
            -0.0011422796590555867,
            -0.40537423813743984
          ],
          [
            0.9122871821380825,
            0.005330188318726842
          ],
          [
            0.00086690137114765,
            -0.05808060892179377
          ]
        ],
        [
          [
            -0.5223530397389051,
            0.7368755644789414
          ],
          [
            0.33212857438482546,
            0.23956795096064046
          ],
          [
            -0.07378136011684863,
            0.10495628708323367
          ]
        ],
        [
          [
            -3.8938126887012384e-05,
            0.1408265780485372
          ],
          [
            -0.0004607749034634878,
            0.0011318282356978287
          ],
          [
            -1.7069325932218653e-06,
            -0.9900335247088268
          ]
        ]
      ]
    },
    "wigner_negvol": 3.1652487593273446
  },
  "after": {
    "pnr_detections": [
      4,
      0
    ],
    "total_photons": 4,
    "prob": 0.07009458349620429,
    "prob_gain": 8.467129472818577,
    "architecture": {
      "squeezings_r": [
        1.4901243786060239,
        1.1417002961049283,
        7.77156117237609e-16
      ],
      "squeezings_db": [
        12.943055899562163,
        9.91668277171358,
        6.750292265873004e-15
      ],
      "max_squeezing_db": 12.943055899562163,
      "displacements_xp": [
        [
          0.7095089921291363,
          -1.0025351083369136
        ],
        [
          4.569558886093787e-12,
          3.3816680730430625e-08
        ],
        [
          0.0,
          0.0
        ]
      ],
      "U_passive_reim": [
        [
          [
            0.47268165929008116,
            -0.6676852853585775
          ],
          [
            -0.46940271832003555,
            -0.33230933890002706
          ],
          [
            9.570618542436191e-10,
            2.3018063434808674e-10
          ]
        ],
        [
          [
            2.560756783814679e-12,
            -1.2483634566033066e-09
          ],
          [
            6.415026194577957e-11,
            -9.60622070648606e-13
          ],
          [
            -0.929654919354944,
            0.3684314467023031
          ]
        ],
        [
          [
            -0.42391075702611636,
            0.3886747724820289
          ],
          [
            -0.5528566756177445,
            -0.6029768548945179
          ],
          [
            -6.935692407794432e-10,
            -3.354778648417196e-10
          ]
        ]
      ]
    },
    "state_source": "core_exact",
    "wigner_negvol": 4.5017823714811795
  },
  "k_eff_before": 1,
  "k_eff_after": 1,
  "herald_cutoff": 30
}