{
  "group": "B30_c30_a1p41_b1p41",
  "target_alpha": "(1.4142135623730951+0j)",
  "target_beta": "(1+1j)",
  "design": "B30",
  "depth": 4,
  "provenance": "output/experiments/B30_c30_a1p41_b1p41/20260708-170200_p64_i300#25",
  "exp_O": 0.7267985484672149,
  "vs_gaussian": -0.232761451532785,
  "before": {
    "pnr_detections": [
      4,
      2
    ],
    "total_photons": 6,
    "prob": 0.007436145293334897,
    "architecture": {
      "squeezings_r": [
        1.8748705299291046,
        1.5502182356348626,
        1.4251883727135672
      ],
      "squeezings_db": [
        16.284918508624713,
        13.465024509640317,
        12.379028918843545
      ],
      "max_squeezing_db": 16.284918508624713,
      "displacements_xp": [
        [
          0.0,
          0.0
        ],
        [
          0.0,
          0.0
        ],
        [
          0.0,
          0.0
        ]
      ],
      "U_passive_reim": [
        [
          [
            0.08100166604865965,
            0.7063263796952405
          ],
          [
            -0.1452165472999344,
            -0.003724293091161523
          ],
          [
            0.6797719082475706,
            0.10653737481593244
          ]
        ],
        [
          [
            -0.48362464826276935,
            0.0806133562302692
          ],
          [
            0.6766243230340825,
            -0.09172273611697918
          ],
          [
            0.19698391098922483,
            -0.5045517717333657
          ]
        ],
        [
          [
            -0.5033892120370217,
            0.027381801231984516
          ],
          [
            -0.6813732091153696,
            0.2199893158518488
          ],
          [
            -0.03736647600517204,
            -0.48144421841772295
          ]
        ]
      ]
    },
    "wigner_negvol": 3.881672679894887
  },
  "after": {
    "pnr_detections": [
      2,
      2
    ],
    "total_photons": 4,
    "prob": 0.0306249807345326,
    "prob_gain": 4.240554242610941,
    "architecture": {
      "squeezings_r": [
        1.2976356415230985,
        1.2210634949491717,
        0.9904057766697961
      ],
      "squeezings_db": [
        11.271119972689357,
        10.606022758198488,
        8.602555273055938
      ],
      "max_squeezing_db": 11.271119972689357,
      "displacements_xp": [
        [
          0.0,
          0.0
        ],
        [
          0.0,
          0.0
        ],
        [
          0.0,
          0.0
        ]
      ],
      "U_passive_reim": [
        [
          [
            0.47462675719674896,
            -0.17499261569951696
          ],
          [
            0.20437147626375418,
            0.4580769645738649
          ],
          [
            -0.6683092162317481,
            0.21416725127762704
          ]
        ],
        [
          [
            0.5175067461697317,
            -0.1265520607976753
          ],
          [
            0.07690083017639984,
            0.45294306678675367
          ],
          [
            0.7044191226244444,
            -0.09430739009047741
          ]
        ],
        [
          [
            0.3275122197753981,
            0.5941499097685776
          ],
          [
            0.6424416813559839,
            -0.3529806238889855
          ],
          [
            0.016811770645067343,
            -0.04596041996109626
          ]
        ]
      ]
    },
    "state_source": "architecture_rule",
    "wigner_negvol": 3.5477902992541077
  },
  "k_eff_before": 2,
  "k_eff_after": 2,
  "herald_cutoff": 30
}