{
 "exp_hi": 1.00470413288748,
 "exp_stored": 1.0047041328874802,
 "prob": 0.00079468977442794,
 "logP": -3.0998023751775086,
 "vs_gaussian": 0.04514424737484424,
 "vs_gs": 0.8989946332128533,
 "total_photons": 6.0,
 "fired_modes": 2.0,
 "max_pnr": 3.0,
 "wigner_negvol": NaN,
 "indep_fidelity": NaN,
 "root": "experiments",
 "run": "20260226-015926_p64_i2500",
 "cell_idx": 800.0,
 "target_alpha": "(1.4142+0j)",
 "target_beta": "(1+1j)"
}