{
 "homodyne_x": [
  -0.025809329003095627,
  -0.24469849467277527,
  0.26439109444618225,
  0.6389377117156982,
  -0.37346383929252625,
  -0.3008285164833069,
  -1.0042755603790283
 ],
 "homodyne_window": 0.1,
 "mix_params": [
  [
   0.7853981633974483,
   0.0,
   0.0
  ],
  [
   0.7853981633974483,
   0.0,
   0.0
  ],
  [
   0.7853981633974483,
   0.0,
   0.0
  ],
  [
   0.7853981633974483,
   0.0,
   0.0
  ],
  [
   0.7853981633974483,
   0.0,
   0.0
  ],
  [
   0.7853981633974483,
   0.0,
   0.0
  ],
  [
   0.7853981633974483,
   0.0,
   0.0
  ]
 ],
 "mix_source": [
  0,
  0,
  0,
  0,
  0,
  0,
  0
 ],
 "leaf_active": [
  false,
  false,
  true,
  false,
  false,
  false,
  true,
  true
 ],
 "leaf_params.n_ctrl": [
  1,
  1,
  1,
  1,
  1,
  1,
  1,
  1
 ],
 "leaf_params.pnr": [
  [
   2,
   0
  ],
  [
   0,
   1
  ],
  [
   3,
   0
  ],
  [
   0,
   0
  ],
  [
   1,
   0
  ],
  [
   3,
   0
  ],
  [
   3,
   0
  ],
  [
   0,
   4
  ]
 ],
 "leaf_params.r": [
  [
   -0.6765329693721959,
   0.7355528148568568,
   -0.41659991925298256
  ],
  [
   -0.6765329693721959,
   0.7355528148568568,
   -0.41659991925298256
  ],
  [
   -0.6765329693721959,
   0.7355528148568568,
   -0.41659991925298256
  ],
  [
   -0.6765329693721959,
   0.7355528148568568,
   -0.41659991925298256
  ],
  [
   -0.6765329693721959,
   0.7355528148568568,
   -0.41659991925298256
  ],
  [
   -0.6765329693721959,
   0.7355528148568568,
   -0.41659991925298256
  ],
  [
   -0.6765329693721959,
   0.7355528148568568,
   -0.41659991925298256
  ],
  [
   -0.6765329693721959,
   0.7355528148568568,
   -0.41659991925298256
  ]
 ],
 "leaf_params.phases": [
  [
   3.971415682236946,
   3.067885427487214,
   2.189406546525039,
   2.955545335364965,
   2.578083563423228,
   2.666161070122991,
   3.495213422083103,
   3.983345381267305,
   2.906380543072032
  ],
  [
   3.971415682236946,
   3.067885427487214,
   2.189406546525039,
   2.955545335364965,
   2.578083563423228,
   2.666161070122991,
   3.495213422083103,
   3.983345381267305,
   2.906380543072032
  ],
  [
   3.971415682236946,
   3.067885427487214,
   2.189406546525039,
   2.955545335364965,
   2.578083563423228,
   2.666161070122991,
   3.495213422083103,
   3.983345381267305,
   2.906380543072032
  ],
  [
   3.971415682236946,
   3.067885427487214,
   2.189406546525039,
   2.955545335364965,
   2.578083563423228,
   2.666161070122991,
   3.495213422083103,
   3.983345381267305,
   2.906380543072032
  ],
  [
   3.971415682236946,
   3.067885427487214,
   2.189406546525039,
   2.955545335364965,
   2.578083563423228,
   2.666161070122991,
   3.495213422083103,
   3.983345381267305,
   2.906380543072032
  ],
  [
   3.971415682236946,
   3.067885427487214,
   2.189406546525039,
   2.955545335364965,
   2.578083563423228,
   2.666161070122991,
   3.495213422083103,
   3.983345381267305,
   2.906380543072032
  ],
  [
   3.971415682236946,
   3.067885427487214,
   2.189406546525039,
   2.955545335364965,
   2.578083563423228,
   2.666161070122991,
   3.495213422083103,
   3.983345381267305,
   2.906380543072032
  ],
  [
   3.971415682236946,
   3.067885427487214,
   2.189406546525039,
   2.955545335364965,
   2.578083563423228,
   2.666161070122991,
   3.495213422083103,
   3.983345381267305,
   2.906380543072032
  ]
 ],
 "leaf_params.disp": [
  [
   "(0.04532326115249786-0.49273700751907296j)",
   "(-0.0665420471003206-0.223492837459318j)",
   "(-0.01694111382807887-0.4079165672718153j)"
  ],
  [
   "(0.04532326115249786-0.49273700751907296j)",
   "(-0.0665420471003206-0.223492837459318j)",
   "(-0.01694111382807887-0.4079165672718153j)"
  ],
  [
   "(0.04532326115249786-0.49273700751907296j)",
   "(-0.0665420471003206-0.223492837459318j)",
   "(-0.01694111382807887-0.4079165672718153j)"
  ],
  [
   "(0.04532326115249786-0.49273700751907296j)",
   "(-0.0665420471003206-0.223492837459318j)",
   "(-0.01694111382807887-0.4079165672718153j)"
  ],
  [
   "(0.04532326115249786-0.49273700751907296j)",
   "(-0.0665420471003206-0.223492837459318j)",
   "(-0.01694111382807887-0.4079165672718153j)"
  ],
  [
   "(0.04532326115249786-0.49273700751907296j)",
   "(-0.0665420471003206-0.223492837459318j)",
   "(-0.01694111382807887-0.4079165672718153j)"
  ],
  [
   "(0.04532326115249786-0.49273700751907296j)",
   "(-0.0665420471003206-0.223492837459318j)",
   "(-0.01694111382807887-0.4079165672718153j)"
  ],
  [
   "(0.04532326115249786-0.49273700751907296j)",
   "(-0.0665420471003206-0.223492837459318j)",
   "(-0.01694111382807887-0.4079165672718153j)"
  ]
 ],
 "leaf_params.pnr_max": [
  15,
  15,
  15,
  15,
  15,
  15,
  15,
  15
 ],
 "final_gauss.r": 0.04369319267126359,
 "final_gauss.phi": -0.6544882424177864,
 "final_gauss.varphi": 0.09635013387440998,
 "final_gauss.disp": "(-0.5721055054222891+0.2946284123091713j)"
}