{
 "homodyne_x": -2.733346939086914,
 "homodyne_window": 0.1,
 "mix_params": [
  [
   0.2868414521217346,
   -1.3718916177749634,
   -1.1771748065948486
  ],
  [
   1.3096998929977417,
   -0.9052387475967407,
   -1.2261676788330078
  ],
  [
   0.7703971266746521,
   1.302570104598999,
   0.9680197834968567
  ],
  [
   1.1936942338943481,
   -1.0040299892425537,
   -1.3979711532592773
  ],
  [
   1.4221817255020142,
   -0.48997536301612854,
   -0.385947048664093
  ],
  [
   1.364719271659851,
   0.7935269474983215,
   0.6703007221221924
  ],
  [
   1.5299670696258545,
   -0.8910976648330688,
   1.1460299491882324
  ]
 ],
 "mix_source": [
  0,
  0,
  0,
  0,
  0,
  0,
  0
 ],
 "leaf_active": [
  true,
  false,
  false,
  false,
  false,
  true,
  false,
  false
 ],
 "leaf_params.n_ctrl": [
  0,
  0,
  1,
  0,
  2,
  2,
  2,
  2
 ],
 "leaf_params.pnr": [
  [
   1,
   2
  ],
  [
   0,
   0
  ],
  [
   0,
   0
  ],
  [
   2,
   0
  ],
  [
   1,
   0
  ],
  [
   3,
   0
  ],
  [
   2,
   0
  ],
  [
   0,
   0
  ]
 ],
 "leaf_params.r": [
  [
   0.7833874225616455,
   -0.3663918972015381,
   -0.2581925392150879
  ],
  [
   -1.6816253662109375,
   0.06814055144786835,
   -1.2938278913497925
  ],
  [
   -1.4363906383514404,
   -1.2528737783432007,
   1.6886754035949707
  ],
  [
   -1.9467569589614868,
   0.7402684092521667,
   1.9728537797927856
  ],
  [
   1.347704529762268,
   1.7664331197738647,
   1.0127018690109253
  ],
  [
   1.80691659450531,
   0.29516348242759705,
   -0.6497467160224915
  ],
  [
   -1.9776604175567627,
   -0.9954004287719727,
   0.7458288073539734
  ],
  [
   1.5557008981704712,
   -1.0820668935775757,
   1.8988683223724365
  ]
 ],
 "leaf_params.phases": [
  [
   3.279142379760742,
   2.683070421218872,
   5.485228061676025,
   6.208547592163086,
   1.5515884160995483,
   0.3812408745288849,
   2.864964723587036,
   6.2472944259643555,
   1.0490217208862305
  ],
  [
   3.8629581928253174,
   0.267811119556427,
   4.144739151000977,
   5.285309791564941,
   0.11440965533256531,
   4.264821529388428,
   5.786505699157715,
   0.5134249925613403,
   6.069214820861816
  ],
  [
   5.646560192108154,
   4.849111557006836,
   0.6354790925979614,
   2.179461717605591,
   5.773010730743408,
   3.583852529525757,
   6.2230048179626465,
   4.317230224609375,
   3.7376229763031006
  ],
  [
   3.122520685195923,
   5.293611526489258,
   3.398094892501831,
   2.83193039894104,
   5.420693397521973,
   2.254446506500244,
   3.9621660709381104,
   4.118757724761963,
   1.3077746629714966
  ],
  [
   3.1741154193878174,
   0.4249340295791626,
   0.6672328114509583,
   2.211409091949463,
   1.43324613571167,
   2.560955286026001,
   3.319373369216919,
   4.665724754333496,
   2.920480489730835
  ],
  [
   1.4246562719345093,
   2.2193119525909424,
   1.979871153831482,
   3.6718478202819824,
   3.641759157180786,
   3.1511621475219727,
   4.433111667633057,
   5.75156307220459,
   5.465055465698242
  ],
  [
   0.31018882989883423,
   3.7112648487091064,
   3.093499183654785,
   4.781976222991943,
   3.5154848098754883,
   0.785241425037384,
   5.757301330566406,
   2.6476879119873047,
   3.0558342933654785
  ],
  [
   4.995664596557617,
   1.7198423147201538,
   6.200277328491211,
   1.4416651725769043,
   5.122082710266113,
   4.054744243621826,
   5.850182056427002,
   6.0182390213012695,
   3.24210262298584
  ]
 ],
 "leaf_params.disp": [
  [
   "(2.7820470333099365+2.797687530517578j)",
   "(-1.5096142292022705+1.5438361167907715j)",
   "(2.777498722076416-1.0858491659164429j)"
  ],
  [
   "(1.188310980796814-1.822618007659912j)",
   "(-0.16713398694992065+1.520205020904541j)",
   "(0.22757810354232788+1.4761372804641724j)"
  ],
  [
   "(-0.898899257183075+0.3982580900192261j)",
   "(-0.4538976550102234+1.8284685611724854j)",
   "(2.2284069061279297-1.968393325805664j)"
  ],
  [
   "(2.274695634841919-0.5195883512496948j)",
   "(-1.9156920909881592+1.4710246324539185j)",
   "(-2.146653413772583+0.0845210924744606j)"
  ],
  [
   "(1.3543062210083008+0.19315564632415771j)",
   "(-2.8867580890655518-2.2047505378723145j)",
   "(-0.4292958378791809-2.509763717651367j)"
  ],
  [
   "(-2.7071447372436523-2.963923454284668j)",
   "(2.1978049278259277-2.633936882019043j)",
   "(-0.6631660461425781-2.4729251861572266j)"
  ],
  [
   "(-2.1963419914245605-1.249084234237671j)",
   "(-2.1264517307281494-0.5137264132499695j)",
   "(2.81057071685791-2.63737416267395j)"
  ],
  [
   "(-1.9115506410598755+1.290184497833252j)",
   "(-1.7700965404510498+2.894883632659912j)",
   "(0.4070795178413391-1.0496783256530762j)"
  ]
 ],
 "leaf_params.pnr_max": [
  3,
  3,
  3,
  3,
  3,
  3,
  3,
  3
 ],
 "final_gauss.r": 0.11390285938978195,
 "final_gauss.phi": 0.41204261779785156,
 "final_gauss.varphi": 1.429679274559021,
 "final_gauss.disp": "(1.4047716856002808+1.4750914573669434j)"
}