{
  "group": "B30F_c30_a1p00_b1p00",
  "target_alpha": "(1+0j)",
  "target_beta": "(1+0j)",
  "design": "B30F",
  "depth": 5,
  "provenance": "output/experiments/B30F_c30_a1p00_b1p00/20260705-164542_p64_i800#5666",
  "exp_O": 0.6222316518303186,
  "vs_gaussian": -0.0444353481696814,
  "before": {
    "pnr_detections": [
      6,
      6
    ],
    "total_photons": 12,
    "prob": 0.0028264651949035883,
    "architecture": {
      "squeezings_r": [
        1.7882498805647062,
        1.5676206245119324,
        1.3156739013021084
      ],
      "squeezings_db": [
        15.532541107868022,
        13.616179738865235,
        11.427798306392585
      ],
      "max_squeezing_db": 15.532541107868022,
      "displacements_xp": [
        [
          0.0,
          0.011034140516629931
        ],
        [
          -0.10627322632918541,
          0.036406066593466624
        ],
        [
          -0.10627322632918541,
          0.036406066593466624
        ]
      ],
      "U_passive_reim": [
        [
          [
            0.0013841055535550784,
            -0.5978885104200241
          ],
          [
            -2.176147847122644e-14,
            2.573895131817401e-14
          ],
          [
            -0.8015134857865828,
            -0.0101757290541019
          ]
        ],
        [
          [
            -0.37887872720651017,
            -0.42156210603339006
          ],
          [
            0.4719949156982204,
            0.5265176267118773
          ],
          [
            0.317355920098256,
            -0.2793233057272165
          ]
        ],
        [
          [
            -0.3788787360596151,
            -0.4215621158838608
          ],
          [
            -0.4719949046693081,
            -0.5265176144089899
          ],
          [
            0.31735592751377284,
            -0.2793233122539915
          ]
        ]
      ]
    },
    "wigner_negvol": 3.4223959654656175
  },
  "after": {
    "pnr_detections": [
      2,
      2
    ],
    "total_photons": 4,
    "prob": 0.03216446803764962,
    "prob_gain": 13.48768727372503,
    "architecture": {
      "squeezings_r": [
        1.2947694225970343,
        1.2487991204078264,
        0.9737060325787124
      ],
      "squeezings_db": [
        11.24622431141903,
        10.84693133997507,
        8.457503138896854
      ],
      "max_squeezing_db": 11.24622431141903,
      "displacements_xp": [
        [
          -0.025304299432233508,
          -0.011631783671084112
        ],
        [
          -0.025302731109084882,
          -0.011630060177345577
        ],
        [
          0.0,
          0.0
        ]
      ],
      "U_passive_reim": [
        [
          [
            0.3468378705601218,
            0.37600603438584057
          ],
          [
            -0.3588717279504834,
            0.33103483761947466
          ],
          [
            0.47116312880323546,
            0.5272146421213856
          ]
        ],
        [
          [
            0.3467729425781825,
            0.3759333928678711
          ],
          [
            -0.35887253748760894,
            0.3310333628436605
          ],
          [
            -0.47121025545658124,
            -0.5272674085288072
          ]
        ],
        [
          [
            0.6809171497746704,
            -0.11444386928101602
          ],
          [
            -0.11989626682256296,
            -0.7133577776149329
          ],
          [
            -4.6580659115746883e-05,
            8.67561152608303e-06
          ]
        ]
      ]
    },
    "state_source": "architecture_rule",
    "wigner_negvol": 2.786042550442338
  },
  "k_eff_before": 2,
  "k_eff_after": 2,
  "herald_cutoff": 32
}