{
  "group": "00B_c30_a2p73_b1p41",
  "target_alpha": "(2.7320508+0j)",
  "target_beta": "(1+1j)",
  "design": "00B",
  "depth": 3,
  "provenance": "experiments/00B_c30_a2p73_b1p41/20260616-165402_p64_i2500#1050",
  "exp_O": 0.5725715119723103,
  "vs_gaussian": -0.5167448845812634,
  "before": {
    "pnr_detections": [
      3,
      2,
      2,
      4
    ],
    "total_photons": 11,
    "prob": 2.4123721361179054e-06,
    "architecture": {
      "squeezings_r": [
        1.078682965396813,
        0.9452991576011363,
        0.754974705931344,
        0.46922762324081385,
        0.10797163098196243
      ],
      "squeezings_db": [
        9.369321191897445,
        8.210764157879316,
        6.557626975250258,
        4.07565935060127,
        0.9378296707512093
      ],
      "max_squeezing_db": 9.369321191897445,
      "displacements_xp": [
        [
          2.274119406483016,
          2.318283470841789
        ],
        [
          0.31420016014990915,
          -0.7574242639370754
        ],
        [
          -0.06921677188962963,
          0.014759537226915975
        ],
        [
          -0.2357663178581129,
          0.037441652044769874
        ],
        [
          -0.3284354846694323,
          -0.10859503650372378
        ]
      ],
      "U_passive_reim": [
        [
          [
            0.3069972488585022,
            0.6553768302462246
          ],
          [
            -0.302646140866086,
            -0.19795154490369926
          ],
          [
            0.34988999629902695,
            -0.2666519602401351
          ],
          [
            0.10987786136290482,
            -0.21627024631054786
          ],
          [
            -0.27549273635317195,
            0.13109504112862586
          ]
        ],
        [
          [
            -0.06491262671003123,
            -0.22294084485918045
          ],
          [
            -0.013125758070497928,
            0.2063676432042404
          ],
          [
            0.2421004644728622,
            -0.18672615898524708
          ],
          [
            0.8210690990157329,
            0.1491399946345039
          ],
          [
            0.11303471992038241,
            0.3172861426024638
          ]
        ],
        [
          [
            0.20942809751148608,
            -0.1811205150433983
          ],
          [
            -0.22619788008483785,
            0.15745520126524393
          ],
          [
            0.3000988921090986,
            -0.13041299711326165
          ],
          [
            0.12044453497350871,
            0.013792604625370693
          ],
          [
            0.07883112090846367,
            -0.8481740665751247
          ]
        ],
        [
          [
            0.2516834960274618,
            0.4268241947097819
          ],
          [
            0.5639608061087039,
            0.6202075390303662
          ],
          [
            0.05274496411230685,
            0.19324138679661496
          ],
          [
            0.02578672876141743,
            0.07393876994867499
          ],
          [
            0.03068142008874815,
            -0.06760052448146235
          ]
        ],
        [
          [
            0.180766289951044,
            -0.259717027195003
          ],
          [
            -0.18797832977088927,
            0.11161520273607424
          ],
          [
            0.24359990733351794,
            0.7116616855769609
          ],
          [
            0.06702926783049945,
            -0.46843878042923703
          ],
          [
            -0.2133087496848434,
            0.12978868301157637
          ]
        ]
      ]
    },
    "wigner_negvol": 3.6654387661022434
  },
  "after": {
    "pnr_detections": [
      1,
      2,
      2,
      2
    ],
    "total_photons": 7,
    "prob": 0.0006060956075407574,
    "prob_gain": 24.6168510494214,
    "architecture": {
      "squeezings_r": [
        1.5426286417662918,
        1.2385640489177712,
        1.0792035340405934,
        0.5343930798701562,
        0.207498238515441
      ],
      "squeezings_db": [
        13.399102134900176,
        10.758030638574745,
        9.373842793686359,
        4.641679315097851,
        1.8023067998380164
      ],
      "max_squeezing_db": 13.399102134900176,
      "displacements_xp": [
        [
          -0.2379573764941025,
          0.27384059161412144
        ],
        [
          0.2103981882120628,
          -0.11015381500315079
        ],
        [
          0.23620637231670025,
          0.009380334484765981
        ],
        [
          0.22168518802580595,
          0.3468342521496214
        ],
        [
          0.0,
          0.0
        ]
      ],
      "U_passive_reim": [
        [
          [
            -0.13114449001651374,
            0.3591808759458069
          ],
          [
            0.0965765917305215,
            0.047466150497660835
          ],
          [
            -0.07689822741967002,
            -0.015484681623825018
          ],
          [
            0.7562058113956432,
            0.1793535016676114
          ],
          [
            -0.3149140944432469,
            -0.3645150754173235
          ]
        ],
        [
          [
            -0.5132048767026115,
            0.35252439022021204
          ],
          [
            -0.02669024025625711,
            0.08346261990385409
          ],
          [
            -0.008057482017065026,
            -0.03815351742106203
          ],
          [
            0.028067810613277063,
            0.1639383053411703
          ],
          [
            -0.08743502642179712,
            0.7535515000835582
          ]
        ],
        [
          [
            0.12628977319514156,
            -0.031756708362960816
          ],
          [
            -0.3466859834355646,
            -0.4548586889307407
          ],
          [
            -0.4887115093551695,
            -0.6319712562807673
          ],
          [
            0.05531564213931756,
            0.09100061382663348
          ],
          [
            -0.018593483786464773,
            0.07772740115984954
          ]
        ],
        [
          [
            -0.4102890142014303,
            -0.06764737615430638
          ],
          [
            -0.014538450148273485,
            0.481312328817977
          ],
          [
            -0.012162386953677329,
            -0.506625847239746
          ],
          [
            0.03864069178529966,
            -0.4994609852578085
          ],
          [
            0.2229101220823056,
            -0.19430094901790979
          ]
        ],
        [
          [
            0.5135208583727091,
            -0.11208487820896319
          ],
          [
            0.15411801741257314,
            0.6308951283200233
          ],
          [
            -0.05310218774113785,
            -0.3073469539700521
          ],
          [
            0.011313151631474415,
            0.32542007323146854
          ],
          [
            -0.2191606880734715,
            0.22497259999320854
          ]
        ]
      ]
    },
    "state_source": "architecture_rule",
    "wigner_negvol": 1.9455716134813548
  },
  "k_eff_before": 4,
  "k_eff_after": 4,
  "herald_cutoff": 30
}