{
  "group": "00B_c30_a2p73_b1p41",
  "target_alpha": "(2.7320508+0j)",
  "target_beta": "(1+1j)",
  "design": "00B",
  "depth": 3,
  "provenance": "output_old/experiments/00B_c30_a2p73_b1p41/20260529-081916_p64_i2500#800",
  "exp_O": 1.7051988593246334,
  "vs_gaussian": 0.6158824627710597,
  "before": {
    "pnr_detections": [
      0,
      0,
      4
    ],
    "total_photons": 4,
    "prob": 0.300584502455368,
    "architecture": {
      "squeezings_r": [
        0.7739962713546715,
        0.5767784101623723,
        0.007637560293919948,
        0.002030420734084757
      ],
      "squeezings_db": [
        6.722846193260516,
        5.009833616288976,
        0.06633900581705623,
        0.017636010415099195
      ],
      "max_squeezing_db": 6.722846193260516,
      "displacements_xp": [
        [
          -0.8516993333170646,
          0.04272493943098388
        ],
        [
          0.002997281567269771,
          -0.010729433099613897
        ],
        [
          -0.0033931670862454356,
          -0.0012232651713006085
        ],
        [
          -2.07387303185746,
          -2.9439600948129465
        ]
      ],
      "U_passive_reim": [
        [
          [
            -0.004128710706237048,
            -0.016034571657048875
          ],
          [
            -0.44386993305197664,
            -0.8959363306297354
          ],
          [
            0.00047736011599410893,
            -0.0001560577892115615
          ],
          [
            -0.0017311093243739329,
            0.0004138642632581037
          ]
        ],
        [
          [
            4.0995981735405e-06,
            -3.968338261448862e-06
          ],
          [
            0.0005016750859905492,
            1.7190058480119852e-05
          ],
          [
            0.1772968249395172,
            -0.9841572837634909
          ],
          [
            7.493770305419222e-05,
            -0.00013805806941916967
          ]
        ],
        [
          [
            -1.4226457396160575e-05,
            1.402401999357294e-05
          ],
          [
            -0.001779710770893088,
            -3.409524848175551e-05
          ],
          [
            1.1874354989616595e-05,
            0.00015576446442508215
          ],
          [
            0.24189683691698713,
            -0.9703003282252396
          ]
        ],
        [
          [
            -0.8468397690599017,
            0.5315903040562647
          ],
          [
            0.01190380735902841,
            -0.011508816368819567
          ],
          [
            7.015913372272723e-06,
            1.4589924114084308e-06
          ],
          [
            -2.414016812790044e-05,
            -7.3477198822664045e-06
          ]
        ]
      ]
    },
    "wigner_negvol": 1.3368859889798879
  },
  "after": {
    "pnr_detections": [
      0,
      0,
      2
    ],
    "total_photons": 2,
    "prob": null,
    "prob_gain": null,
    "architecture": {
      "squeezings_r": [
        0.0,
        0.0,
        0.0
      ],
      "squeezings_db": [
        0.0,
        0.0,
        0.0
      ],
      "max_squeezing_db": 0.0,
      "displacements_xp": [
        [
          NaN,
          NaN
        ],
        [
          NaN,
          NaN
        ],
        [
          NaN,
          NaN
        ]
      ],
      "U_passive_reim": [
        [
          [
            0.0,
            0.0
          ],
          [
            0.0,
            0.0
          ],
          [
            1.0,
            0.0
          ]
        ],
        [
          [
            0.0,
            0.0
          ],
          [
            1.0,
            0.0
          ],
          [
            0.0,
            0.0
          ]
        ],
        [
          [
            1.0,
            0.0
          ],
          [
            0.0,
            0.0
          ],
          [
            0.0,
            0.0
          ]
        ]
      ]
    },
    "state_source": "core_exact",
    "wigner_negvol": 3.3864295161608142
  },
  "k_eff_before": 1,
  "k_eff_after": 1,
  "herald_cutoff": 30
}