{
  "group": "00B_c30_a2p73_b1p41",
  "target_alpha": "(2.7320508+0j)",
  "target_beta": "(1+1j)",
  "design": "00B",
  "depth": 3,
  "provenance": "experiments/00B_c30_a2p73_b1p41/20260616-171728_p64_i2500#551",
  "exp_O": 0.759979166369331,
  "vs_gaussian": -0.3293372301842426,
  "before": {
    "pnr_detections": [
      4,
      2
    ],
    "total_photons": 6,
    "prob": 0.0025609186822890036,
    "architecture": {
      "squeezings_r": [
        1.0492999628517974,
        0.7834576322705712,
        0.5612975388033578
      ],
      "squeezings_db": [
        9.114103674556455,
        6.805026530001922,
        4.875368476163493
      ],
      "max_squeezing_db": 9.114103674556455,
      "displacements_xp": [
        [
          0.013571289879116155,
          -0.02003370848242636
        ],
        [
          -0.008656685691513517,
          -0.0064742464966207605
        ],
        [
          0.008403826030615485,
          0.0010001310093275234
        ]
      ],
      "U_passive_reim": [
        [
          [
            0.26289097024861696,
            0.6609656957528293
          ],
          [
            0.6523890497720993,
            0.027762891094814383
          ],
          [
            -0.16445905626737112,
            0.20145385383972905
          ]
        ],
        [
          [
            -0.1657301337222053,
            0.6434627172310309
          ],
          [
            -0.43234353743040305,
            -0.4962786912723145
          ],
          [
            0.11041333700764185,
            -0.33628064998170715
          ]
        ],
        [
          [
            0.13032997556526324,
            -0.1884569939772863
          ],
          [
            0.3713503294974593,
            -0.05003207599977494
          ],
          [
            -0.1659578896720672,
            -0.8829222853111585
          ]
        ]
      ]
    },
    "wigner_negvol": 3.8990512154316708
  },
  "after": {
    "pnr_detections": [
      2,
      2
    ],
    "total_photons": 4,
    "prob": 0.023209496697130187,
    "prob_gain": 5.333614669575825,
    "architecture": {
      "squeezings_r": [
        1.2959334187796065,
        1.14581626460541,
        1.0312198443332585
      ],
      "squeezings_db": [
        11.256334653799982,
        9.952433619862516,
        8.95706176046129
      ],
      "max_squeezing_db": 11.256334653799982,
      "displacements_xp": [
        [
          0.00816399372248613,
          0.015790229786901137
        ],
        [
          -0.013258901382415523,
          -0.004305901505425027
        ],
        [
          0.0,
          0.0
        ]
      ],
      "U_passive_reim": [
        [
          [
            0.005274111329849478,
            0.5190451142163595
          ],
          [
            -0.5209285058957961,
            -0.007943042011472772
          ],
          [
            -0.007031444777926964,
            0.6775583456580847
          ]
        ],
        [
          [
            -0.04455677082013964,
            -0.5567389378635593
          ],
          [
            0.39100660936047,
            -0.04510560391039017
          ],
          [
            0.061511172648672445,
            0.7275659013534994
          ]
        ],
        [
          [
            -0.6465587072413784,
            -0.02413794707099449
          ],
          [
            -0.026989919086201165,
            0.756915622793458
          ],
          [
            -0.08725890351948865,
            0.010740837818618884
          ]
        ]
      ]
    },
    "state_source": "architecture_rule",
    "wigner_negvol": 3.386086586640838
  },
  "k_eff_before": 2,
  "k_eff_after": 2,
  "herald_cutoff": 30
}