{
  "group": "00B_c30_a2p73_b1p41",
  "target_alpha": "(2.7320508+0j)",
  "target_beta": "(1+1j)",
  "design": "00B",
  "depth": 3,
  "provenance": "output_old/experiments/00B_c30_a2p73_b1p41/20260529-081916_p64_i2500#1957",
  "exp_O": 1.2300276428055368,
  "vs_gaussian": 0.140711246251963,
  "before": {
    "pnr_detections": [
      0,
      14
    ],
    "total_photons": 14,
    "prob": 6.912162096349984e-05,
    "architecture": {
      "squeezings_r": [
        1.010151292839008,
        0.8384460713387404,
        0.5057860082583097
      ],
      "squeezings_db": [
        8.77406264734834,
        7.282650043117503,
        4.393201448209129
      ],
      "max_squeezing_db": 8.77406264734834,
      "displacements_xp": [
        [
          2.014967899404139,
          0.789722872215388
        ],
        [
          2.761774174515603,
          1.7432516487300531
        ],
        [
          -1.9420349946967188,
          5.49473915190827
        ]
      ],
      "U_passive_reim": [
        [
          [
            -0.5012749762222788,
            -0.2705208572364221
          ],
          [
            -0.8197336813522266,
            0.059699936888305084
          ],
          [
            0.0024684049310646316,
            -0.002894854535438985
          ]
        ],
        [
          [
            0.16775532256394854,
            0.49670928798205477
          ],
          [
            -0.28070373201008364,
            -0.22510673466502096
          ],
          [
            0.7709490881690537,
            0.036165056051300215
          ]
        ],
        [
          [
            0.3247922789870925,
            0.5433137900952109
          ],
          [
            -0.39460702688429017,
            -0.19821774988598828
          ],
          [
            -0.6271848494617261,
            0.10466271338015651
          ]
        ]
      ]
    },
    "wigner_negvol": 1.0574823511487819
  },
  "after": {
    "pnr_detections": [
      0,
      6
    ],
    "total_photons": 6,
    "prob": 0.0986811134385425,
    "prob_gain": 4.063622471210679,
    "architecture": {
      "squeezings_r": [
        1.48420861699122,
        2.9938304844238177e-06,
        3.5463934113496887e-07
      ],
      "squeezings_db": [
        12.891672247050876,
        2.6004081182780066e-05,
        3.0803581784144374e-06
      ],
      "max_squeezing_db": 12.891672247050876,
      "displacements_xp": [
        [
          6.255665923283762e-06,
          6.439350521325945e-06
        ],
        [
          1.7599878496056165,
          -1.8412533416921986
        ],
        [
          0.0,
          0.0
        ]
      ],
      "U_passive_reim": [
        [
          [
            -2.1331219929320388e-10,
            4.076719634203886e-09
          ],
          [
            -0.15235754114787725,
            0.2875691476721626
          ],
          [
            -0.835540982954958,
            -0.44267644026437736
          ]
        ],
        [
          [
            0.7193007174625509,
            0.6946984482247013
          ],
          [
            -0.00048444459435612643,
            0.0005015991741900374
          ],
          [
            0.00017264076207704107,
            0.00016673008570449783
          ]
        ],
        [
          [
            0.0005336298694042339,
            0.000509049322975279
          ],
          [
            0.6526709357543021,
            -0.6841866180332563
          ],
          [
            -0.235478336022724,
            -0.22463020878264872
          ]
        ]
      ]
    },
    "state_source": "core_exact",
    "wigner_negvol": 0.05167368903870395
  },
  "k_eff_before": 1,
  "k_eff_after": 1,
  "herald_cutoff": 36
}