{
  "group": "00B_c30_a2p73_b1p41",
  "target_alpha": "(2.7320508+0j)",
  "target_beta": "(1+1j)",
  "design": "00B",
  "depth": 3,
  "provenance": "experiments/00B_c30_a2p73_b1p41/20260616-171728_p64_i2500#801",
  "exp_O": 0.807588159354593,
  "vs_gaussian": -0.2817282371989806,
  "before": {
    "pnr_detections": [
      0,
      3,
      3
    ],
    "total_photons": 6,
    "prob": 0.0029310048333341552,
    "architecture": {
      "squeezings_r": [
        1.0584232703618737,
        0.7020086209918699,
        0.4028977751020753,
        0.038496866798652885
      ],
      "squeezings_db": [
        9.193347716723107,
        6.097569406905608,
        3.4995256099585736,
        0.334379536424389
      ],
      "max_squeezing_db": 9.193347716723107,
      "displacements_xp": [
        [
          1.4916237370655316,
          -1.4476589469847079
        ],
        [
          -0.03482445676553986,
          0.010143022593642784
        ],
        [
          -1.2953066490389633,
          0.5201364265467305
        ],
        [
          1.1966729620031225,
          -0.7951758049244545
        ]
      ],
      "U_passive_reim": [
        [
          [
            0.4768782308592333,
            0.48895741782077184
          ],
          [
            -0.37183252947470186,
            0.34047293315706
          ],
          [
            0.3680481342778783,
            0.37929805946342465
          ],
          [
            -0.00031427925489812755,
            -4.972811905039421e-05
          ]
        ],
        [
          [
            0.0002553264395134858,
            -1.934643032967512e-05
          ],
          [
            -1.1089607115378358e-05,
            -5.209696732822612e-05
          ],
          [
            0.00031883198423740777,
            -4.3314369974136396e-05
          ],
          [
            0.741309111769783,
            -0.6711636379260846
          ]
        ],
        [
          [
            0.48659347506691675,
            0.12701899085153012
          ],
          [
            -0.4131654154694642,
            -0.4539840449473368
          ],
          [
            -0.20692860346242925,
            -0.5722467177965345
          ],
          [
            3.077809153334224e-05,
            0.00019614140365055115
          ]
        ],
        [
          [
            0.18083075343935984,
            -0.49789651085406195
          ],
          [
            -0.13813801155336947,
            -0.5915483624625124
          ],
          [
            0.3249179030735596,
            0.49478889712113133
          ],
          [
            -0.00015817992283215872,
            7.905031483574357e-05
          ]
        ]
      ]
    },
    "wigner_negvol": 3.3069228446921843
  },
  "after": {
    "pnr_detections": [
      0,
      1,
      1
    ],
    "total_photons": 2,
    "prob": 0.029876435797569108,
    "prob_gain": 4.463297456789038,
    "architecture": {
      "squeezings_r": [
        0.9457095135485757,
        0.8069957469852406,
        0.33779738722393027,
        6.914468997360694e-13
      ],
      "squeezings_db": [
        8.2143284643511,
        7.0094759967016556,
        2.934070825453779,
        6.005831461689719e-12
      ],
      "max_squeezing_db": 8.2143284643511,
      "displacements_xp": [
        [
          -1.454406022791491e-07,
          3.750392615689281e-08
        ],
        [
          1.1472263245416952,
          0.169224742481443
        ],
        [
          -0.5278806945268428,
          1.0430724967313196
        ],
        [
          0.0,
          0.0
        ]
      ],
      "U_passive_reim": [
        [
          [
            -1.2902575173947512e-09,
            3.00673033894231e-11
          ],
          [
            1.9516996945038575e-13,
            -3.366402413703705e-10
          ],
          [
            1.7374274219159165e-09,
            -4.4023574201942125e-11
          ],
          [
            0.7409819188857425,
            -0.6715249778559279
          ]
        ],
        [
          [
            0.5704916206769993,
            0.1332172084276741
          ],
          [
            0.2882244887664443,
            0.4158551512841613
          ],
          [
            0.06820211211055494,
            0.629390256713176
          ],
          [
            -9.573650539014363e-11,
            -1.2689977703449532e-09
          ]
        ],
        [
          [
            0.23386766691609814,
            -0.5318723781838094
          ],
          [
            0.1554386607161925,
            0.48238402526459156
          ],
          [
            -0.4610081173778143,
            -0.43935598133218834
          ],
          [
            9.6983833288417e-10,
            -8.08748190658212e-10
          ]
        ],
        [
          [
            -0.24678914028968613,
            -0.508237438651924
          ],
          [
            -0.6281442256657639,
            0.3042539135537832
          ],
          [
            0.18898657590981538,
            0.39741450421877994
          ],
          [
            -1.1516148048712135e-09,
            -5.091061191317972e-10
          ]
        ]
      ]
    },
    "state_source": "architecture_rule",
    "wigner_negvol": 3.4778775389660725
  },
  "k_eff_before": 2,
  "k_eff_after": 2,
  "herald_cutoff": 30
}