{
  "group": "00B_c30_a2p73_b1p41",
  "target_alpha": "(2.7320508+0j)",
  "target_beta": "(1+1j)",
  "design": "00B",
  "depth": 3,
  "provenance": "experiments/00B_c30_a2p73_b1p41/20260616-165402_p64_i2500#1051",
  "exp_O": 0.8166955578377508,
  "vs_gaussian": -0.2726208387158229,
  "before": {
    "pnr_detections": [
      0,
      3,
      3,
      0
    ],
    "total_photons": 6,
    "prob": 0.0003965032000326386,
    "architecture": {
      "squeezings_r": [
        0.6643460454251245,
        0.596548189276837,
        0.17598397119820935,
        1.1381227586233836e-07,
        5.551115123125783e-17
      ],
      "squeezings_db": [
        5.770436432047574,
        5.1815517358461385,
        1.5285773518960626,
        9.885608675972842e-07,
        4.821637332766436e-16
      ],
      "max_squeezing_db": 5.770436432047574,
      "displacements_xp": [
        [
          1.7596264203882388,
          3.0279489194762217
        ],
        [
          -9.38991705097417e-15,
          -1.834040897382128e-15
        ],
        [
          0.18983797356744903,
          1.4299205932908179
        ],
        [
          0.9809240412622051,
          0.3519950216616477
        ],
        [
          1.0014790603240535e-05,
          -2.4592384794320957e-06
        ]
      ],
      "U_passive_reim": [
        [
          [
            -0.5528503622990647,
            -0.5603812615501401
          ],
          [
            -0.3717749853125061,
            0.2632542298209463
          ],
          [
            -0.385943677591125,
            0.15445830218217962
          ],
          [
            -3.8352163612166997e-07,
            -9.069798464821024e-07
          ],
          [
            -6.394580480047902e-16,
            -3.027704849566753e-15
          ]
        ],
        [
          [
            -5.700175526528294e-16,
            -4.0890868252060294e-16
          ],
          [
            1.7853622847567448e-16,
            -3.526792061937801e-16
          ],
          [
            -7.228300532555458e-16,
            8.306976649008022e-16
          ],
          [
            -3.0318410490119593e-10,
            -2.3690870293989713e-09
          ],
          [
            -0.0296054442429661,
            0.999561662765823
          ]
        ],
        [
          [
            -0.3988090054866602,
            -0.022240892532940593
          ],
          [
            0.5407116598485143,
            -0.5977115821985663
          ],
          [
            -0.39749799343202685,
            -0.1811734816910236
          ],
          [
            7.573185828153863e-07,
            -7.229918727886557e-07
          ],
          [
            2.494044454956764e-15,
            -2.331690233126909e-15
          ]
        ],
        [
          [
            0.34528990277073646,
            -0.3186862430285527
          ],
          [
            0.37508620658095404,
            -0.046504556969431315
          ],
          [
            -0.10864602904612208,
            0.7902896087723642
          ],
          [
            -1.0718098551059544e-06,
            7.021864760476332e-07
          ],
          [
            -3.1014293387403237e-15,
            5.086234192957523e-16
          ]
        ],
        [
          [
            5.027812178958308e-07,
            -1.2363505853544378e-07
          ],
          [
            6.891868029676335e-07,
            3.613450753988055e-07
          ],
          [
            1.5637831083921488e-06,
            6.234992224257432e-07
          ],
          [
            0.0720177442992388,
            -0.9974033509580474
          ],
          [
            5.421153952099517e-10,
            -2.326070712005865e-09
          ]
        ]
      ]
    },
    "wigner_negvol": 3.0046481501916973
  },
  "after": {
    "pnr_detections": [
      0,
      1,
      1,
      0
    ],
    "total_photons": 2,
    "prob": 0.030037389119196317,
    "prob_gain": 2.06567470684659,
    "architecture": {
      "squeezings_r": [
        0.920449728257732,
        0.7809249609881456,
        0.31499021433344393,
        1.2736964293002643e-07,
        1.2212453270876706e-15
      ],
      "squeezings_db": [
        7.994924757033613,
        6.783028026753277,
        2.7359702387707454,
        1.1063186617299602e-06,
        1.0607602132086144e-14
      ],
      "max_squeezing_db": 7.994924757033613,
      "displacements_xp": [
        [
          1.0507126035149532e-14,
          2.0866240643371376e-15
        ],
        [
          0.5303750510331325,
          -1.1005367799553203
        ],
        [
          -1.1710784939056045,
          0.4910838563335995
        ],
        [
          -1.0762352933243446e-05,
          2.523565183518551e-06
        ],
        [
          0.0,
          0.0
        ]
      ],
      "U_passive_reim": [
        [
          [
            -3.3503293394552046e-17,
            -1.8441945915797946e-16
          ],
          [
            -1.7603534112185155e-15,
            4.389503810784447e-16
          ],
          [
            5.49365928098094e-16,
            -2.8622491121655856e-16
          ],
          [
            2.8436440152150654e-09,
            4.083490999757307e-10
          ],
          [
            0.3998579155663255,
            0.9165771366115091
          ]
        ],
        [
          [
            0.30515845040570355,
            -0.5286719810157929
          ],
          [
            0.4556284275064782,
            -0.14658998258282002
          ],
          [
            0.6253847366420453,
            0.08480743401209948
          ],
          [
            3.8329221039892923e-07,
            -6.816934564676765e-07
          ],
          [
            -1.8797260250131048e-15,
            9.059986343168186e-17
          ]
        ],
        [
          [
            0.5272783903554352,
            -0.17368239471672864
          ],
          [
            -0.2642332665056256,
            0.462738353398412
          ],
          [
            -0.016559316646071687,
            -0.6384290963193293
          ],
          [
            -3.644506881882431e-07,
            7.085256833843802e-07
          ],
          [
            1.2163584630976826e-15,
            -4.4191398542298696e-16
          ]
        ],
        [
          [
            7.010439393714653e-07,
            3.3335939079297544e-07
          ],
          [
            -1.3366911022332239e-07,
            1.740573565114171e-07
          ],
          [
            -9.920681789115317e-07,
            -4.5250982980003584e-07
          ],
          [
            0.07201808796481357,
            -0.9974033261444699
          ],
          [
            -2.54563705050158e-09,
            1.3314626852747267e-09
          ]
        ],
        [
          [
            0.5382342240631445,
            -0.1717559358829
          ],
          [
            -0.2068147961885725,
            -0.6664801199568263
          ],
          [
            -0.4275954692755392,
            0.10487050572198406
          ],
          [
            4.2723201010764866e-07,
            6.408899073080411e-07
          ],
          [
            1.7272886938017816e-15,
            -2.5596705762366565e-15
          ]
        ]
      ]
    },
    "state_source": "architecture_rule",
    "wigner_negvol": 3.082080053464363
  },
  "k_eff_before": 2,
  "k_eff_after": 2,
  "herald_cutoff": 30
}