{
  "group": "00B_c30_a2p73_b1p41",
  "target_alpha": "(2.7320508+0j)",
  "target_beta": "(1+1j)",
  "design": "00B",
  "depth": 3,
  "provenance": "experiments/00B_c30_a2p73_b1p41/20260616-171728_p64_i2500#802",
  "exp_O": 0.8134833873237926,
  "vs_gaussian": -0.2758330092297811,
  "before": {
    "pnr_detections": [
      0,
      3,
      3
    ],
    "total_photons": 6,
    "prob": 0.0033160364105664633,
    "architecture": {
      "squeezings_r": [
        1.1103507135318003,
        0.7056774473757557,
        0.39966673449844026,
        0.06597776653423118
      ],
      "squeezings_db": [
        9.644383757283983,
        6.129436427977261,
        3.471461147859292,
        0.5730755986823527
      ],
      "max_squeezing_db": 9.644383757283983,
      "displacements_xp": [
        [
          1.4754762074163064,
          -1.4689006322049172
        ],
        [
          0.09161941755183174,
          -0.14951225422703213
        ],
        [
          -1.3466952851502012,
          0.5202594815933668
        ],
        [
          1.2606060003461583,
          -0.7005622206898192
        ]
      ],
      "U_passive_reim": [
        [
          [
            0.4854015444363011,
            0.482922914490363
          ],
          [
            0.3501027169097982,
            -0.3671921182870185
          ],
          [
            0.37703572734543195,
            0.36021054755338827
          ],
          [
            0.004740857139345484,
            -0.04288101222256272
          ]
        ],
        [
          [
            -0.03575216809841447,
            -0.0020406450269140376
          ],
          [
            -0.00040973623849217215,
            -0.008311149015668907
          ],
          [
            -0.043221143620816034,
            -0.006730887767915136
          ],
          [
            -0.5176796456953526,
            -0.8536643295166374
          ]
        ],
        [
          [
            0.49580945313378844,
            0.1334464793862557
          ],
          [
            0.40741027932025475,
            0.47074893640346005
          ],
          [
            -0.19704979997644997,
            -0.5562013078701886
          ],
          [
            -0.02406724984930765,
            0.00309442065910612
          ]
        ],
        [
          [
            0.20996068854080718,
            -0.47134907462854053
          ],
          [
            0.09434149254100302,
            0.5882523087611854
          ],
          [
            0.3070271214447876,
            0.5326583124108883
          ],
          [
            -0.012030057588491834,
            -0.025888409914287806
          ]
        ]
      ]
    },
    "wigner_negvol": 3.417120729555433
  },
  "after": {
    "pnr_detections": [
      0,
      1,
      1
    ],
    "total_photons": 2,
    "prob": 0.03117276931241752,
    "prob_gain": 4.6170453033671635,
    "architecture": {
      "squeezings_r": [
        0.9551140344237514,
        0.8019567895612167,
        0.3276948209678076,
        2.220446049250264e-14
      ],
      "squeezings_db": [
        8.296015094771754,
        6.965708168625675,
        2.8463210498918574,
        1.9286549331065313e-13
      ],
      "max_squeezing_db": 8.296015094771754,
      "displacements_xp": [
        [
          5.748240255432621e-08,
          -8.448972939899866e-08
        ],
        [
          1.1478687334688593,
          0.14445567913827775
        ],
        [
          -0.6323919693127508,
          0.986823125855555
        ],
        [
          0.0,
          0.0
        ]
      ],
      "U_passive_reim": [
        [
          [
            -2.5578110355118776e-08,
            3.8614891996995106e-10
          ],
          [
            2.8575104146368493e-10,
            -6.8386790999018214e-09
          ],
          [
            3.4076465369890116e-08,
            -2.1836790780376727e-10
          ],
          [
            0.5167967181185615,
            0.8561081427844744
          ]
        ],
        [
          [
            -0.5706940191689427,
            -0.1252619664528012
          ],
          [
            -0.2814947124989454,
            -0.41876652101562106
          ],
          [
            -0.07058768111332067,
            -0.6316885967245485
          ],
          [
            -2.504588961160596e-08,
            -2.477731495559608e-09
          ]
        ],
        [
          [
            -0.2643231834647278,
            0.5175618900705579
          ],
          [
            -0.13376600263213828,
            -0.47931202862933886
          ],
          [
            0.44689101476209664,
            0.46359249487627924
          ],
          [
            -1.1627639910515897e-08,
            -2.256547558655589e-08
          ]
        ],
        [
          [
            -0.04400204922132152,
            0.5647517512493105
          ],
          [
            0.7034434051188229,
            0.05412337071442013
          ],
          [
            0.029254316846920154,
            -0.42485468175403823
          ],
          [
            -2.1779480315730386e-08,
            1.0502716174562483e-08
          ]
        ]
      ]
    },
    "state_source": "architecture_rule",
    "wigner_negvol": 3.5526004010160372
  },
  "k_eff_before": 2,
  "k_eff_after": 2,
  "herald_cutoff": 30
}