{
  "group": "00B_c30_a2p73_b1p41",
  "target_alpha": "(2.7320508+0j)",
  "target_beta": "(1+1j)",
  "design": "00B",
  "depth": 3,
  "provenance": "experiments/00B_c30_a2p73_b1p41/20260616-171728_p64_i2500#804",
  "exp_O": 0.6507648818232077,
  "vs_gaussian": -0.438551514730366,
  "before": {
    "pnr_detections": [
      4,
      2,
      2
    ],
    "total_photons": 8,
    "prob": 3.341151689029716e-06,
    "architecture": {
      "squeezings_r": [
        0.9894280286307868,
        0.4789413037446389,
        0.4379988027457147,
        0.27791937627027324
      ],
      "squeezings_db": [
        8.594062661495267,
        4.160031307436918,
        3.8044092622538948,
        2.4139770305634642
      ],
      "max_squeezing_db": 8.594062661495267,
      "displacements_xp": [
        [
          -0.041033916535159004,
          -1.0497722798256366
        ],
        [
          0.004293248771921443,
          -0.03799617179071049
        ],
        [
          -0.06833065249739612,
          -0.28390540612128373
        ],
        [
          0.2810482959047964,
          -0.26617865420571496
        ]
      ],
      "U_passive_reim": [
        [
          [
            0.269761849180183,
            0.5278841331480952
          ],
          [
            0.593433756215701,
            -0.07225565159537731
          ],
          [
            -0.1779146641462324,
            -0.45423128040353605
          ],
          [
            -0.21617949485004373,
            0.08043088141194035
          ]
        ],
        [
          [
            -0.07824958639872844,
            0.14796652463964297
          ],
          [
            -0.3613343925873459,
            0.16329499142307305
          ],
          [
            -0.186073711817117,
            -0.4752971519366852
          ],
          [
            0.5540275048790956,
            0.4972703764483526
          ]
        ],
        [
          [
            -0.0003483527008313683,
            -0.1106854097648949
          ],
          [
            0.5107861631756888,
            -0.25665626222339205
          ],
          [
            0.5181423452480141,
            0.10518944540461395
          ],
          [
            0.6086871921650998,
            0.10458140377655456
          ]
        ],
        [
          [
            0.6595812478817109,
            0.416234300208722
          ],
          [
            -0.3807947774627419,
            0.11665374547266216
          ],
          [
            0.4492521889263587,
            0.14186496642021204
          ],
          [
            0.05349094416012104,
            -0.09096343681494826
          ]
        ]
      ]
    },
    "wigner_negvol": 3.868303500961498
  },
  "after": {
    "pnr_detections": [
      2,
      2,
      2
    ],
    "total_photons": 6,
    "prob": 0.0016435859182104052,
    "prob_gain": 17.904131734759456,
    "architecture": {
      "squeezings_r": [
        1.4543446729901726,
        1.2533692201076674,
        0.9287890012443173,
        0.6433025523071354
      ],
      "squeezings_db": [
        12.632277325300423,
        10.886626721602845,
        8.06735876185679,
        5.587654973225338
      ],
      "max_squeezing_db": 12.632277325300423,
      "displacements_xp": [
        [
          0.21632619980862694,
          0.1558143628218492
        ],
        [
          0.15852497971732266,
          0.38229242341489844
        ],
        [
          -0.38488386031496413,
          0.16148920487454732
        ],
        [
          0.0,
          0.0
        ]
      ],
      "U_passive_reim": [
        [
          [
            0.3142354376414053,
            -0.18583211389641613
          ],
          [
            -0.3461044628642408,
            -0.507707782323539
          ],
          [
            0.33244620493322824,
            0.4810071432922357
          ],
          [
            -0.3148080934561075,
            0.21948698583410675
          ]
        ],
        [
          [
            -0.5137355680087266,
            0.20818962287326734
          ],
          [
            0.26349901408595383,
            0.01140984625313847
          ],
          [
            0.578071129454372,
            0.0010434670366482046
          ],
          [
            -0.4883873728890863,
            -0.22468063233228475
          ]
        ],
        [
          [
            -0.37120165577110253,
            -0.4008371477941698
          ],
          [
            -0.27151623937322894,
            -0.12211178537815688
          ],
          [
            -0.5164753531573221,
            -0.23237538868705016
          ],
          [
            -0.54051484804325,
            -0.0022677494900037454
          ]
        ],
        [
          [
            -0.056698984233467725,
            0.5077199022627147
          ],
          [
            -0.6766282565537292,
            -0.08015260194916335
          ],
          [
            -0.055178843705926184,
            -0.012430322444158336
          ],
          [
            0.08064796130195095,
            -0.5148321838192739
          ]
        ]
      ]
    },
    "state_source": "architecture_rule",
    "wigner_negvol": 3.608490630088557
  },
  "k_eff_before": 3,
  "k_eff_after": 3,
  "herald_cutoff": 30
}