{
  "group": "B30_c30_a1p00_b1p00",
  "target_alpha": "(1+0j)",
  "target_beta": "(1+0j)",
  "design": "B30",
  "depth": 4,
  "provenance": "output/experiments/B30_c30_a1p00_b1p00/20260707-182012_p64_i300#21",
  "exp_O": 0.646929784949185,
  "vs_gaussian": -0.019737215050815,
  "before": {
    "pnr_detections": [
      4,
      4
    ],
    "total_photons": 8,
    "prob": 0.005554126574635138,
    "architecture": {
      "squeezings_r": [
        1.6064678939434855,
        1.3255807218884261,
        0.9595514105592385
      ],
      "squeezings_db": [
        13.953602833887883,
        11.51384785666945,
        8.33455765416718
      ],
      "max_squeezing_db": 13.953602833887883,
      "displacements_xp": [
        [
          0.0,
          0.0
        ],
        [
          0.0,
          0.0
        ],
        [
          0.0,
          0.0
        ]
      ],
      "U_passive_reim": [
        [
          [
            0.09477294147634224,
            0.6574315121868822
          ],
          [
            -0.19026401848150265,
            -0.021097768851122942
          ],
          [
            -0.7175700883864475,
            0.08514430116827186
          ]
        ],
        [
          [
            -0.44161470017541044,
            0.19532631985485968
          ],
          [
            0.6601063916619647,
            -0.2548459983088563
          ],
          [
            0.014285086663222738,
            0.5156870082646516
          ]
        ],
        [
          [
            -0.5572354769623705,
            0.12294146950093919
          ],
          [
            -0.5983531294990556,
            0.3234827486473497
          ],
          [
            0.23511357699501487,
            0.39550988350523
          ]
        ]
      ]
    },
    "wigner_negvol": 3.1949956345243318
  },
  "after": {
    "pnr_detections": [
      2,
      2
    ],
    "total_photons": 4,
    "prob": 0.02845108913846843,
    "prob_gain": 5.9547160979478075,
    "architecture": {
      "squeezings_r": [
        1.3046951983899548,
        1.1775655838786974,
        0.9904464476473204
      ],
      "squeezings_db": [
        11.332438504528517,
        10.228204703153983,
        8.602908536678184
      ],
      "max_squeezing_db": 11.332438504528517,
      "displacements_xp": [
        [
          0.0,
          0.0
        ],
        [
          0.0,
          0.0
        ],
        [
          0.0,
          0.0
        ]
      ],
      "U_passive_reim": [
        [
          [
            0.5238206680051837,
            -0.2028404536692783
          ],
          [
            0.35180257233852796,
            0.26696919423923676
          ],
          [
            -0.4762169061465528,
            0.5124914788065243
          ]
        ],
        [
          [
            0.507521070221442,
            -0.040119528798296555
          ],
          [
            -0.2075395896236917,
            0.5102255745537029
          ],
          [
            0.659851002136906,
            -0.04479535109115195
          ]
        ],
        [
          [
            0.5026195922863035,
            0.4155165342872421
          ],
          [
            0.44610887241828373,
            -0.5500422303633689
          ],
          [
            0.1913259986836397,
            -0.1911918831387907
          ]
        ]
      ]
    },
    "state_source": "architecture_rule",
    "wigner_negvol": 3.00017982317697
  },
  "k_eff_before": 2,
  "k_eff_after": 2,
  "herald_cutoff": 30
}