{
  "group": "B30_c30_a1p00_b1p00",
  "target_alpha": "(1+0j)",
  "target_beta": "(1+0j)",
  "design": "B30",
  "depth": 5,
  "provenance": "output/experiments/B30_c30_a1p00_b1p00/20260708-043948_p64_i300#49",
  "exp_O": 0.6469527216955411,
  "vs_gaussian": -0.0197142783044589,
  "before": {
    "pnr_detections": [
      4,
      4
    ],
    "total_photons": 8,
    "prob": 0.00558031941019985,
    "architecture": {
      "squeezings_r": [
        1.6211734707648873,
        1.3392249871599442,
        0.9609513724891567
      ],
      "squeezings_db": [
        14.081333851222665,
        11.632360439010341,
        8.346717568987941
      ],
      "max_squeezing_db": 14.081333851222665,
      "displacements_xp": [
        [
          0.0,
          0.0
        ],
        [
          0.0,
          0.0
        ],
        [
          0.0,
          0.0
        ]
      ],
      "U_passive_reim": [
        [
          [
            0.09541448490234355,
            0.6579554889024127
          ],
          [
            -0.192339119514219,
            -0.02422984573427858
          ],
          [
            -0.7162206072140133,
            0.08623960909110166
          ]
        ],
        [
          [
            -0.4368938181679325,
            0.19499355709369007
          ],
          [
            0.6606885902215189,
            -0.25838368855383675
          ],
          [
            0.014532915221428962,
            0.517318620343574
          ]
        ],
        [
          [
            -0.5602742651853899,
            0.12322622611917695
          ],
          [
            -0.5950352209074133,
            0.32416063888182306
          ],
          [
            0.2350284331508062,
            0.39562943097988695
          ]
        ]
      ]
    },
    "wigner_negvol": 3.1930853773747954
  },
  "after": {
    "pnr_detections": [
      2,
      2
    ],
    "total_photons": 4,
    "prob": 0.028433475781207498,
    "prob_gain": 5.948197416385528,
    "architecture": {
      "squeezings_r": [
        1.304965028066191,
        1.178145205107021,
        0.9890850689865213
      ],
      "squeezings_db": [
        11.334782215317379,
        10.23323922917508,
        8.591083751874866
      ],
      "max_squeezing_db": 11.334782215317379,
      "displacements_xp": [
        [
          0.0,
          0.0
        ],
        [
          0.0,
          0.0
        ],
        [
          0.0,
          0.0
        ]
      ],
      "U_passive_reim": [
        [
          [
            0.5244994832059251,
            -0.20502533305422907
          ],
          [
            0.35409925013063576,
            0.2615324961047895
          ],
          [
            -0.4698971509118973,
            0.5179537112771001
          ]
        ],
        [
          [
            0.5065409724303421,
            -0.036724820679391
          ],
          [
            -0.21461096418331765,
            0.5107327111029705
          ],
          [
            0.6583699341743394,
            -0.04136172666104086
          ]
        ],
        [
          [
            0.6249454560333342,
            0.18540661450282445
          ],
          [
            0.19414694812005076,
            -0.6794230412162271
          ],
          [
            0.10385523346380529,
            -0.25489791753608165
          ]
        ]
      ]
    },
    "state_source": "architecture_rule",
    "wigner_negvol": 2.9948849475355677
  },
  "k_eff_before": 2,
  "k_eff_after": 2,
  "herald_cutoff": 30
}