{
  "group": "B30_c30_a1p00_b1p00",
  "target_alpha": "(1+0j)",
  "target_beta": "(1+0j)",
  "design": "B30",
  "depth": 4,
  "provenance": "output/experiments/B30_c30_a1p00_b1p00/20260707-183220_p64_i300#64",
  "exp_O": 0.3893235156448583,
  "vs_gaussian": -0.2773434843551417,
  "before": {
    "pnr_detections": [
      9,
      8,
      7
    ],
    "total_photons": 24,
    "prob": 1.480176218435396e-05,
    "architecture": {
      "squeezings_r": [
        1.838448352157429,
        1.7147116982913453,
        1.7129053533063463,
        1.4136159488515634
      ],
      "squeezings_db": [
        15.968559492121953,
        14.893796572457697,
        14.878106859269723,
        12.27851212233327
      ],
      "max_squeezing_db": 15.968559492121953,
      "displacements_xp": [
        [
          -1.6237424082133975,
          0.041721457311186885
        ],
        [
          -0.08361270533499135,
          -0.25302618814884476
        ],
        [
          0.04854472181283896,
          -0.033362283419362135
        ],
        [
          0.059602531559567566,
          -0.03806032157610849
        ]
      ],
      "U_passive_reim": [
        [
          [
            -0.1432456849485005,
            -0.46131768366201603
          ],
          [
            -0.10090655185412215,
            0.009929495630277355
          ],
          [
            -0.07972881564477424,
            0.002868836110604334
          ],
          [
            -0.863297442645452,
            0.06883714586516566
          ]
        ],
        [
          [
            -0.6832944013713782,
            0.13928549477762697
          ],
          [
            -0.4131973837290021,
            0.07796485506083363
          ],
          [
            -0.3956741584809861,
            0.08206749986972539
          ],
          [
            0.09256343299091126,
            -0.40624698411479426
          ]
        ],
        [
          [
            -0.3531106305901434,
            0.04292364625871127
          ],
          [
            0.8774267192404537,
            -0.20207044214376405
          ],
          [
            -0.16297787470113853,
            0.010536886402778122
          ],
          [
            -0.06827675487185936,
            -0.17727324405518807
          ]
        ],
        [
          [
            -0.3886768791705437,
            0.0526849811403995
          ],
          [
            -0.04241709419272079,
            -0.019983874981983313
          ],
          [
            0.8720251566728647,
            -0.20794538711701865
          ],
          [
            -0.05553803269295527,
            -0.19287918563817735
          ]
        ]
      ]
    },
    "wigner_negvol": 1.556004348526204
  },
  "after": {
    "pnr_detections": [
      3,
      4,
      3
    ],
    "total_photons": 10,
    "prob": 0.0002518245291356488,
    "prob_gain": 6.843655795501659,
    "architecture": {
      "squeezings_r": [
        1.540205669589242,
        1.3632269913995092,
        1.3325519244234798,
        1.2140780400652167
      ],
      "squeezings_db": [
        13.378056465974218,
        11.840839198927572,
        11.574398952533526,
        10.545347868004773
      ],
      "max_squeezing_db": 13.378056465974218,
      "displacements_xp": [
        [
          -0.022553141527729324,
          -0.033690361013564284
        ],
        [
          0.05492609155741766,
          -0.01612751210046976
        ],
        [
          0.05526924356536003,
          -0.015263872020141823
        ],
        [
          0.0,
          0.0
        ]
      ],
      "U_passive_reim": [
        [
          [
            0.3211545698615447,
            -0.08165450213497426
          ],
          [
            -0.4296374803457995,
            -0.28341730375412433
          ],
          [
            -0.07265802716130378,
            0.3553406889739653
          ],
          [
            -0.6241177645960779,
            0.3228147668820616
          ]
        ],
        [
          [
            0.6697599759659078,
            -0.126292213919898
          ],
          [
            0.3963752766594704,
            -0.28362089590909384
          ],
          [
            0.5074347013215768,
            0.05809460614149635
          ],
          [
            0.19247251544411745,
            0.0026552184033064334
          ]
        ],
        [
          [
            0.30086812705124466,
            -0.05734495053823907
          ],
          [
            -0.32290573857616967,
            -0.16516298126327275
          ],
          [
            -0.5261276909468409,
            0.28653210703368076
          ],
          [
            0.6388332817078344,
            -0.08731576620194374
          ]
        ],
        [
          [
            0.12527648666396074,
            0.5622809480118189
          ],
          [
            -0.6035626891116397,
            -0.04119767953224724
          ],
          [
            0.41295832823236595,
            -0.27954117779281756
          ],
          [
            0.11370193045179806,
            -0.2013821962806521
          ]
        ]
      ]
    },
    "state_source": "architecture_rule",
    "wigner_negvol": 1.8771673834330227
  },
  "k_eff_before": 3,
  "k_eff_after": 3,
  "herald_cutoff": 56
}