{
  "group": "B30_c30_a1p00_b1p00",
  "target_alpha": "(1+0j)",
  "target_beta": "(1+0j)",
  "design": "B30",
  "depth": 5,
  "provenance": "output/experiments/B30_c30_a1p00_b1p00/20260708-011713_p64_i800#6701",
  "exp_O": 0.3934181958938194,
  "vs_gaussian": -0.2732488041061806,
  "before": {
    "pnr_detections": [
      10,
      10
    ],
    "total_photons": 20,
    "prob": 0.0005790153300933773,
    "architecture": {
      "squeezings_r": [
        1.7532569214491538,
        1.6378476799844035,
        1.2235157075505718
      ],
      "squeezings_db": [
        15.22859612688101,
        14.226164192305388,
        10.627322406223323
      ],
      "max_squeezing_db": 15.22859612688101,
      "displacements_xp": [
        [
          0.0,
          0.0
        ],
        [
          0.0,
          0.0
        ],
        [
          0.0,
          0.0
        ]
      ],
      "U_passive_reim": [
        [
          [
            0.3081458252962586,
            0.45090870884467904
          ],
          [
            0.5704815580603192,
            -0.0070943055281896044
          ],
          [
            -0.5839952218793449,
            0.18755673862793878
          ]
        ],
        [
          [
            0.07633130695932067,
            0.3568276498503002
          ],
          [
            0.0748826482652013,
            0.55975315823941
          ],
          [
            0.5435193238485891,
            0.5024970600044956
          ]
        ],
        [
          [
            -0.02611341121299304,
            0.7535868472017853
          ],
          [
            -0.3052580226635924,
            -0.5122372430538912
          ],
          [
            0.22516156321342776,
            -0.1586120120250728
          ]
        ]
      ]
    },
    "wigner_negvol": 1.7909030315902834
  },
  "after": {
    "pnr_detections": [
      4,
      4
    ],
    "total_photons": 8,
    "prob": 0.008438820278598966,
    "prob_gain": 13.264715953641291,
    "architecture": {
      "squeezings_r": [
        1.6295390626745223,
        1.5088394329897277,
        1.1961859413071143
      ],
      "squeezings_db": [
        14.153996459306846,
        13.1056127965094,
        10.389939072798535
      ],
      "max_squeezing_db": 14.153996459306846,
      "displacements_xp": [
        [
          0.0,
          0.0
        ],
        [
          0.0,
          0.0
        ],
        [
          0.0,
          0.0
        ]
      ],
      "U_passive_reim": [
        [
          [
            -0.1263984945571206,
            -0.6282355962962483
          ],
          [
            0.21541091955167097,
            -0.19440078336271893
          ],
          [
            0.5706438865423307,
            0.42369267404301253
          ]
        ],
        [
          [
            -0.2693249184729297,
            0.33772044897958703
          ],
          [
            -0.39871658411458577,
            -0.5298618586164385
          ],
          [
            -0.15658091856258147,
            0.5909000752311706
          ]
        ],
        [
          [
            0.6197252032944797,
            -0.13672276749752243
          ],
          [
            -0.18435263996734258,
            -0.664900046351679
          ],
          [
            0.08115920295427008,
            -0.3385007732987737
          ]
        ]
      ]
    },
    "state_source": "architecture_rule",
    "wigner_negvol": 1.9802632376467366
  },
  "k_eff_before": 2,
  "k_eff_after": 2,
  "herald_cutoff": 48
}