{
  "group": "B30_c30_a1p00_b1p00",
  "target_alpha": "(1+0j)",
  "target_beta": "(1+0j)",
  "design": "B30",
  "depth": 4,
  "provenance": "output/experiments/B30_c30_a1p00_b1p00/20260707-182020_p64_i300#51",
  "exp_O": 0.6459641610984055,
  "vs_gaussian": -0.0207028389015945,
  "before": {
    "pnr_detections": [
      4,
      4
    ],
    "total_photons": 8,
    "prob": 0.004957326592957429,
    "architecture": {
      "squeezings_r": [
        1.5958217998703264,
        1.3125398483057193,
        0.9565806630051397
      ],
      "squeezings_db": [
        13.861132035691965,
        11.400576267946102,
        8.308754068769725
      ],
      "max_squeezing_db": 13.861132035691965,
      "displacements_xp": [
        [
          -0.0041058511833149056,
          0.029132192203031593
        ],
        [
          0.05975034423174959,
          0.0909868531953761
        ],
        [
          -0.058489205863058724,
          -0.08966877857979925
        ]
      ],
      "U_passive_reim": [
        [
          [
            0.07793392910106428,
            0.6599877058396826
          ],
          [
            -0.15056410826073052,
            -0.012803599656173113
          ],
          [
            -0.7287868249078576,
            0.06617259112020239
          ]
        ],
        [
          [
            -0.481743376866786,
            0.13533810790785816
          ],
          [
            0.6875090378995318,
            -0.16541211960649824
          ],
          [
            -0.022770776855919828,
            0.49905767262715206
          ]
        ],
        [
          [
            -0.5514758074425193,
            0.06183752933186986
          ],
          [
            -0.6522830821910184,
            0.22729595535474448
          ],
          [
            0.16705752415112948,
            0.4324415183154882
          ]
        ]
      ]
    },
    "wigner_negvol": 3.2900310431859
  },
  "after": {
    "pnr_detections": [
      2,
      2
    ],
    "total_photons": 4,
    "prob": 0.028104567504221745,
    "prob_gain": 5.918889416867711,
    "architecture": {
      "squeezings_r": [
        1.3029287046742333,
        1.1678543705795876,
        1.0022010508233847
      ],
      "squeezings_db": [
        11.317094935067423,
        10.143854176186204,
        8.705007722604728
      ],
      "max_squeezing_db": 11.317094935067423,
      "displacements_xp": [
        [
          0.03914305088561203,
          0.026462299559739097
        ],
        [
          -0.04083823585179802,
          -0.026775034188136506
        ],
        [
          0.0,
          0.0
        ]
      ],
      "U_passive_reim": [
        [
          [
            0.5374212233506228,
            -0.13009315354160833
          ],
          [
            0.3051376918536017,
            0.3336922268730251
          ],
          [
            -0.568776344777774,
            0.4077844485140796
          ]
        ],
        [
          [
            0.519606846071359,
            -0.008244525678487264
          ],
          [
            -0.21947505692644448,
            0.4817295478339309
          ],
          [
            0.6703708556340028,
            0.017635514154590796
          ]
        ],
        [
          [
            0.44392666073774467,
            0.4765753595101891
          ],
          [
            0.5225783362567619,
            -0.4921582177925533
          ],
          [
            0.19061569783931212,
            -0.15544411685738782
          ]
        ]
      ]
    },
    "state_source": "architecture_rule",
    "wigner_negvol": 2.995207287057632
  },
  "k_eff_before": 2,
  "k_eff_after": 2,
  "herald_cutoff": 30
}