{
  "group": "B30_c30_a1p00_b1p00",
  "target_alpha": "(1+0j)",
  "target_beta": "(1+0j)",
  "design": "B30",
  "depth": 4,
  "provenance": "output/experiments/B30_c30_a1p00_b1p00/20260707-182020_p64_i300#21",
  "exp_O": 0.6469301115187779,
  "vs_gaussian": -0.0197368884812221,
  "before": {
    "pnr_detections": [
      4,
      4
    ],
    "total_photons": 8,
    "prob": 0.005561514437244069,
    "architecture": {
      "squeezings_r": [
        1.6107035293128902,
        1.3296275538377662,
        0.9601469957265647
      ],
      "squeezings_db": [
        13.990393095253618,
        11.548998192365215,
        8.339730841200643
      ],
      "max_squeezing_db": 13.990393095253618,
      "displacements_xp": [
        [
          0.0,
          0.0
        ],
        [
          0.0,
          0.0
        ],
        [
          0.0,
          0.0
        ]
      ],
      "U_passive_reim": [
        [
          [
            0.09503123921488954,
            0.6573959049817891
          ],
          [
            -0.19037247456086526,
            -0.021846359866675668
          ],
          [
            -0.7174708341137334,
            0.08553564971839574
          ]
        ],
        [
          [
            -0.4406778402866188,
            0.19511731430596818
          ],
          [
            0.6603301193148687,
            -0.2557040209946176
          ],
          [
            0.014484657697798047,
            0.515850808473263
          ]
        ],
        [
          [
            -0.5580288892868988,
            0.12302731869806108
          ],
          [
            -0.5977362432727276,
            0.323375985721186
          ],
          [
            0.2347332000244135,
            0.39561056320395654
          ]
        ]
      ]
    },
    "wigner_negvol": 3.195005744760491
  },
  "after": {
    "pnr_detections": [
      2,
      2
    ],
    "total_photons": 4,
    "prob": 0.02844092810907313,
    "prob_gain": 5.952202546491075,
    "architecture": {
      "squeezings_r": [
        1.304779037222208,
        1.1775637655397437,
        0.9902387219987018
      ],
      "squeezings_db": [
        11.33316671937285,
        10.228188909262506,
        8.601104254619289
      ],
      "max_squeezing_db": 11.33316671937285,
      "displacements_xp": [
        [
          0.0,
          0.0
        ],
        [
          0.0,
          0.0
        ],
        [
          0.0,
          0.0
        ]
      ],
      "U_passive_reim": [
        [
          [
            0.5238186452386,
            -0.20314380383690653
          ],
          [
            0.3525395004164911,
            0.26565010551222873
          ],
          [
            -0.4750220633685927,
            0.5136599879916159
          ]
        ],
        [
          [
            0.5075873383559125,
            -0.03960274724073914
          ],
          [
            -0.20909654012946052,
            0.5102883034156296
          ],
          [
            0.6593489671289695,
            -0.04393336090938298
          ]
        ],
        [
          [
            0.37049808792254485,
            0.5365300597921362
          ],
          [
            0.5786326098856744,
            -0.4076943820650615
          ],
          [
            0.2371969910581306,
            -0.13256637140554856
          ]
        ]
      ]
    },
    "state_source": "architecture_rule",
    "wigner_negvol": 2.999073353545388
  },
  "k_eff_before": 2,
  "k_eff_after": 2,
  "herald_cutoff": 30
}