{
  "group": "B30_c30_a1p00_b1p00",
  "target_alpha": "(1+0j)",
  "target_beta": "(1+0j)",
  "design": "B30",
  "depth": 5,
  "provenance": "output/experiments/B30_c30_a1p00_b1p00/20260706-063038_p64_i300#64",
  "exp_O": 0.3915987818155364,
  "vs_gaussian": -0.2750682181844636,
  "before": {
    "pnr_detections": [
      10,
      10
    ],
    "total_photons": 20,
    "prob": 0.0005682278989415445,
    "architecture": {
      "squeezings_r": [
        1.7435443342467964,
        1.6262890707689497,
        1.2133365774206148
      ],
      "squeezings_db": [
        15.14423366634125,
        14.125767388290436,
        10.538907605303013
      ],
      "max_squeezing_db": 15.14423366634125,
      "displacements_xp": [
        [
          0.0,
          0.0
        ],
        [
          0.0,
          0.0
        ],
        [
          0.0,
          0.0
        ]
      ],
      "U_passive_reim": [
        [
          [
            0.3085581977927876,
            0.45070650293119846
          ],
          [
            0.5678810890514908,
            -0.007188490980913632
          ],
          [
            -0.5864852503981729,
            0.18748315164542087
          ]
        ],
        [
          [
            0.07481713894264462,
            0.35852123086776194
          ],
          [
            0.07358484247619543,
            0.5616791238836715
          ],
          [
            0.5401164792609825,
            0.503230508136429
          ]
        ],
        [
          [
            -0.0283097446260694,
            0.7528073909620606
          ],
          [
            -0.30280589781353534,
            -0.5146550449529025
          ],
          [
            0.2266512014146358,
            -0.15667672553148737
          ]
        ]
      ]
    },
    "wigner_negvol": 1.7759425203210095
  },
  "after": {
    "pnr_detections": [
      4,
      4
    ],
    "total_photons": 8,
    "prob": 0.008403725260248048,
    "prob_gain": 13.443819832196612,
    "architecture": {
      "squeezings_r": [
        1.6301532149614484,
        1.5079558627706056,
        1.1939131842684294
      ],
      "squeezings_db": [
        14.159330918292051,
        13.097938203098625,
        10.370198155986383
      ],
      "max_squeezing_db": 14.159330918292051,
      "displacements_xp": [
        [
          0.0,
          0.0
        ],
        [
          0.0,
          0.0
        ],
        [
          0.0,
          0.0
        ]
      ],
      "U_passive_reim": [
        [
          [
            -0.1238459642792416,
            -0.6299620227448864
          ],
          [
            0.21087046777670695,
            -0.1974152630223489
          ],
          [
            0.5693459217040593,
            0.42451867828791745
          ]
        ],
        [
          [
            -0.26919849923821787,
            0.33798046099215845
          ],
          [
            -0.3955758968655713,
            -0.5354096234691247
          ],
          [
            -0.16116708426678458,
            0.586670940016642
          ]
        ],
        [
          [
            0.6330387555307261,
            -0.019321931126173322
          ],
          [
            -0.05848852553240053,
            -0.6855626864424171
          ],
          [
            0.14217756391161473,
            -0.32443340246146857
          ]
        ]
      ]
    },
    "state_source": "architecture_rule",
    "wigner_negvol": 1.9804495913715632
  },
  "k_eff_before": 2,
  "k_eff_after": 2,
  "herald_cutoff": 48
}