{
  "group": "B30_c30_a1p00_b1p00",
  "target_alpha": "(1+0j)",
  "target_beta": "(1+0j)",
  "design": "B30",
  "depth": 3,
  "provenance": "output/experiments/B30_c30_a1p00_b1p00/20260707-005006_p64_i4000#5665",
  "exp_O": 0.5541034386124546,
  "vs_gaussian": -0.1125635613875454,
  "before": {
    "pnr_detections": [
      6,
      6
    ],
    "total_photons": 12,
    "prob": 0.0023820478460230914,
    "architecture": {
      "squeezings_r": [
        1.5949742185648241,
        1.3815968494609323,
        1.2045087911313126
      ],
      "squeezings_db": [
        13.853770038013083,
        12.00039775871601,
        10.46223042784571
      ],
      "max_squeezing_db": 13.853770038013083,
      "displacements_xp": [
        [
          0.0,
          0.0
        ],
        [
          0.0,
          0.0
        ],
        [
          0.0,
          0.0
        ]
      ],
      "U_passive_reim": [
        [
          [
            0.05362556991360803,
            0.5888965500557606
          ],
          [
            -1.4278858082105634e-14,
            -1.718286677562178e-14
          ],
          [
            0.8062395262806645,
            -0.017406258833925145
          ]
        ],
        [
          [
            -0.39671100317625163,
            0.40961316892031424
          ],
          [
            -0.48040391343304456,
            0.5188565231751786
          ],
          [
            -0.2795185185770418,
            -0.31097719835259197
          ]
        ],
        [
          [
            -0.3967110124459545,
            0.4096131784915125
          ],
          [
            0.4804039022077151,
            -0.5188565110513501
          ],
          [
            -0.27951852510839853,
            -0.3109772056190465
          ]
        ]
      ]
    },
    "wigner_negvol": 3.2942618284629224
  },
  "after": {
    "pnr_detections": [
      2,
      2
    ],
    "total_photons": 4,
    "prob": 0.03206294330499555,
    "prob_gain": 15.422270977863938,
    "architecture": {
      "squeezings_r": [
        1.2952097123643596,
        1.2461987739209957,
        0.975632863755465
      ],
      "squeezings_db": [
        11.250048619746787,
        10.824345017369728,
        8.47423938184931
      ],
      "max_squeezing_db": 11.250048619746787,
      "displacements_xp": [
        [
          0.0,
          0.0
        ],
        [
          0.0,
          0.0
        ],
        [
          0.0,
          0.0
        ]
      ],
      "U_passive_reim": [
        [
          [
            -0.34828283829087986,
            0.3755794431375506
          ],
          [
            -0.35742038800657644,
            -0.3314434802168938
          ],
          [
            0.4803860307451048,
            -0.5189068255172995
          ]
        ],
        [
          [
            -0.3483291225413951,
            0.37562943839474383
          ],
          [
            -0.35742054676699075,
            -0.33144371067601425
          ],
          [
            -0.480352374231552,
            0.5188704687809875
          ]
        ],
        [
          [
            0.6463705775405303,
            -0.23961129008301849
          ],
          [
            -0.25180165388868103,
            -0.6792550567790903
          ],
          [
            -3.101893436586574e-05,
            1.1465473075188157e-05
          ]
        ]
      ]
    },
    "state_source": "architecture_rule",
    "wigner_negvol": 2.795251190576122
  },
  "k_eff_before": 2,
  "k_eff_after": 2,
  "herald_cutoff": 32
}