{
  "group": "B30_c30_a1p00_b1p00",
  "target_alpha": "(1+0j)",
  "target_beta": "(1+0j)",
  "design": "B30",
  "depth": 5,
  "provenance": "output/experiments/B30_c30_a1p00_b1p00/20260708-043957_p64_i300#49",
  "exp_O": 0.6471482472711657,
  "vs_gaussian": -0.0195187527288343,
  "before": {
    "pnr_detections": [
      4,
      4
    ],
    "total_photons": 8,
    "prob": 0.005586167225410698,
    "architecture": {
      "squeezings_r": [
        1.6191796891154957,
        1.3362196471722099,
        0.9618095137491595
      ],
      "squeezings_db": [
        14.064016083853652,
        11.606256387552017,
        8.354171289266196
      ],
      "max_squeezing_db": 14.064016083853652,
      "displacements_xp": [
        [
          0.0,
          0.0
        ],
        [
          0.0,
          0.0
        ],
        [
          0.0,
          0.0
        ]
      ],
      "U_passive_reim": [
        [
          [
            0.09367800637291304,
            0.6590319507457812
          ],
          [
            -0.18917840535473465,
            -0.02298001866899439
          ],
          [
            -0.7166265029853065,
            0.08385239368478581
          ]
        ],
        [
          [
            -0.43870209943256716,
            0.19482582998134337
          ],
          [
            0.6608324192576417,
            -0.25731444312033275
          ],
          [
            0.016017351224407842,
            0.5161555961190939
          ]
        ],
        [
          [
            -0.5579512916157574,
            0.1231870087633048
          ],
          [
            -0.5970407169750548,
            0.32297929187966506
          ],
          [
            0.2341046303734101,
            0.39741300731708357
          ]
        ]
      ]
    },
    "wigner_negvol": 3.190781780301997
  },
  "after": {
    "pnr_detections": [
      2,
      2
    ],
    "total_photons": 4,
    "prob": 0.02846322747300006,
    "prob_gain": 5.942127944080552,
    "architecture": {
      "squeezings_r": [
        1.3046677569150242,
        1.1779214852963769,
        0.9900492074805813
      ],
      "squeezings_db": [
        11.332200150905763,
        10.231296023589977,
        8.599458152430083
      ],
      "max_squeezing_db": 11.332200150905763,
      "displacements_xp": [
        [
          0.0,
          0.0
        ],
        [
          0.0,
          0.0
        ],
        [
          0.0,
          0.0
        ]
      ],
      "U_passive_reim": [
        [
          [
            0.5235072136006301,
            -0.20377409065389346
          ],
          [
            0.351921819341298,
            0.26587996817511605
          ],
          [
            -0.4751068478941668,
            0.513953962884869
          ]
        ],
        [
          [
            0.5074027651630921,
            -0.03929772492307668
          ],
          [
            -0.20807207570740516,
            0.5106455836766803
          ],
          [
            0.6595230278252118,
            -0.044436445304468
          ]
        ],
        [
          [
            0.11421868719079643,
            0.6421592726912934
          ],
          [
            0.6959423052551635,
            -0.13065329132154463
          ],
          [
            0.26966986628546163,
            -0.02139505628776697
          ]
        ]
      ]
    },
    "state_source": "architecture_rule",
    "wigner_negvol": 2.9928108843319685
  },
  "k_eff_before": 2,
  "k_eff_after": 2,
  "herald_cutoff": 30
}