{
  "group": "B30_c30_a1p00_b1p00",
  "target_alpha": "(1+0j)",
  "target_beta": "(1+0j)",
  "design": "B30",
  "depth": 5,
  "provenance": "output/experiments/B30_c30_a1p00_b1p00/20260706-063038_p64_i300#33",
  "exp_O": 0.4890767657752595,
  "vs_gaussian": -0.1775902342247404,
  "before": {
    "pnr_detections": [
      10,
      1
    ],
    "total_photons": 11,
    "prob": 0.00036816981726262574,
    "architecture": {
      "squeezings_r": [
        1.293269572833375,
        1.0083544814784038,
        0.8539373536247773
      ],
      "squeezings_db": [
        11.233196781898208,
        8.75845574216971,
        7.417205611406132
      ],
      "max_squeezing_db": 11.233196781898208,
      "displacements_xp": [
        [
          2.6478415465495804,
          2.826484663808912
        ],
        [
          0.44843023844340885,
          -0.462566615221146
        ],
        [
          -1.3745686579053327,
          -0.34213260425050757
        ]
      ],
      "U_passive_reim": [
        [
          [
            -0.884135668840221,
            -0.03870437956691407
          ],
          [
            -0.01156104672484941,
            -0.35102102354120507
          ],
          [
            -0.274443083804973,
            0.1346761562754208
          ]
        ],
        [
          [
            -0.2904943841948427,
            -0.13917493642910336
          ],
          [
            -0.6207813707277328,
            0.5679386909936464
          ],
          [
            0.043323281155264584,
            -0.4317899676474388
          ]
        ],
        [
          [
            0.19869276813297293,
            -0.2712390528660374
          ],
          [
            -0.36028233303785834,
            0.19729003208811224
          ],
          [
            -0.5050476551642255,
            0.6805517686734632
          ]
        ]
      ]
    },
    "wigner_negvol": 2.979838856184266
  },
  "after": {
    "pnr_detections": [
      4,
      1
    ],
    "total_photons": 5,
    "prob": 0.017200062534829877,
    "prob_gain": 15.261723244020757,
    "architecture": {
      "squeezings_r": [
        1.3878950577130047,
        1.1249116459485113,
        0.7192334318383544
      ],
      "squeezings_db": [
        12.055103300511062,
        9.77085840928286,
        6.247182212954718
      ],
      "max_squeezing_db": 12.055103300511062,
      "displacements_xp": [
        [
          -1.595150710542693,
          1.4872472873269391
        ],
        [
          -0.9664646615873619,
          -0.3742198330118864
        ],
        [
          0.0,
          0.0
        ]
      ],
      "U_passive_reim": [
        [
          [
            -0.568301903889027,
            0.5287937101152331
          ],
          [
            0.40626510360751966,
            0.42222167547957934
          ],
          [
            -0.1260743737988376,
            -0.1954301225397257
          ]
        ],
        [
          [
            0.15590021468314433,
            0.06373679657406721
          ],
          [
            0.10425333348477525,
            -0.1302736659278235
          ],
          [
            0.621582516627221,
            -0.7466109651422436
          ]
        ],
        [
          [
            0.01674769494593408,
            0.6072581137513905
          ],
          [
            -0.7927064559001367,
            0.021307546627174385
          ],
          [
            0.03493400414812365,
            -0.029986273230498975
          ]
        ]
      ]
    },
    "state_source": "architecture_rule",
    "wigner_negvol": 3.794169454519183
  },
  "k_eff_before": 2,
  "k_eff_after": 2,
  "herald_cutoff": 30
}