{
  "group": "B30_c30_a1p00_b1p00",
  "target_alpha": "(1+0j)",
  "target_beta": "(1+0j)",
  "design": "B30",
  "depth": 5,
  "provenance": "output/experiments/B30_c30_a1p00_b1p00/20260708-050346_p64_i300#49",
  "exp_O": 0.3922338602786269,
  "vs_gaussian": -0.274433139721373,
  "before": {
    "pnr_detections": [
      10,
      10
    ],
    "total_photons": 20,
    "prob": 0.0005762866399246381,
    "architecture": {
      "squeezings_r": [
        1.7529461249984888,
        1.6310015989685347,
        1.2200970516725682
      ],
      "squeezings_db": [
        15.22589658321063,
        14.166699888148301,
        10.597628338556461
      ],
      "max_squeezing_db": 15.22589658321063,
      "displacements_xp": [
        [
          0.0,
          0.0
        ],
        [
          0.0,
          0.0
        ],
        [
          0.0,
          0.0
        ]
      ],
      "U_passive_reim": [
        [
          [
            -0.3080140555053971,
            -0.45106404494312613
          ],
          [
            0.5643595080898712,
            -0.005965690466402975
          ],
          [
            -0.5900457027053495,
            0.18702244211706784
          ]
        ],
        [
          [
            -0.32053242085853706,
            -0.1774848319540164
          ],
          [
            0.4778246493016532,
            0.3106868757149132
          ],
          [
            0.7308782467199594,
            -0.08205095888919606
          ]
        ],
        [
          [
            -0.5537377022959593,
            -0.510687015334711
          ],
          [
            -0.5877467613394247,
            -0.10570605696503177
          ],
          [
            0.03158854584938129,
            -0.27377996137694394
          ]
        ]
      ]
    },
    "wigner_negvol": 1.7799883117886195
  },
  "after": {
    "pnr_detections": [
      4,
      4
    ],
    "total_photons": 8,
    "prob": 0.008396093621394745,
    "prob_gain": 13.296833037678917,
    "architecture": {
      "squeezings_r": [
        1.6298636078367337,
        1.5066034295363797,
        1.1962962724975195
      ],
      "squeezings_db": [
        14.156815422768382,
        13.086191117283288,
        10.390897397342032
      ],
      "max_squeezing_db": 14.156815422768382,
      "displacements_xp": [
        [
          0.0,
          0.0
        ],
        [
          0.0,
          0.0
        ],
        [
          0.0,
          0.0
        ]
      ],
      "U_passive_reim": [
        [
          [
            0.5569095274527204,
            0.3154340657499669
          ],
          [
            -0.013789680229348482,
            -0.2915596697538006
          ],
          [
            -0.6943141923134966,
            0.15193332235265858
          ]
        ],
        [
          [
            -0.08875619633660836,
            -0.4252943690663025
          ],
          [
            -0.6621541383767947,
            -0.04117433388433498
          ],
          [
            -0.3439846516682182,
            -0.5027704923011239
          ]
        ],
        [
          [
            0.08964177146888391,
            -0.627347207260147
          ],
          [
            0.6862659168524312,
            0.06081501721274262
          ],
          [
            -0.294405454321579,
            -0.19252503178710306
          ]
        ]
      ]
    },
    "state_source": "architecture_rule",
    "wigner_negvol": 1.9823898939956346
  },
  "k_eff_before": 2,
  "k_eff_after": 2,
  "herald_cutoff": 48
}