{
  "group": "B30_c30_a1p00_b1p00",
  "target_alpha": "(1+0j)",
  "target_beta": "(1+0j)",
  "design": "B30",
  "depth": 5,
  "provenance": "output/experiments/B30_c30_a1p00_b1p00/20260706-055713_p64_i300#41",
  "exp_O": 0.3965869323400084,
  "vs_gaussian": -0.2700800676599916,
  "before": {
    "pnr_detections": [
      10,
      10
    ],
    "total_photons": 20,
    "prob": 0.0008437593790149846,
    "architecture": {
      "squeezings_r": [
        1.8345001080845904,
        1.6998320915443708,
        1.4530912510687575
      ],
      "squeezings_db": [
        15.934265479841134,
        14.764553950395667,
        12.62139024082108
      ],
      "max_squeezing_db": 15.934265479841134,
      "displacements_xp": [
        [
          0.0,
          0.0
        ],
        [
          0.0,
          0.0
        ],
        [
          0.0,
          0.0
        ]
      ],
      "U_passive_reim": [
        [
          [
            -0.16102260601610063,
            -0.48425535035857115
          ],
          [
            -0.24246235315516934,
            0.010360544975915589
          ],
          [
            -0.8207065676901479,
            0.08434377369668467
          ]
        ],
        [
          [
            -0.08436954503557359,
            -0.5704084693473847
          ],
          [
            -0.07853572620504397,
            -0.6774396473213661
          ],
          [
            0.390699768556806,
            0.22310829828464868
          ]
        ],
        [
          [
            -0.018537709460285243,
            -0.6377623282196204
          ],
          [
            0.18664801595561262,
            0.664209943087758
          ],
          [
            0.3211253355931905,
            -0.11739571761868545
          ]
        ]
      ]
    },
    "wigner_negvol": 1.696026677766723
  },
  "after": {
    "pnr_detections": [
      4,
      4
    ],
    "total_photons": 8,
    "prob": 0.009290498782906833,
    "prob_gain": 13.111711282092521,
    "architecture": {
      "squeezings_r": [
        1.601764683955102,
        1.4721172045462083,
        1.2989317039965844
      ],
      "squeezings_db": [
        13.912751270984138,
        12.786647572985178,
        11.282377428298092
      ],
      "max_squeezing_db": 13.912751270984138,
      "displacements_xp": [
        [
          0.0,
          0.0
        ],
        [
          0.0,
          0.0
        ],
        [
          0.0,
          0.0
        ]
      ],
      "U_passive_reim": [
        [
          [
            0.07248439408265772,
            0.5474269108187201
          ],
          [
            -0.37756407837441736,
            0.23311878963964258
          ],
          [
            0.3270248643037258,
            0.6254802352523207
          ]
        ],
        [
          [
            -0.030194193757570476,
            0.5145992907228824
          ],
          [
            -0.4779307178043759,
            -0.21632848927710596
          ],
          [
            0.041183370993801253,
            -0.676286939331599
          ]
        ],
        [
          [
            -0.27264528846519837,
            -0.5958273384584725
          ],
          [
            -0.6585253923431097,
            0.30696826869182514
          ],
          [
            0.1972938129782192,
            -0.06200218092480912
          ]
        ]
      ]
    },
    "state_source": "architecture_rule",
    "wigner_negvol": 2.004064963607269
  },
  "k_eff_before": 2,
  "k_eff_after": 2,
  "herald_cutoff": 48
}