{
  "group": "B30_c30_a1p00_b1p00",
  "target_alpha": "(1+0j)",
  "target_beta": "(1+0j)",
  "design": "B30",
  "depth": 5,
  "provenance": "output/experiments/B30_c30_a1p00_b1p00/20260706-055721_p64_i300#41",
  "exp_O": 0.3979113497432519,
  "vs_gaussian": -0.2687556502567481,
  "before": {
    "pnr_detections": [
      10,
      10
    ],
    "total_photons": 20,
    "prob": 0.0008580514694102543,
    "architecture": {
      "squeezings_r": [
        1.8351868872795987,
        1.7004887748251198,
        1.4676959800955884
      ],
      "squeezings_db": [
        15.940230768134693,
        14.77025782889942,
        12.74824530534198
      ],
      "max_squeezing_db": 15.940230768134693,
      "displacements_xp": [
        [
          0.0,
          0.0
        ],
        [
          0.0,
          0.0
        ],
        [
          0.0,
          0.0
        ]
      ],
      "U_passive_reim": [
        [
          [
            -0.12792913076735793,
            -0.48720371200526613
          ],
          [
            -0.20171777691086856,
            0.00789712990459863
          ],
          [
            -0.8372826968405594,
            0.06687256461513315
          ]
        ],
        [
          [
            -0.08466431339357355,
            -0.584529929361752
          ],
          [
            -0.07777529120909935,
            -0.6857961193679811
          ],
          [
            0.3793684351524279,
            0.1757014310274527
          ]
        ],
        [
          [
            -0.02965047159330156,
            -0.6297175920693596
          ],
          [
            0.16939329283913387,
            0.6739348432123677
          ],
          [
            0.3276222278940128,
            -0.11116662722176021
          ]
        ]
      ]
    },
    "wigner_negvol": 1.699527017683613
  },
  "after": {
    "pnr_detections": [
      4,
      4
    ],
    "total_photons": 8,
    "prob": 0.009348238845432193,
    "prob_gain": 13.11007265669156,
    "architecture": {
      "squeezings_r": [
        1.6005318965263429,
        1.4699136745814236,
        1.3051553216691214
      ],
      "squeezings_db": [
        13.902043415430741,
        12.767507954896889,
        11.336435084551262
      ],
      "max_squeezing_db": 13.902043415430741,
      "displacements_xp": [
        [
          0.0,
          0.0
        ],
        [
          0.0,
          0.0
        ],
        [
          0.0,
          0.0
        ]
      ],
      "U_passive_reim": [
        [
          [
            0.07213302447577943,
            0.540102465586253
          ],
          [
            -0.40039524662271697,
            0.20979616611632365
          ],
          [
            0.28486455279379413,
            0.6462256224988644
          ]
        ],
        [
          [
            -0.00764991927625033,
            0.5216040009763083
          ],
          [
            -0.47838965763726626,
            -0.16525351246212358
          ],
          [
            0.019684681695226393,
            -0.6865259429124009
          ]
        ],
        [
          [
            -0.35598653903210786,
            -0.5515709223446645
          ],
          [
            -0.6155691847904807,
            0.40072235523593824
          ],
          [
            0.15303543122602042,
            -0.07822679331155707
          ]
        ]
      ]
    },
    "state_source": "architecture_rule",
    "wigner_negvol": 2.0025728051096245
  },
  "k_eff_before": 2,
  "k_eff_after": 2,
  "herald_cutoff": 48
}