{
  "group": "B30_c30_a1p00_b1p00",
  "target_alpha": "(1+0j)",
  "target_beta": "(1+0j)",
  "design": "B30",
  "depth": 5,
  "provenance": "output/experiments/B30_c30_a1p00_b1p00/20260708-011713_p64_i800#6702",
  "exp_O": 0.3916039155745685,
  "vs_gaussian": -0.2750630844254315,
  "before": {
    "pnr_detections": [
      10,
      10
    ],
    "total_photons": 20,
    "prob": 0.0005740607279452672,
    "architecture": {
      "squeezings_r": [
        1.7517870668849644,
        1.6336397539131358,
        1.2142951342482544
      ],
      "squeezings_db": [
        15.215829132352457,
        14.189614610845222,
        10.547233524119704
      ],
      "max_squeezing_db": 15.215829132352457,
      "displacements_xp": [
        [
          0.0,
          0.0
        ],
        [
          0.0,
          0.0
        ],
        [
          0.0,
          0.0
        ]
      ],
      "U_passive_reim": [
        [
          [
            0.2953732410194909,
            0.4512198768176297
          ],
          [
            0.5729141704165822,
            0.0034891272745652784
          ],
          [
            -0.5882357365692155,
            0.18679177927290608
          ]
        ],
        [
          [
            0.07555150788946505,
            0.3458831749179029
          ],
          [
            0.07998212668818386,
            0.570327175975351
          ],
          [
            0.5427896384625217,
            0.49836330031060705
          ]
        ],
        [
          [
            -0.01943093214103258,
            0.7638288480378276
          ],
          [
            -0.3042406878789088,
            -0.4975183965645141
          ],
          [
            0.22720704748228165,
            -0.15645426256437622
          ]
        ]
      ]
    },
    "wigner_negvol": 1.7790701411336096
  },
  "after": {
    "pnr_detections": [
      4,
      4
    ],
    "total_photons": 8,
    "prob": 0.00837497024236811,
    "prob_gain": 13.275412474334097,
    "architecture": {
      "squeezings_r": [
        1.6301130324798132,
        1.508305354664458,
        1.1929874985381987
      ],
      "squeezings_db": [
        14.158981897691183,
        13.100973851118026,
        10.362157751894069
      ],
      "max_squeezing_db": 14.158981897691183,
      "displacements_xp": [
        [
          0.0,
          0.0
        ],
        [
          0.0,
          0.0
        ],
        [
          0.0,
          0.0
        ]
      ],
      "U_passive_reim": [
        [
          [
            -0.12851322554917208,
            -0.6300029956868037
          ],
          [
            0.20851051690081437,
            -0.19789693730534721
          ],
          [
            0.5725151049350137,
            0.4197227626097592
          ]
        ],
        [
          [
            -0.2694991939202272,
            0.3364577226496893
          ],
          [
            -0.39590990946671706,
            -0.5365317797957329
          ],
          [
            -0.16123174812582314,
            0.5861396604882678
          ]
        ],
        [
          [
            0.5644664330926442,
            0.28657391287763656
          ],
          [
            0.27689530032326554,
            -0.6293474017274445
          ],
          [
            0.2822924064542438,
            -0.21636745648489347
          ]
        ]
      ]
    },
    "state_source": "architecture_rule",
    "wigner_negvol": 1.9827420824543982
  },
  "k_eff_before": 2,
  "k_eff_after": 2,
  "herald_cutoff": 48
}