{
  "group": "B30_c30_a1p00_b1p41",
  "target_alpha": "(1+0j)",
  "target_beta": "(1+1j)",
  "design": "B30",
  "depth": 3,
  "provenance": "output_oldold/experiments/B30_c30_a1p00_b1p41/20260221-175753_p64_i2500#64",
  "exp_O": 0.7451475009250044,
  "vs_gaussian": -0.2548524990749956,
  "before": {
    "pnr_detections": [
      4,
      2,
      0,
      0,
      2,
      0,
      3,
      2
    ],
    "total_photons": 13,
    "prob": 1.0032573063546398e-15,
    "architecture": {
      "squeezings_r": [
        0.5898344301383557,
        0.33891448382559997,
        0.20328355499547243,
        0.16478750461333005,
        0.14208978544430462,
        0.14188794113663328,
        0.14040141440912074,
        0.14018230685128774,
        0.1399132527608936
      ],
      "squeezings_db": [
        5.12323676491274,
        2.9437738032509393,
        1.765698523924198,
        1.4313260788035178,
        1.2341761950655696,
        1.2324229976850647,
        1.219511190585857,
        1.2176080465196535,
        1.2152710723838203
      ],
      "max_squeezing_db": 5.12323676491274,
      "displacements_xp": [
        [
          0.36983927049124277,
          -0.3425090192081446
        ],
        [
          0.2150631359573223,
          -0.16106334997087657
        ],
        [
          1.1226055457631818,
          -0.5481194772754188
        ],
        [
          0.8486767776596166,
          -1.5564064715371995
        ],
        [
          2.3463780382017005,
          2.2534675686162027
        ],
        [
          0.41392890924716985,
          -0.10732732559948877
        ],
        [
          1.2930508732456267,
          -0.4276906000761818
        ],
        [
          0.16195400705597707,
          0.09936018420890103
        ],
        [
          0.6526086293551725,
          -0.21607541540820654
        ]
      ],
      "U_passive_reim": [
        [
          [
            0.4807701196132463,
            -0.6481096354865759
          ],
          [
            -0.44117244650362514,
            -0.3889949207274243
          ],
          [
            0.016369452604546003,
            0.05062647115585634
          ],
          [
            -0.0008975394037817136,
            -0.0005593440818457293
          ],
          [
            0.0030170187085718095,
            -0.0009599056837963978
          ],
          [
            0.002017726285785608,
            -0.0006165292030478013
          ],
          [
            -0.0037696277964154295,
            0.0007151687910778857
          ],
          [
            0.001354321542784319,
            -0.00022250326128857593
          ],
          [
            0.0007812156027294459,
            -9.416382485210593e-05
          ]
        ],
        [
          [
            0.3076382949972674,
            0.08128112340430371
          ],
          [
            -0.1588994262387112,
            0.40599539330914836
          ],
          [
            -0.031786046548417816,
            -0.1488047857386449
          ],
          [
            0.000626938389551425,
            0.004893929645173673
          ],
          [
            0.04315055616238142,
            0.09835359975564105
          ],
          [
            0.030693167214892403,
            0.07032023461502558
          ],
          [
            -0.22527421302863104,
            -0.5351779707511701
          ],
          [
            0.21165401022537533,
            0.5105371223957665
          ],
          [
            -0.059941677968333884,
            -0.1478793230906068
          ]
        ],
        [
          [
            -0.3946362735225374,
            -0.08651916534760448
          ],
          [
            0.17530294619293227,
            -0.5148564849329857
          ],
          [
            0.05073333928465879,
            0.1850069895181978
          ],
          [
            -0.0011203327651577264,
            -0.006051213697043312
          ],
          [
            -0.09635927897237526,
            -0.19238433154310458
          ],
          [
            -0.07296212010466832,
            -0.1463763270210029
          ],
          [
            -0.27646266642909517,
            -0.5826078578667324
          ],
          [
            0.04910186540208264,
            0.10360983406035595
          ],
          [
            0.0186424898759122,
            0.041540285897711804
          ]
        ],
        [
          [
            -0.0068838702211892165,
            0.0020720722768126946
          ],
          [
            -0.004197027754402975,
            -0.008736037363095077
          ],
          [
            -0.04299669965827318,
            0.006235257946946135
          ],
          [
            -0.3500006250956844,
            0.9356635828004027
          ],
          [
            2.290453917500826e-05,
            8.573378440422708e-05
          ],
          [
            1.455099757491725e-05,
            5.426082377649588e-05
          ],
          [
            -8.567409156547533e-06,
            -4.0352095440064756e-05
          ],
          [
            -4.7215980922986995e-06,
            -5.341230171775121e-06
          ],
          [
            5.666075935487783e-06,
            1.647929043793135e-05
          ]
        ],
        [
          [
            0.09527467558686306,
            -0.11380875585504757
          ],
          [
            0.2158758716802805,
            0.0937275601403889
          ],
          [
            0.9569209028626147,
            -0.06936018897045687
          ],
          [
            -0.01634845737482947,
            0.04111749950853841
          ],
          [
            -0.004041862299700029,
            -0.0055233932566375946
          ],
          [
            -0.002833220704944941,
            -0.004061198352502013
          ],
          [
            -0.0001931931654595325,
            -0.001620828641256806
          ],
          [
            -0.002479733376186956,
            -0.005467043552886505
          ],
          [
            0.0008760026770723196,
            0.0024187552627871795
          ]
        ],
        [
          [
            -0.14809647323405256,
            -0.032495056979536585
          ],
          [
            0.0661170881716047,
            -0.19327956586944828
          ],
          [
            0.02596060507856107,
            0.06928421463845529
          ],
          [
            -0.000557394792127104,
            -0.002033038401429135
          ],
          [
            0.30992921843258125,
            0.5330001219502712
          ],
          [
            -0.07240839044397684,
            -0.13562888424475944
          ],
          [
            0.02820261506265289,
            0.07598841547399253
          ],
          [
            0.020626072709822783,
            0.04352049416183346
          ],
          [
            -0.2565714257245655,
            -0.6717908419697849
          ]
        ],
        [
          [
            -0.0067552234100628356,
            0.007145795387201929
          ],
          [
            -0.010843667767071977,
            -0.00604078376597397
          ],
          [
            0.0062081621086538434,
            0.0005266468472255729
          ],
          [
            -0.00018177483846473408,
            -3.1314887109336e-05
          ],
          [
            0.35779725482308045,
            0.6279060595594048
          ],
          [
            -0.09392970317460544,
            -0.1665112581925934
          ],
          [
            -0.06317923555165189,
            -0.14453487302624554
          ],
          [
            -0.03587014061542055,
            -0.08266972613207904
          ],
          [
            0.22836991984575816,
            0.5964234871743784
          ]
        ],
        [
          [
            -0.1853273599539903,
            -0.03733480331200298
          ],
          [
            0.07737946472422941,
