{
  "group": "B30_c30_a2p73_b1p41",
  "target_alpha": "(2.7320508+0j)",
  "target_beta": "(1+1j)",
  "design": "B30",
  "depth": 4,
  "provenance": "output/experiments/B30_c30_a2p73_b1p41/20260706-203230_p64_i300#61",
  "exp_O": 1.0043031141882353,
  "vs_gaussian": -0.0850128858117647,
  "before": {
    "pnr_detections": [
      8
    ],
    "total_photons": 8,
    "prob": 0.028016321251619486,
    "architecture": {
      "squeezings_r": [
        1.7015323109872187,
        1.324078559592948
      ],
      "squeezings_db": [
        14.779321868836739,
        11.500800240752467
      ],
      "max_squeezing_db": 14.779321868836739,
      "displacements_xp": [
        [
          0.6131733316276156,
          0.020959740862254134
        ],
        [
          -0.6313629903578776,
          -2.527435148364275
        ]
      ],
      "U_passive_reim": [
        [
          [
            0.01806208874573817,
            0.9755963798630051
          ],
          [
            -0.20794624564042624,
            0.0681456049381801
          ]
        ],
        [
          [
            0.21739277388599196,
            0.02501692248245233
          ],
          [
            -0.1781398130966131,
            -0.9593647598497473
          ]
        ]
      ]
    },
    "wigner_negvol": 1.9782066529921336
  },
  "after": {
    "pnr_detections": [
      4
    ],
    "total_photons": 4,
    "prob": 0.06940705758759622,
    "prob_gain": 2.3453128523952382,
    "architecture": {
      "squeezings_r": [
        1.2626327008719416,
        0.9211616453952864
      ],
      "squeezings_db": [
        10.967088293185668,
        8.001108390721857
      ],
      "max_squeezing_db": 10.967088293185668,
      "displacements_xp": [
        [
          -0.6096465784282773,
          -2.6604106764717046
        ],
        [
          0.0,
          0.0
        ]
      ],
      "U_passive_reim": [
        [
          [
            0.17577105694731474,
            0.7985754610675532
          ],
          [
            -0.5622004117267113,
            0.12374354760828257
          ]
        ],
        [
          [
            0.12451119139728013,
            -0.5620308992726261
          ],
          [
            -0.7983346777394839,
            -0.1768614536811974
          ]
        ]
      ]
    },
    "state_source": "core_exact",
    "wigner_negvol": 2.5471984198142135
  },
  "k_eff_before": 1,
  "k_eff_after": 1,
  "herald_cutoff": 30
}