{
  "group": "B30_c30_a2p73_b1p41",
  "target_alpha": "(2.7320508+0j)",
  "target_beta": "(1+1j)",
  "design": "B30",
  "depth": 5,
  "provenance": "output/experiments/B30_c30_a2p73_b1p41/20260706-014128_p64_i300#64",
  "exp_O": 0.4913597468781647,
  "vs_gaussian": -0.5979562531218352,
  "before": {
    "pnr_detections": [
      8,
      6,
      2,
      1,
      0
    ],
    "total_photons": 17,
    "prob": 5.653760108488054e-06,
    "architecture": {
      "squeezings_r": [
        1.9194826378088452,
        1.6394536947767502,
        1.639194257640171,
        1.375332671277606,
        1.1707330129768607,
        0.9017186853645813
      ],
      "squeezings_db": [
        16.67241435418959,
        14.240113859548813,
        14.237860417212472,
        11.945987798342465,
        10.168857746356375,
        7.832228985657845
      ],
      "max_squeezing_db": 16.67241435418959,
      "displacements_xp": [
        [
          -0.17581100728207294,
          1.3751611533557773
        ],
        [
          -0.7147685533921591,
          -0.1600153558316034
        ],
        [
          -0.6773035394432398,
          0.1942883737767192
        ],
        [
          -0.699181457394602,
          0.009234461401832119
        ],
        [
          -0.709925712468636,
          -0.037032348340854074
        ],
        [
          -1.3919687653425188,
          -0.7794017853625685
        ]
      ],
      "U_passive_reim": [
        [
          [
            0.07872333430887832,
            0.6599586646396057
          ],
          [
            0.000650883162855605,
            2.6860081980523014e-05
          ],
          [
            -0.006286300086569008,
            -0.00032574235528286456
          ],
          [
            -0.7138059608894403,
            -0.14176911564569858
          ],
          [
            -0.11926302013862809,
            -0.038043908744391876
          ],
          [
            0.043886416760577404,
            -0.10489372269923203
          ]
        ],
        [
          [
            0.36742369898725064,
            0.013803686141708004
          ],
          [
            -0.01826199562234174,
            0.0013026980280575918
          ],
          [
            -0.8559799246068521,
            0.06048896468642962
          ],
          [
            0.11215418155826208,
            -0.30380437618812306
          ],
          [
            0.008727744621255994,
            -0.11728071320319894
          ],
          [
            -0.07406737165013717,
            0.06261761569665227
          ]
        ],
        [
          [
            0.4232754697422037,
            0.019323308771879957
          ],
          [
            -0.7176998850160694,
            0.047642042683626394
          ],
          [
            0.3667072539617511,
            -0.027697057109117042
          ],
          [
            0.12007982813379872,
            -0.34994596743427775
          ],
          [
            0.00895372605868974,
            -0.1355681325338385
          ],
          [
            -0.08579291697508007,
            0.07183037357906169
          ]
        ],
        [
          [
            0.44795972948400364,
            0.020013327182545653
          ],
          [
            0.6929731787628638,
            -0.04571263367532733
          ],
          [
            0.35724629337376995,
            -0.02705523609622069
          ],
          [
            0.1282391683052611,
            -0.37034041984038424
          ],
          [
            0.009615874397447535,
            -0.14340982409036673
          ],
          [
            -0.09073344801543083,
            0.07605566431198495
          ]
        ],
        [
          [
            -0.06183650472812841,
            -0.040900601735393276
          ],
          [
            4.645911129737218e-06,
            5.738082318015888e-05
          ],
          [
            -3.5924036170286096e-05,
            -0.0005497941158127336
          ],
          [
            0.07952005184900007,
            -0.1338815736935177
          ],
          [
            -0.5646891291181829,
            0.3500582030026282
          ],
          [
            -0.6057983119805537,
            -0.40230487609467935
          ]
        ],
        [
          [
            0.1920668236627114,
            0.008731433499951634
          ],
          [
            -0.00010411359821888702,
            5.851672859878009e-05
          ],
          [
            0.0009838442356501578,
            -0.0005671160119551609
          ],
          [
            0.10325455797953534,
            -0.20029736480562646
          ],
          [
            0.018692505354113476,
            0.6997259146080261
          ],
          [
            0.5962059830827973,
            -0.2585051562299102
          ]
        ]
      ]
    },
    "wigner_negvol": 3.1404475586922547
  },
  "after": {
    "pnr_detections": [
      4,
      2,
      2,
      1,
      0
    ],
    "total_photons": 9,
    "prob": 0.00035279553061579044,
    "prob_gain": 97.52535312460692,
    "architecture": {
      "squeezings_r": [
        1.4982002048117713,
        1.310157695649222,
        1.1745315387848405,
        1.0463644668758854,
        0.2667347893718321,
        2.3647750424515276e-14
      ],
      "squeezings_db": [
        13.01320163472148,
        11.379885152870743,
        10.201851322311828,
        9.088606280476698,
        2.3168289431162563,
        2.0540175037584528e-13
      ],
      "max_squeezing_db": 13.01320163472148,
      "displacements_xp": [
        [
          -0.22096300352720513,
          0.07087363841318171
        ],
        [
          0.14661050619671093,
          0.040901821226499484
        ],
        [
          0.2297134411193335,
          -0.0320433189453867
        ],
        [
          -1.855376003614587,
          -0.091987329387332
        ],
        [
          -8.046346782518819e-08,
          -4.317017022055602e-08
        ],
        [
          0.0,
          0.0
        ]
      ],