{
  "group": "B30_c30_a2p73_b1p41",
  "target_alpha": "(2.7320508+0j)",
  "target_beta": "(1+1j)",
  "design": "B30",
  "depth": 3,
  "provenance": "output/experiments/B30_c30_a2p73_b1p41/20260704-065137_p64_i300#64",
  "exp_O": 0.5095579973839746,
  "vs_gaussian": -0.5797580026160254,
  "before": {
    "pnr_detections": [
      8,
      6,
      2
    ],
    "total_photons": 16,
    "prob": 0.00015580428969467797,
    "architecture": {
      "squeezings_r": [
        1.9550204391970263,
        1.6790084168801758,
        1.6227328675958093,
        1.6213884450031026
      ],
      "squeezings_db": [
        16.981091775026805,
        14.583681810403501,
        14.094878599998001,
        14.083201093730832
      ],
      "max_squeezing_db": 16.981091775026805,
      "displacements_xp": [
        [
          0.0016067426434248078,
          2.4872240192490214
        ],
        [
          -0.012764185696087144,
          0.0035236001127874833
        ],
        [
          -0.012893933786337396,
          0.002851796459258081
        ],
        [
          -0.012898093500682273,
          0.002806774282390446
        ]
      ],
      "U_passive_reim": [
        [
          [
            0.2523657298511281,
            0.6918265356886634
          ],
          [
            0.6662488096978113,
            -0.04239915636092486
          ],
          [
            -0.00031089502797834625,
            8.07282739075516e-06
          ],
          [
            -0.10952768286090234,
            -0.002451121394980426
          ]
        ],
        [
          [
            0.3218929603089346,
            0.042951593835792244
          ],
          [
            -0.0052925082829538535,
            0.2796499788307221
          ],
          [
            0.01128779146407241,
            -0.0020890275320109525
          ],
          [
            0.8773273341031105,
            -0.21557581485391705
          ]
        ],
        [
          [
            0.4102821769378723,
            0.08965609189025744
          ],
          [
            -0.2696388581850344,
            0.40600046178385424
          ],
          [
            -0.705364429177805,
            0.08780854715669284
          ],
          [
            -0.2831139960052798,
            -0.0261911821970226
          ]
        ],
        [
          [
            0.4096114763236023,
            0.08986892979406852
          ],
          [
            -0.27184524901571566,
            0.40576025629394996
          ],
          [
            0.6978984301700779,
            -0.08692863319981786
          ],
          [
            -0.30069332154273165,
            -0.0237804372809218
          ]
        ]
      ]
    },
    "wigner_negvol": 3.44345335070097
  },
  "after": {
    "pnr_detections": [
      4,
      2,
      2
    ],
    "total_photons": 8,
    "prob": 0.00207204454052505,
    "prob_gain": 11.387363822476095,
    "architecture": {
      "squeezings_r": [
        1.532440970357456,
        1.3891219806178403,
        1.1503580567779927,
        0.9700790655459421
      ],
      "squeezings_db": [
        13.310613145374155,
        12.06576021745688,
        9.991883125432597,
        8.425999703529312
      ],
      "max_squeezing_db": 13.310613145374155,
      "displacements_xp": [
        [
          -0.012577952800851083,
          0.0023596633454064397
        ],
        [
          -0.005625115681494199,
          0.0005372294208223707
        ],
        [
          -0.003764854691887843,
          0.0012711859802906579
        ],
        [
          0.0,
          0.0
        ]
      ],
      "U_passive_reim": [
        [
          [
            -0.7819441714009535,
            0.14918138595197758
          ],
          [
            0.06565351502802651,
            0.33897683314824684
          ],
          [
            -0.4771270692522133,
            0.09953314196516959
          ],
          [
            0.09588889544416064,
            -0.01846029844308697
          ]
        ],
        [
          [
            -0.15208944845005234,
            0.012926880818764858
          ],
          [
            0.04627194718856467,
            0.46865450381127466
          ],
          [
            0.42981424979602884,
            -0.04268235148789112
          ],
          [
            -0.7485806844222116,
            0.08937810043269727
          ]
        ],
        [
          [
            -0.1597067590363513,
            0.015377148610288691
          ],
          [
            0.032338009594468385,
            0.3705985560927117
          ],
          [
            0.6493916162546076,
            -0.0740324481791055
          ],
          [
            0.634388123406544,
            -0.0789283980057002
          ]
        ],
        [
          [
            0.38526432399748617,
            -0.4108997656283859
          ],
          [
            0.5278307283539003,
            0.4919470205996708
          ],
          [
            -0.2586829455045711,
            0.2859610114001416
          ],
          [
            0.08045534666661316,
            -0.08337868580541428
          ]
        ]
      ]
    },
    "state_source": "architecture_rule",
    "wigner_negvol": 2.6437971401367593
  },
  "k_eff_before": 3,
  "k_eff_after": 3,
  "herald_cutoff": 40
}