{
  "group": "B30_c30_a2p73_b1p41",
  "target_alpha": "(2.7320508+0j)",
  "target_beta": "(1+1j)",
  "design": "B30",
  "depth": 5,
  "provenance": "output/experiments/B30_c30_a2p73_b1p41/20260705-234930_p64_i300#57",
  "exp_O": 0.5013234062295178,
  "vs_gaussian": -0.5879925937704822,
  "before": {
    "pnr_detections": [
      6,
      6,
      2,
      1
    ],
    "total_photons": 15,
    "prob": 3.435923379452022e-05,
    "architecture": {
      "squeezings_r": [
        1.8203769150743796,
        1.5472310246037129,
        1.5347632152825146,
        1.5338027420268763,
        1.2739465040493076
      ],
      "squeezings_db": [
        15.81159298401735,
        13.43907792429814,
        13.330783908505772,
        13.322441343806984,
        11.065358738971058
      ],
      "max_squeezing_db": 15.81159298401735,
      "displacements_xp": [
        [
          0.11248626629725944,
          1.7974044995969196
        ],
        [
          0.2173095072734553,
          0.43097650421137745
        ],
        [
          0.5170896523673539,
          0.20109586995489173
        ],
        [
          0.3797703069713886,
          0.32844646410831385
        ],
        [
          1.1268618854230015,
          -0.6679835260873547
        ]
      ],
      "U_passive_reim": [
        [
          [
            0.0725232670762637,
            0.6838375638674691
          ],
          [
            0.2252694452183353,
            -0.01980284916045509
          ],
          [
            0.0009112572451567957,
            -0.00020181476583111923
          ],
          [
            7.162178863339082e-07,
            -1.5748071557248422e-07
          ],
          [
            -0.674636430451859,
            -0.14433607234579757
          ]
        ],
        [
          [
            -0.2652223302196141,
            -0.30626337112552404
          ],
          [
            0.07282447247092663,
            0.004124076057048394
          ],
          [
            0.5814836128683348,
            0.5853720805530945
          ],
          [
            -0.007887860509939688,
            -0.00806515103403122
          ],
          [
            -0.3495761150206157,
            0.1656051368246516
          ]
        ],
        [
          [
            -0.2589098838366796,
            -0.306379112928969
          ],
          [
            0.11020260421697722,
            0.043107019446586424
          ],
          [
            -0.2647611958106862,
            -0.26691959129826415
          ],
          [
            0.5127147616820636,
            0.5242233212505782
          ],
          [
            -0.34033643730696084,
            0.1738813248636811
          ]
        ],
        [
          [
            -0.2745309216375321,
            -0.3253278722374768
          ],
          [
            0.11914631232484907,
            0.048021822810926054
          ],
          [
            -0.2951430134161071,
            -0.29753350712592064
          ],
          [
            -0.4753553895683589,
            -0.4860257790986522
          ],
          [
            -0.3608237164241912,
            0.18514714283049286
          ]
        ],
        [
          [
            0.14289469663228593,
            0.020966414411720265
          ],
          [
            0.6523354783921876,
            0.6982082552824234
          ],
          [
            0.03297787697728326,
            0.03387888027528214
          ],
          [
            0.0010859620695752175,
            0.0011108336504192238
          ],
          [
            0.2012811922542532,
            0.15281793254865939
          ]
        ]
      ]
    },
    "wigner_negvol": 3.5264572075409446
  },
  "after": {
    "pnr_detections": [
      2,
      2,
      2,
      1
    ],
    "total_photons": 7,
    "prob": 0.0022428920652907414,
    "prob_gain": 63.139677131038056,
    "architecture": {
      "squeezings_r": [
        1.3217783047039768,
        1.2716345694689832,
        1.0532481276337193,
        1.0037920889866485,
        0.701485426600678
      ],
      "squeezings_db": [
        11.480820480647443,
        11.045277530355934,
        9.148396998125124,
        8.718827304500786,
        6.093024998164461
      ],
      "max_squeezing_db": 11.480820480647443,
      "displacements_xp": [
        [
          0.34580458556443894,
          0.37234369625416525
        ],
        [
          0.41407603921352987,
          0.3503704237745726
        ],
        [
          0.28545752022052484,
          0.226921027083887
        ],
        [
          0.9265862525418016,
          -0.8265738640984526
        ],
        [
          0.0,
          0.0
        ]
      ],
      "U_passive_reim": [
        [
          [
            0.3320086024447461,
            0.24158395893227613
          ],
          [
            -0.2544316979585393,
            0.3450523920888942
          ],
          [
            -0.2777261219252249,
            -0.27394070033690865
          ],
          [
            -0.49277313494663005,
            -0.49724745120514563
          ],
          [
            -0.04537441311434963,
            0.05741343706525561
          ]
        ],
        [
          [
            0.3262586578129257,
            0.24378707958611673
          ],
          [
            -0.2656588578629306,
            0.3347637961379003
          ],
          [
            -0.25945840898805744,
            -0.2627341174839288
          ],
          [
            0.4917824395943333,
            0.5176028452617552
          ],
          [
            -0.045646201925055724,
            0.05733749656212203
          ]
        ],
        [
          [
            0.33333479367312824,
            0.2680565736927665
          ],
          [
            -0.19519392698622476,
            0.2633073624207518
          ],
          [
            0.5846291757592021,
            0.6037981031657917
          ],
          [
            -0.009095952433252417,
            -0.0065559235295814915
          ],
          [
            -0.034616599315048804,
            0.04375733563741501
          ]
        ],
        [
          [
            -0.08054562920230116,
            0.07612718629914156
          ],
          [
            -0.041537652551518915,
            -0.034484397934861584
          ],
          [
            0.008586575632578744,
            -0.007756585678153516
          ],
          [
            -0.0009746628516617849,
            -0.0003152974864749431
          ],
          [
            0.6932759237925522,
            0.7099549655077348
          ]
        ],
        [
          [
            0.11693542701648307,
            0.6757272929047021
          ],
          [
            0.7127283086097057,
            -0.12342731225551071
          ],
          [
            -0.014608996164283775,
            -0.06903674534426826
          ],
          [
            0.005183715090970087,
            0.0018164972121112314
          ],
          [
            -0.03677671755294143,
            0.011857307155942971
          ]
        ]
      ]
    },
    "state_source": "architecture_rule",
    "wigner_negvol": 2.7261894838916376
  },
  "k_eff_before": 4,
  "k_eff_after": 4,
  "herald_cutoff": 38
}