{
  "group": "B30_c30_a2p73_b1p41",
  "target_alpha": "(2.7320508+0j)",
  "target_beta": "(1+1j)",
  "design": "B30",
  "depth": 4,
  "provenance": "output/experiments/B30_c30_a2p73_b1p41/20260704-175001_p64_i300#1",
  "exp_O": 0.5096648437121567,
  "vs_gaussian": -0.5796511562878432,
  "before": {
    "pnr_detections": [
      8,
      6,
      2
    ],
    "total_photons": 16,
    "prob": 0.000156710538217443,
    "architecture": {
      "squeezings_r": [
        1.942010362379878,
        1.6777531611167165,
        1.6156717818756878,
        1.6140848899104747
      ],
      "squeezings_db": [
        16.86808768361031,
        14.572778797374545,
        14.03354678870811,
        14.019763220230736
      ],
      "max_squeezing_db": 16.86808768361031,
      "displacements_xp": [
        [
          -0.027531979478515163,
          2.4074339428641993
        ],
        [
          -0.05523309981561732,
          0.0004702076728910129
        ],
        [
          -0.057162224393915516,
          -0.009672969846494447
        ],
        [
          -0.057142231325108865,
          -0.00920655537426376
        ]
      ],
      "U_passive_reim": [
        [
          [
            0.24006403618192412,
            0.692328041831616
          ],
          [
            0.6642343602718725,
            -0.030420592765456198
          ],
          [
            -0.0013159499231957285,
            -3.790809175707013e-05
          ],
          [
            -0.14442955403935143,
            -0.007537503196054477
          ]
        ],
        [
          [
            0.3307027775227461,
            0.030304695554030297
          ],
          [
            0.04741961438019771,
            0.26853017713929184
          ],
          [
            0.01588274770401836,
            -0.0036129923019695585
          ],
          [
            0.8690862382013808,
            -0.24450770475521363
          ]
        ],
        [
          [
            0.4113032622920694,
            0.08687536386105468
          ],
          [
            -0.2813225824778244,
            0.40250175220719864
          ],
          [
            -0.7075622245114221,
            0.07972653396868867
          ],
          [
            -0.2694447585191577,
            -0.050310455895314736
          ]
        ],
        [
          [
            0.41042826934246757,
            0.0871743809741109
          ],
          [
            -0.28393473897047755,
            0.4021706532947201
          ],
          [
            0.6974153865950221,
            -0.07964991033941556
          ],
          [
            -0.2943327251169509,
            -0.04717001069813792
          ]
        ]
      ]
    },
    "wigner_negvol": 3.4408192311589256
  },
  "after": {
    "pnr_detections": [
      4,
      2,
      2
    ],
    "total_photons": 8,
    "prob": 0.002069049752104603,
    "prob_gain": 11.20990467935555,
    "architecture": {
      "squeezings_r": [
        1.532681928938198,
        1.3887600292490934,
        1.150499894309835,
        0.97034655777475
      ],
      "squeezings_db": [
        13.312706085013826,
        12.062616347813597,
        9.993115110580716,
        8.428323111507776
      ],
      "max_squeezing_db": 13.312706085013826,
      "displacements_xp": [
        [
          -0.05220543118797,
          0.010178098482104945
        ],
        [
          -0.023834085041396547,
          0.005330979520570521
        ],
        [
          -0.0181224073769027,
          -0.010447970672720233
        ],
        [
          0.0,
          0.0
        ]
      ],
      "U_passive_reim": [
        [
          [
            -0.779445638097293,
            0.16341329851415048
          ],
          [
            0.07591307927455193,
            0.33669688914495843
          ],
          [
            -0.47414373377146685,
            0.11066579387671205
          ],
          [
            -0.09581652853250952,
            0.019824101640706634
          ]
        ],
        [
          [
            -0.1520067845500822,
            0.011279772419430373
          ],
          [
            0.03534108864545577,
            0.46961601557439203
          ],
          [
            0.43060319897276866,
            -0.03205317587522319
          ],
          [
            0.7499118005110372,
            -0.07851292861257007
          ]
        ],
        [
          [
            -0.1595881739598525,
            0.013998683321050046
          ],
          [
            0.021547508698448153,
            0.37134988721132844
          ],
          [
            0.6507842950691232,
            -0.06368218784666259
          ],
          [
            -0.6350268161232033,
            0.07166547830954435
          ]
        ],
        [
          [
            -0.1720292816423462,
            -0.535974694514392
          ],
          [
            0.6857340867891453,
            -0.2246952223725038
          ],
          [
            0.13089940557478127,
            0.3630206696652906
          ],
          [
            0.0335838457131168,
            0.11122651068562942
          ]
        ]
      ]
    },
    "state_source": "architecture_rule",
    "wigner_negvol": 2.631083034911411
  },
  "k_eff_before": 3,
  "k_eff_after": 3,
  "herald_cutoff": 40
}