{
  "group": "B30_c30_a2p73_b1p41",
  "target_alpha": "(2.7320508+0j)",
  "target_beta": "(1+1j)",
  "design": "B30",
  "depth": 4,
  "provenance": "output/experiments/B30_c30_a2p73_b1p41/20260706-203230_p64_i300#57",
  "exp_O": 0.6785834968771238,
  "vs_gaussian": -0.4107325031228761,
  "before": {
    "pnr_detections": [
      1,
      8,
      1
    ],
    "total_photons": 10,
    "prob": 0.00037584134285290863,
    "architecture": {
      "squeezings_r": [
        1.7822016458667211,
        1.5533803611095445,
        1.347440014934581,
        1.2317325334623446
      ],
      "squeezings_db": [
        15.480006808776206,
        13.492490382535117,
        11.703715263634477,
        10.698692849268175
      ],
      "max_squeezing_db": 15.480006808776206,
      "displacements_xp": [
        [
          -0.0031516908337318635,
          0.0006609431896290527
        ],
        [
          0.009563313395167687,
          0.0006636410848582094
        ],
        [
          -0.002564081729127249,
          0.0038954788473196645
        ],
        [
          -0.0015922728637068218,
          -0.0014101085843215384
        ]
      ],
      "U_passive_reim": [
        [
          [
            -0.5810097019113388,
            -0.3683364077258692
          ],
          [
            0.21225769477870415,
            -0.3580967514055023
          ],
          [
            -0.3007632402482415,
            0.38891891571203363
          ],
          [
            -0.1182512893302592,
            0.3126812875070108
          ]
        ],
        [
          [
            0.31080344542593763,
            0.04809718644249655
          ],
          [
            0.7195679777480068,
            -0.24725663681452
          ],
          [
            0.4763623512645385,
            0.10109204420351753
          ],
          [
            0.14828369725027132,
            0.2510880601397894
          ]
        ],
        [
          [
            0.3273073635708999,
            -0.18890196799031223
          ],
          [
            -0.44635294917868784,
            0.004496853712794971
          ],
          [
            0.19329993874234344,
            0.03157259469372065
          ],
          [
            -0.3151371791598006,
            0.7212916348922568
          ]
        ],
        [
          [
            -0.5149463659885075,
            0.14092576908807938
          ],
          [
            0.1780347511712845,
            0.12981494148373482
          ],
          [
            0.2975654863536536,
            -0.6278821111409789
          ],
          [
            -0.40038471594206065,
            0.15275074855912207
          ]
        ]
      ]
    },
    "wigner_negvol": 4.324944300601215
  },
  "after": {
    "pnr_detections": [
      1,
      4,
      1
    ],
    "total_photons": 6,
    "prob": 0.003392918378609826,
    "prob_gain": 5.579906900878059,
    "architecture": {
      "squeezings_r": [
        1.5436824794952033,
        1.2517911454218877,
        0.8322246783470811,
        0.6923219622623404
      ],
      "squeezings_db": [
        13.40825565310993,
        10.872919739041539,
        7.22861171019692,
        6.013432158219317
      ],
      "max_squeezing_db": 13.40825565310993,
      "displacements_xp": [
        [
          0.0025357597367910907,
          0.0011597061667163297
        ],
        [
          0.005860643480465397,
          -0.005973338316373549
        ],
        [
          0.0001692241412770976,
          -0.00011443393447740964
        ],
        [
          0.0,
          0.0
        ]
      ],
      "U_passive_reim": [
        [
          [
            -0.005561533841216229,
            0.06440465621002033
          ],
          [
            0.10495761499017942,
            -0.30527767022441044
          ],
          [
            0.8281283575726099,
            0.009035874874788434
          ],
          [
            -0.44052339413336944,
            0.10803456987596262
          ]
        ],
        [
          [
            0.5329030611351382,
            -0.6256712243322778
          ],
          [
            0.3179575362862439,
            0.33016488964666607
          ],
          [
            0.1657802542527731,
            -0.22205064136156522
          ],
          [
            0.008300260006477319,
            -0.19386986071424733
          ]
        ],
        [
          [
            0.16655081991825263,
            0.07913530836676054
          ],
          [
            0.2059751093191558,
            0.2855302952246035
          ],
          [
            -0.3326084187112907,
            0.12261503393808258
          ],
          [
            -0.6210483538603175,
            0.5750489262891412
          ]
        ],
        [
          [
            0.21482302451858604,
            -0.4901228943500725
          ],
          [
            -0.6860855113503898,
            -0.30169018851513824
          ],
          [
            -0.09682739561693854,
            0.31983408985428363
          ],
          [
            -0.18554325363531696,
            0.07618811780659107
          ]
        ]
      ]
    },
    "state_source": "architecture_rule",
    "wigner_negvol": 3.930992266692443
  },
  "k_eff_before": 3,
  "k_eff_after": 3,
  "herald_cutoff": 30
}