{
  "group": "B30_c30_a2p73_b1p41",
  "target_alpha": "(2.7320508+0j)",
  "target_beta": "(1+1j)",
  "design": "B30",
  "depth": 5,
  "provenance": "output/experiments/B30_c30_a2p73_b1p41/20260705-110126_p64_i300#64",
  "exp_O": 0.5015639252770574,
  "vs_gaussian": -0.5877520747229426,
  "before": {
    "pnr_detections": [
      6,
      6,
      2,
      1
    ],
    "total_photons": 15,
    "prob": 3.368556114267664e-05,
    "architecture": {
      "squeezings_r": [
        1.812858137568411,
        1.5376081989083652,
        1.5262402826631043,
        1.5249570318794607,
        1.2765676743070697
      ],
      "squeezings_db": [
        15.74628571238734,
        13.355495122302012,
        13.25675465638091,
        13.245608481696221,
        11.08812593455256
      ],
      "max_squeezing_db": 15.74628571238734,
      "displacements_xp": [
        [
          0.1921632783512608,
          1.587383091251831
        ],
        [
          0.2928045556348326,
          0.5519719517095549
        ],
        [
          0.6196342107404454,
          0.36270054126298157
        ],
        [
          0.46568866246047874,
          0.46825417770737476
        ],
        [
          1.260014993588913,
          -0.3237215570017418
        ]
      ],
      "U_passive_reim": [
        [
          [
            0.06522172618994733,
            0.6826343286154586
          ],
          [
            -0.2252136849924727,
            0.01911966144033664
          ],
          [
            0.001357711836827905,
            -0.0002388613378232097
          ],
          [
            -9.806495437757965e-09,
            1.7460464848899816e-09
          ],
          [
            0.6752700379194418,
            0.15059286144818
          ]
        ],
        [
          [
            -0.23748116252410711,
            -0.3297781747426517
          ],
          [
            -0.07206352729803947,
            -0.00795193820873706
          ],
          [
            0.5202313082051464,
            0.6405984957330025
          ],
          [
            0.0006594652715831752,
            0.0008263551912422048
          ],
          [
            0.3615138338323776,
            -0.1337619192443731
          ]
        ],
        [
          [
            -0.23061286971266787,
            -0.3290700268511965
          ],
          [
            -0.10997984779389845,
            -0.05630651257756473
          ],
          [
            -0.24222160571180792,
            -0.2989569127113865
          ],
          [
            -0.45425520185709506,
            -0.5692103120617014
          ],
          [
            0.35233640364400637,
            -0.14397562444973677
          ]
        ],
        [
          [
            -0.2446621386321647,
            -0.3491701809162881
          ],
          [
            -0.11689886497371811,
            -0.06000508185580677
          ],
          [
            -0.258193202543419,
            -0.31866702224410576
          ],
          [
            0.4274711904208376,
            0.5356482694932542
          ],
          [
            0.3738100638100461,
            -0.15283198695301983
          ]
        ],
        [
          [
            0.14060837257161055,
            0.03982565417864346
          ],
          [
            -0.5781704407378738,
            -0.7595023673745179
          ],
          [
            0.03248728208076699,
            0.04094736203378715
          ],
          [
            -0.00010290852525428135,
            -0.00012895717603549878
          ],
          [
            -0.18661473904634657,
            -0.17309275038980038
          ]
        ]
      ]
    },
    "wigner_negvol": 3.533041090210563
  },
  "after": {
    "pnr_detections": [
      2,
      2,
      2,
      1
    ],
    "total_photons": 7,
    "prob": 0.002165282102890143,
    "prob_gain": 60.40357548539042,
    "architecture": {
      "squeezings_r": [
        1.3194876275984913,
        1.2685393783150243,
        1.0487496222998136,
        0.9961769737895951,
        0.7194141362457555
      ],
      "squeezings_db": [
        11.460923912112753,
        11.018393041583932,
        9.109323477258572,
        8.65268325431803,
        6.248751791494516
      ],
      "max_squeezing_db": 11.460923912112753,
      "displacements_xp": [
        [
          0.3624497149939597,
          0.4720224256877086
        ],
        [
          0.43589887330094146,
          0.46166005626618384
        ],
        [
          0.30914242873763387,
          0.2763745032247081
        ],
        [
          0.9887223363521254,
          -0.656161127288251
        ],
        [
          0.0,
          0.0
        ]
      ],
      "U_passive_reim": [
        [
          [
            0.3151992539206144,
            0.2606937461149729
          ],
          [
            -0.27724523764090564,
            0.3266021345519319
          ],
          [
            -0.2523699351881246,
            -0.3051117353866689
          ],
          [
            0.4382134691948656,
            0.543174614830015
          ],
          [
            0.048834341724476205,
            -0.05400064821155961
          ]
        ],
        [
          [
            0.30840166052765794,
            0.26177495645698856
          ],
          [
            -0.28799438158312923,
            0.31433571222448153
          ],
          [
            -0.23162623462269769,
            -0.28800670747115975
          ],
          [
            -0.4371640280990087,
            -0.5670856839367857
          ],
          [
            0.04902713661247802,
            -0.05397951022855376
          ]
        ],
        [
          [
            0.3171440879383518,
            0.2956418965160897
          ],
          [
            -0.2099523611705881,
            0.2527222416755549
          ],
          [
            0.5184309526300932,
            0.6572829368036239
          ],
          [
            0.01006547977333578,
            0.009468850400240713
          ],
          [
            0.03728756081041815,
            -0.04115974065994916
          ]
        ],
        [
          [
            -0.08587650878147947,
            0.0652719667588012
          ],
          [
            -0.039752822614933556,
            -0.039749745810349894
          ],
          [
            0.009992263153671107,
            -0.006764655478311187
          ],
          [
            0.0011449936592698347,
            0.0004709153251281912
          ],
          [
            -0.6184862811826957,
            -0.7762293782945242
          ]
        ],
        [
          [
            0.506174908083206,
            0.46175506878882877
          ],
          [
            0.48748822776216993,
            -0.5347567608785067
          ],
          [
            -0.05895542918447814,
            -0.046955387906687546
          ],
          [
            -0.006078553840835321,
            0.001509381056489176
          ],
          [
            0.01857730465138423,
            -0.029912522176089935
          ]
        ]
      ]
    },
    "state_source": "architecture_rule",
    "wigner_negvol": 2.7549525104368455
  },
  "k_eff_before": 4,
  "k_eff_after": 4,
  "herald_cutoff": 38
}