{
  "group": "B30_c30_a2p73_b1p41",
  "target_alpha": "(2.7320508+0j)",
  "target_beta": "(1+1j)",
  "design": "B30",
  "depth": 3,
  "provenance": "output/experiments/B30_c30_a2p73_b1p41/20260704-022959_p64_i4000#8410",
  "exp_O": 0.5095580117456648,
  "vs_gaussian": -0.5797579882543351,
  "before": {
    "pnr_detections": [
      8,
      6,
      2
    ],
    "total_photons": 16,
    "prob": 0.00015580429172693243,
    "architecture": {
      "squeezings_r": [
        1.955020439197026,
        1.6790084168801758,
        1.622732867595809,
        1.621388445003102
      ],
      "squeezings_db": [
        16.981091775026805,
        14.583681810403501,
        14.094878599998001,
        14.083201093730827
      ],
      "max_squeezing_db": 16.981091775026805,
      "displacements_xp": [
        [
          0.0016067426434248078,
          2.4872240192490214
        ],
        [
          -0.012764300983449578,
          0.0035236264390175135
        ],
        [
          -0.01289389531339976,
          0.002851793107406313
        ],
        [
          -0.012898044723329673,
          0.002806769979676611
        ]
      ],
      "U_passive_reim": [
        [
          [
            0.25236572985108824,
            0.6918265356886657
          ],
          [
            0.6662488096978156,
            -0.04239915636088623
          ],
          [
            -0.00031089502774203794,
            8.072827388765521e-06
          ],
          [
            -0.10952768286097941,
            -0.0024511213949923592
          ]
        ],
        [
          [
            0.32188312147022924,
            0.043025264927448605
          ],
          [
            -0.005356512134251631,
            0.2796487602005276
          ],
          [
            0.0112882692863395,
            -0.0020864440199088287
          ],
          [
            0.8773766503466133,
            -0.21537501373417664
          ]
        ],
        [
          [
            0.41026164644226654,
            0.08974999155651359
          ],
          [
            -0.2697317731735266,
            0.40593873842326716
          ],
          [
            -0.7053845076020071,
            0.08764710684048621
          ],
          [
            -0.28310799416878907,
            -0.02625597831675708
          ]
        ],
        [
          [
            0.4095908971329793,
            0.08996267595030259
          ],
          [
            -0.2719381089702548,
            0.405698027959057
          ],
          [
            0.6979183074033369,
            -0.0867689016630403
          ],
          [
            -0.30068787099482897,
            -0.02384925687573167
          ]
        ]
      ]
    },
    "wigner_negvol": 3.4434548324796275
  },
  "after": {
    "pnr_detections": [
      4,
      2,
      2
    ],
    "total_photons": 8,
    "prob": 0.002072044534376995,
    "prob_gain": 11.387363788437815,
    "architecture": {
      "squeezings_r": [
        1.5324409704964221,
        1.3891219805895925,
        1.1503580568364626,
        0.9700790655908436
      ],
      "squeezings_db": [
        13.3106131465812,
        12.065760217211523,
        9.991883125940461,
        8.42599970391932
      ],
      "max_squeezing_db": 13.3106131465812,
      "displacements_xp": [
        [
          -0.012578331712231078,
          0.002357041754425247
        ],
        [
          -0.005625162896203543,
          0.000535440775131844
        ],
        [
          -0.003764765084953409,
          0.001272550715990236
        ],
        [
          0.0,
          0.0
        ]
      ],
      "U_passive_reim": [
        [
          [
            -0.7819782944394229,
            0.1490024171069567
          ],
          [
            0.06557593107320078,
            0.3389918504728681
          ],
          [
            -0.4771498369533248,
            0.09942393841042324
          ],
          [
            -0.09589311785867784,
            0.018438351674627946
          ]
        ],
        [
          [
            -0.15209240298868312,
            0.012892071491140628
          ],
          [
            0.046164684172939424,
            0.4686650818250414
          ],
          [
            0.4298240074667609,
            -0.04258397803061738
          ],
          [
            0.7486011209095451,
            -0.08920676909411682
          ]
        ],
        [
          [
            -0.15971027415896089,
            0.015340595826530636
          ],
          [
            0.03225318919567502,
            0.3706059476841883
          ],
          [
            0.6494085431144409,
            -0.07388381880763978
          ],
          [
            -0.6344061713466524,
            0.07878320240527893
          ]
        ],
        [
          [
            -0.33528774593920024,
            -0.4526028546512491
          ],
          [
            0.5784959874373319,
            -0.43123026498232114
          ],
          [
            0.23502925007027653,
            0.30569890095723
          ],
          [
            0.0676277723011599,
            0.09408268940279123
          ]
        ]
      ]
    },
    "state_source": "architecture_rule",
    "wigner_negvol": 2.643798417894734
  },
  "k_eff_before": 3,
  "k_eff_after": 3,
  "herald_cutoff": 40
}