{
  "group": "B30_c30_a2p73_b1p41",
  "target_alpha": "(2.7320508+0j)",
  "target_beta": "(1+1j)",
  "design": "B30",
  "depth": 5,
  "provenance": "output/experiments/B30_c30_a2p73_b1p41/20260707-095621_p64_i300#41",
  "exp_O": 0.6994676675361453,
  "vs_gaussian": -0.3898483324638546,
  "before": {
    "pnr_detections": [
      6,
      2
    ],
    "total_photons": 8,
    "prob": 0.005050995049421862,
    "architecture": {
      "squeezings_r": [
        1.672521953017355,
        1.5586463310959195,
        1.2890908258492408
      ],
      "squeezings_db": [
        14.52734110114974,
        13.538230016674135,
        11.196900646768622
      ],
      "max_squeezing_db": 14.52734110114974,
      "displacements_xp": [
        [
          -0.0007279134775993231,
          0.0008269559491617985
        ],
        [
          0.0008048482806408217,
          -0.00034059067984118865
        ],
        [
          0.0006166982317928849,
          -0.00018537610438715214
        ]
      ],
      "U_passive_reim": [
        [
          [
            0.5109258144812298,
            0.5224096459130493
          ],
          [
            0.4845689866278078,
            -0.4759274925968166
          ],
          [
            -0.05206128746857553,
            0.04492788988830893
          ]
        ],
        [
          [
            -0.14109990718550297,
            -0.43665224954958
          ],
          [
            0.49117832819586255,
            -0.08152923096741865
          ],
          [
            0.16881564521612863,
            0.7162567566832266
          ]
        ],
        [
          [
            -0.46119984488907445,
            -0.2067929065116162
          ],
          [
            0.15607747996795834,
            -0.5161613833331954
          ],
          [
            -0.6317277366706153,
            -0.23381340897007558
          ]
        ]
      ]
    },
    "wigner_negvol": 4.568182326490435
  },
  "after": {
    "pnr_detections": [
      2,
      2
    ],
    "total_photons": 4,
    "prob": 0.033986562777659476,
    "prob_gain": 5.627422824240218,
    "architecture": {
      "squeezings_r": [
        1.307217847892904,
        1.2839428020765098,
        0.9285850801333274
      ],
      "squeezings_db": [
        11.354349959706651,
        11.152185480424544,
        8.065587525591859
      ],
      "max_squeezing_db": 11.354349959706651,
      "displacements_xp": [
        [
          -4.512444081547745e-05,
          -3.3401065891058364e-05
        ],
        [
          0.00034261042229500796,
          -0.00016897404201256477
        ],
        [
          0.0,
          0.0
        ]
      ],
      "U_passive_reim": [
        [
          [
            -0.49326147445085283,
            0.15765884883920148
          ],
          [
            -0.16637084352760753,
            -0.45107654880300807
          ],
          [
            0.18582198328170338,
            0.6827574131991541
          ]
        ],
        [
          [
            -0.1595613299889835,
            0.46757659597456463
          ],
          [
            -0.4726642290754454,
            -0.18526347412310964
          ],
          [
            -0.6456795760161361,
            -0.28508975024184563
          ]
        ],
        [
          [
            0.42731933143710193,
            -0.5524013966803505
          ],
          [
            -0.5652531326739137,
            -0.4377277204547982
          ],
          [
            0.03367777265485195,
            0.0001797290318064587
          ]
        ]
      ]
    },
    "state_source": "architecture_rule",
    "wigner_negvol": 5.0481970282278095
  },
  "k_eff_before": 2,
  "k_eff_after": 2,
  "herald_cutoff": 30
}