{
  "group": "B30_c30_a2p73_b1p41",
  "target_alpha": "(2.7320508+0j)",
  "target_beta": "(1+1j)",
  "design": "B30",
  "depth": 5,
  "provenance": "output/experiments/B30_c30_a2p73_b1p41/20260706-014128_p64_i300#49",
  "exp_O": 0.4920777094983622,
  "vs_gaussian": -0.5972382905016377,
  "before": {
    "pnr_detections": [
      8,
      6,
      2,
      1
    ],
    "total_photons": 17,
    "prob": 2.2971822677340904e-05,
    "architecture": {
      "squeezings_r": [
        1.8572777641462341,
        1.6040628868053788,
        1.5870468805675593,
        1.586900889838821,
        1.3347467217018085
      ],
      "squeezings_db": [
        16.132109686606373,
        13.932713207307527,
        13.784914055045203,
        13.783645995687202,
        11.593462719471015
      ],
      "max_squeezing_db": 16.132109686606373,
      "displacements_xp": [
        [
          -0.06891984279065133,
          2.793779332740953
        ],
        [
          0.1693794535941431,
          -0.1998017971485451
        ],
        [
          0.20995579224699523,
          0.15685534379266894
        ],
        [
          0.2446586049497996,
          -0.029403911686022112
        ],
        [
          -0.12536986671415246,
          -1.4272317731757858
        ]
      ],
      "U_passive_reim": [
        [
          [
            0.10519056055837721,
            0.6738212629916648
          ],
          [
            -0.2438164786207011,
            0.0188102303329427
          ],
          [
            -3.7509931974609116e-05,
            1.949280493755395e-05
          ],
          [
            -1.466598937157178e-07,
            7.250425848431583e-08
          ],
          [
            0.6774164747545063,
            0.1273046324441509
          ]
        ],
        [
          [
            0.3652943873674545,
            0.03981553452557714
          ],
          [
            0.07565421672964404,
            -0.04608258079719173
          ],
          [
            0.8595808092822583,
            0.0003404875668004822
          ],
          [
            0.01914926078528158,
            6.583614735214357e-05
          ],
          [
            -0.1276671755614164,
            0.31872037768143624
          ]
        ],
        [
          [
            0.4207425470457639,
            0.04774304251771839
          ],
          [
            0.10527189755864103,
            -0.05290503866721789
          ],
          [
            -0.3668200470928562,
            -0.00015432284674020107
          ],
          [
            0.7185810921997975,
            0.0024714300703716032
          ],
          [
            -0.14267111179770034,
            0.36815524514073156
          ]
        ],
        [
          [
            0.445145757834976,
            0.05030410954486013
          ],
          [
            0.10939474970585089,
            -0.055996568771942305
          ],
          [
            -0.3555159676691794,
            -0.00015021877796995832
          ],
          [
            -0.6951701057376009,
            -0.0023909644792658447
          ],
          [
            -0.15142801511437592,
            0.389387546860072
          ]
        ],
        [
          [
            -0.10816929728381779,
            0.0904712675060637
          ],
          [
            0.9501174421434228,
            0.025405488606634323
          ],
          [
            0.013119282116524286,
            4.933028720368609e-05
          ],
          [
            -0.0011021831834360978,
            -3.6287402896299333e-06
          ],
          [
            0.2745555569795397,
            -0.03452062395807235
          ]
        ]
      ]
    },
    "wigner_negvol": 3.1541873158495677
  },
  "after": {
    "pnr_detections": [
      4,
      2,
      2,
      1
    ],
    "total_photons": 9,
    "prob": 0.0006216788545405381,
    "prob_gain": 26.5286504585908,
    "architecture": {
      "squeezings_r": [
        1.5152459066170185,
        1.3219748014414243,
        1.1654981864364828,
        1.0209730078903223,
        0.6666964550042642
      ],
      "squeezings_db": [
        13.161258719405222,
        11.482527229623152,
        10.123388620752237,
        8.868058869978643,
        5.790851830256232
      ],
      "max_squeezing_db": 13.161258719405222,
      "displacements_xp": [
        [
          -0.6028992212575585,
          0.0765948635972767
        ],
        [
          0.34231538657080374,
          0.01735913057139432
        ],
        [
          0.2810872389313169,
          -0.03759882813131714
        ],
        [
          -0.015819895285953837,
          -1.325704784238812
        ],
        [
          0.0,
          0.0
        ]
      ],
      "U_passive_reim": [
        [
          [
            -0.8097000909730535,
            0.004207983034426792
          ],
          [
            -0.012944205075516862,
            -0.36106952119681746
          ],
          [
            0.44898448429705184,
            -0.002743080657776257
          ],
          [
            -0.09276302056555848,
            -0.0005121530355507122
          ],
          [
            0.0019875186405909863,
            0.06021230628506006
          ]
        ],
        [
          [
            0.13803034650425586,
            -0.005080223755010347
          ],
          [
            -0.006785613125054254,
            0.44849967227909904
          ],
          [
            0.4654868108494641,
            0.0073425937715030296
          ],
          [
            -0.7464413693308438,
            -0.004968873428701601
          ],
          [
            -0.0036835911911791137,
            -0.07601942539085162
          ]
        ],
        [
          [
            0.13501030622389043,
            -0.004493335318578221
          ],
          [
            -0.007985749859364642,
            0.34349535935499376
          ],
          [
            0.6616454631574183,
            0.0051554159208728086
          ],
          [
            0.6500161491639991,
            0.0027933937829722564
          ],
          [
            -0.002845668537961437,
            -0.05797413879872322
          ]
        ],
        [
          [
            -0.001721909087807467,
            0.09107768493831223
          ],
          [
            -0.04447670829079204,
            -0.004225974575861636
          ],
          [
            -0.003237071754141812,
            0.06304313323943005
          ],
          [
            0.0008960906746398337,
            -0.018133897880791085
          ],
          [
            -0.9926628813735341,
            -0.003420719811893896
          ]
        ],
        [
          [
            0.46202443427008827,
            0.2920226189036533
          ],
          [
            0.39122169772642407,
            -0.6286174993786331
          ],
          [
            0.32333690880969573,
            0.18799083621285154
          ],
          [
            -0.09041767485034459,
            -0.056227731451272855
          ],
          [
            0.023092946023945266,
            -0.03583749328406362
          ]
        ]
      ]
    },
    "state_source": "architecture_rule",
    "wigner_negvol": 2.3604351036503934
  },
  "k_eff_before": 4,
  "k_eff_after": 4,
  "herald_cutoff": 42
}