{
  "group": "B30_c30_a2p73_b1p41",
  "target_alpha": "(2.7320508+0j)",
  "target_beta": "(1+1j)",
  "design": "B30",
  "depth": 4,
  "provenance": "output/experiments/B30_c30_a2p73_b1p41/20260706-203230_p64_i300#17",
  "exp_O": 0.6655349101188537,
  "vs_gaussian": -0.4237810898811462,
  "before": {
    "pnr_detections": [
      2,
      8,
      1
    ],
    "total_photons": 11,
    "prob": 0.0007510404973364426,
    "architecture": {
      "squeezings_r": [
        1.7387904237287628,
        1.5357508377050988,
        1.4406374033347524,
        1.3166151178751218
      ],
      "squeezings_db": [
        15.102941724232375,
        13.339362287872417,
        12.513217493834247,
        11.435973609671297
      ],
      "max_squeezing_db": 15.102941724232375,
      "displacements_xp": [
        [
          -0.7688699398201033,
          -0.5518817101450982
        ],
        [
          0.4473676413154684,
          0.443921726315388
        ],
        [
          0.6355157039607437,
          0.1052970535361452
        ],
        [
          0.344069588215115,
          1.212824695665762
        ]
      ],
      "U_passive_reim": [
        [
          [
            0.30728523942768204,
            0.6263643781998881
          ],
          [
            0.5008839862803757,
            -0.27481808069834396
          ],
          [
            0.045823510066020263,
            -0.05505462489661807
          ],
          [
            -0.401340581965855,
            0.14362671628679685
          ]
        ],
        [
          [
            -0.4744720543390607,
            -0.1578150363403169
          ],
          [
            0.40121769026235843,
            -0.17797711927612933
          ],
          [
            0.30701996157133615,
            0.0472905023501014
          ],
          [
            0.26521679075022425,
            0.6248852690528444
          ]
        ],
        [
          [
            -0.4965672571021777,
            0.08141839803756684
          ],
          [
            -0.44791607993795884,
            -0.3563927251459982
          ],
          [
            -0.3074321041030274,
            -0.15380474981968403
          ],
          [
            -0.5077395596382654,
            0.2077920939522632
          ]
        ],
        [
          [
            0.027916157246186853,
            0.09605635381346554
          ],
          [
            -0.39098076271573073,
            -0.020693448869412923
          ],
          [
            0.878441073431864,
            0.09242524868508191
          ],
          [
            -0.23252415534447798,
            -0.049305785781155305
          ]
        ]
      ]
    },
    "wigner_negvol": 4.102237320243809
  },
  "after": {
    "pnr_detections": [
      2,
      4,
      1
    ],
    "total_photons": 7,
    "prob": 0.0035801606742438125,
    "prob_gain": 6.862672823437059,
    "architecture": {
      "squeezings_r": [
        1.5040207240233368,
        1.3690965533645982,
        0.9963256891419242,
        0.7311726407312392
      ],
      "squeezings_db": [
        13.063758022229374,
        11.89182156638012,
        8.653974979455846,
        6.35088486376412
      ],
      "max_squeezing_db": 13.063758022229374,
      "displacements_xp": [
        [
          0.268575632492393,
          0.30437693623903334
        ],
        [
          -1.0343150719687668,
          -0.12247236940504448
        ],
        [
          -0.011012409526340639,
          1.1327304328360324
        ],
        [
          0.0,
          0.0
        ]
      ],
      "U_passive_reim": [
        [
          [
            -0.13072097478866992,
            -0.08188508612840861
          ],
          [
            -0.40454150528433275,
            0.307378860532854
          ],
          [
            -0.6214274132681642,
            -0.5702990208746799
          ],
          [
            0.03601441589130853,
            -0.07322038443003547
          ]
        ],
        [
          [
            0.772280463102536,
            0.06553408983631628
          ],
          [
            -0.01442702017746287,
            -0.46708971750097034
          ],
          [
            -0.4184216524690365,
            0.017729481164563115
          ],
          [
            -0.014275108917955305,
            0.07288644442705315
          ]
        ],
        [
          [
            -0.010353221992289212,
            0.09363381435637434
          ],
          [
            0.04179030979861249,
            0.01009977471343947
          ],
          [
            -0.030299536284458424,
            0.04640182681529658
          ],
          [
            0.9873354723176593,
            0.10665157211003293
          ]
        ],
        [
          [
            -0.586306126370567,
            -0.15121400260324988
          ],
          [
            0.15865270745413132,
            -0.7046022611861401
          ],
          [
            -0.3305590457539092,
            0.029249083923310267
          ],
          [
            0.0015100245656969023,
            -0.04021631176054276
          ]
        ]
      ]
    },
    "state_source": "architecture_rule",
    "wigner_negvol": 3.8220352101000015
  },
  "k_eff_before": 3,
  "k_eff_after": 3,
  "herald_cutoff": 30
}