{
  "group": "B30_c30_a2p73_b1p41",
  "target_alpha": "(2.7320508+0j)",
  "target_beta": "(1+1j)",
  "design": "B30",
  "depth": 3,
  "provenance": "output/experiments/B30_c30_a2p73_b1p41/20260703-223259_p64_i4000#8414",
  "exp_O": 0.5187733425740486,
  "vs_gaussian": -0.5705426574259513,
  "before": {
    "pnr_detections": [
      8,
      6,
      2
    ],
    "total_photons": 16,
    "prob": 0.0001610196114435912,
    "architecture": {
      "squeezings_r": [
        1.907027246093237,
        1.5856968493750567,
        1.5821262504648295,
        1.4663625427976525
      ],
      "squeezings_db": [
        16.56422819634895,
        13.77318783309918,
        13.742174005023152,
        12.736663216132829
      ],
      "max_squeezing_db": 16.56422819634895,
      "displacements_xp": [
        [
          -0.002828680734225708,
          2.5066416708832104
        ],
        [
          -0.0028357070516060795,
          -0.0007426344179474282
        ],
        [
          -0.002602421430030634,
          -0.0006417330477903753
        ],
        [
          -0.0025374985715247403,
          0.0007874333557783787
        ]
      ],
      "U_passive_reim": [
        [
          [
            0.16540108877433926,
            0.6927957052591139
          ],
          [
            -0.0015377838227726294,
            3.5227099519221684e-07
          ],
          [
            -0.1833940663132633,
            -0.004779862465600558
          ],
          [
            0.6759034456778276,
            0.046610377646157254
          ]
        ],
        [
          [
            0.33499648648642855,
            0.009516018930933593
          ],
          [
            -0.0034856669507564563,
            0.00015128368836416726
          ],
          [
            -0.8090242701202204,
            0.06696077418943612
          ],
          [
            -0.3343551868102224,
            0.341873106274982
          ]
        ],
        [
          [
            0.43028549617676354,
            0.07293675484249387
          ],
          [
            -0.7040430032599777,
            0.03043429430833774
          ],
          [
            0.3772598707588069,
            -0.11860723016271581
          ],
          [
            -0.10641199813044516,
            0.3810716814270643
          ]
        ],
        [
          [
            0.4296013312049484,
            0.07308014663465133
          ],
          [
            0.7087672494446944,
            -0.032119337869449295
          ],
          [
            0.3700889018091014,
            -0.11824243763642145
          ],
          [
            -0.10507642191084857,
            0.3804355384321623
          ]
        ]
      ]
    },
    "wigner_negvol": 3.2695461716281047
  },
  "after": {
    "pnr_detections": [
      4,
      2,
      2
    ],
    "total_photons": 8,
    "prob": 0.001948706739785732,
    "prob_gain": 9.666496296174554,
    "architecture": {
      "squeezings_r": [
        1.5307927777955874,
        1.3543967627134679,
        1.1614723002182183,
        0.990025535517378
      ],
      "squeezings_db": [
        13.296297126679487,
        11.76414080708174,
        10.088420217364986,
        8.599252540370182
      ],
      "max_squeezing_db": 13.296297126679487,
      "displacements_xp": [
        [
          0.0031271906545623568,
          -1.6694828235302607e-05
        ],
        [
          -0.00130384388747281,
          -0.000189619631824477
        ],
        [
          -0.0008282201320410596,
          0.0006114260521941141
        ],
        [
          0.0,
          0.0
        ]
      ],
      "U_passive_reim": [
        [
          [
            -0.7952961073873881,
            0.11985414537894123
          ],
          [
            -0.030006623220978343,
            -0.3360032204584947
          ],
          [
            0.46478955032627556,
            -0.11305490363886063
          ],
          [
            0.10021491838359611,
            -0.02206256146555934
          ]
        ],
        [
          [
            0.1558245441286317,
            0.03636665787003185
          ],
          [
            -0.024315614689621793,
            0.4700091309734627
          ],
          [
            0.4361252518237608,
            0.014883409283052788
          ],
          [
            0.7494266109262055,
            -0.028798420299394317
          ]
        ],
        [
          [
            0.15858580193451177,
            0.02605216610131207
          ],
          [
            -0.034556098052870805,
            0.35630124387843
          ],
          [
            0.6589043157514729,
            -0.0032396622821430116
          ],
          [
            -0.6409777469411619,
            0.031768899302205035
          ]
        ],
        [
          [
            0.5458526652659652,
            0.061253236164946774
          ],
          [
            0.08042099123248173,
            -0.7280723658781878
          ],
          [
            0.38105945058721635,
            0.03729361756426504
          ],
          [
            0.12109761497179032,
            0.021777326520288288
          ]
        ]
      ]
    },
    "state_source": "architecture_rule",
    "wigner_negvol": 2.5306778924316276
  },
  "k_eff_before": 3,
  "k_eff_after": 3,
  "herald_cutoff": 40
}