{
  "group": "B30_c30_a2p73_b1p41",
  "target_alpha": "(2.7320508+0j)",
  "target_beta": "(1+1j)",
  "design": "B30",
  "depth": 5,
  "provenance": "output/experiments/B30_c30_a2p73_b1p41/20260707-102644_p64_i300#17",
  "exp_O": 0.4914440782373854,
  "vs_gaussian": -0.5978719217626145,
  "before": {
    "pnr_detections": [
      8,
      6,
      2,
      1,
      0
    ],
    "total_photons": 17,
    "prob": 6.870500776748408e-06,
    "architecture": {
      "squeezings_r": [
        1.9035212640202155,
        1.6380983411561025,
        1.6374400692076092,
        1.3963447518033734,
        1.1801672969462726,
        0.8523831638296533
      ],
      "squeezings_db": [
        16.533775622989648,
        14.228341407579316,
        14.222623730082871,
        12.128496410855416,
        10.250802895728853,
        7.403706090369078
      ],
      "max_squeezing_db": 16.533775622989648,
      "displacements_xp": [
        [
          -0.057744703364746575,
          1.2762670526357547
        ],
        [
          -0.7682965000976875,
          -0.15272303217256644
        ],
        [
          -0.8168866061903675,
          0.21053830991631228
        ],
        [
          -0.7930781229950242,
          0.02691248712052472
        ],
        [
          -0.8016475214787838,
          0.009011403866437263
        ],
        [
          -1.426620891729411,
          -0.7943447298530797
        ]
      ],
      "U_passive_reim": [
        [
          [
            0.036245139507416514,
            0.6501426127267744
          ],
          [
            0.0060876746264202815,
            0.00014921624883416462
          ],
          [
            -0.00026850976158681195,
            -4.422044122389078e-06
          ],
          [
            0.7120725335798815,
            0.18524623918733313
          ],
          [
            -0.14042505953795734,
            -0.03322097397483952
          ],
          [
            -0.05894406447399911,
            0.10150380981660602
          ]
        ],
        [
          [
            0.37428807395618596,
            0.01797047296972762
          ],
          [
            0.858125590860961,
            -0.0034451650856127964
          ],
          [
            0.01120207526662944,
            -5.936248525304192e-05
          ],
          [
            -0.10830867564390725,
            0.2930730483959945
          ],
          [
            0.014291253374100974,
            -0.1289793119734874
          ],
          [
            0.07558368389016716,
            -0.05378878974158131
          ]
        ],
        [
          [
            0.4300397074885617,
            0.023664435133468713
          ],
          [
            -0.36195051375246184,
            0.0032860677276669234
          ],
          [
            0.722187592816649,
            -0.0003607133371437837
          ],
          [
            -0.11604337990600555,
            0.33837898390486454
          ],
          [
            0.01537457958500828,
            -0.1491745652283572
          ],
          [
            0.08758034885442294,
            -0.06169014209192078
          ]
        ],
        [
          [
            0.45511060800134556,
            0.02486237364930322
          ],
          [
            -0.36405874119051157,
            0.0033802543482741782
          ],
          [
            -0.6916063418220427,
            0.0002276384179037066
          ],
          [
            -0.12331414721406922,
            0.3580001551304275
          ],
          [
            0.016333824210973368,
            -0.15780983266631946
          ],
          [
            0.09264057133993278,
            -0.065292551661829
          ]
        ],
        [
          [
            -0.06054282832832442,
            -0.022806126270911952
          ],
          [
            0.00019396777268941993,
            0.000636381218641384
          ],
          [
            -8.817887616972605e-06,
            -2.817386424113344e-05
          ],
          [
            -0.0430409093830601,
            0.17540616053435976
          ],
          [
            -0.3738485590372253,
            0.5364397484065938
          ],
          [
            0.6998234997327678,
            0.21426824890675547
          ]
        ],
        [
          [
            0.19502825668626944,
            0.01126231614164495
          ],
          [
            -0.0012511115525018221,
            0.0005877168380057691
          ],
          [
            5.5910372837934955e-05,
            -2.5906438508142326e-05
          ],
          [
            -0.11694864970528275,
            0.20827922706156984
          ],
          [
            -0.0061268851137174065,
            0.697932098063859
          ],
          [
            -0.6276020179266584,
            0.15410047570610416
          ]
        ]
      ]
    },
    "wigner_negvol": 3.138302098651525
  },
  "after": {
    "pnr_detections": [
      4,
      2,
      2,
      1,
      0
    ],
    "total_photons": 9,
    "prob": 0.0004265895856017534,
    "prob_gain": 96.2453213269354,
    "architecture": {
      "squeezings_r": [
        1.4991385756113353,
        1.3116053955928084,
        1.175103538495592,
        1.047148289318208,
        0.18870068480786326,
        4.762856775641695e-14
      ],
      "squeezings_db": [
        13.021352219926074,
        11.392459714809767,
        10.20681964867242,
        9.095414475706553,
        1.639033322868396,
        4.136964831513405e-13
      ],
      "max_squeezing_db": 13.021352219926074,
      "displacements_xp": [
        [
          -0.10015834607773856,
          0.11464298351540315
        ],
        [
          0.045196302471677205,
          -0.028858802291086328
        ],
        [
          0.17913709172636874,
          -0.0373404424538574
        ],
        [
          -1.8824133102839349,
          0.2792584175953908
        ],
        [
          -8.99347467294088e-08,
          -4.6976261555411935e-08
        ],
        [
          0.0,
          0.0
        ]
      ],