{
  "group": "B30_c30_a2p73_b1p41",
  "target_alpha": "(2.7320508+0j)",
  "target_beta": "(1+1j)",
  "design": "B30",
  "depth": 5,
  "provenance": "output/experiments/B30_c30_a2p73_b1p41/20260706-001339_p64_i300#41",
  "exp_O": 0.4918759840153711,
  "vs_gaussian": -0.5974400159846289,
  "before": {
    "pnr_detections": [
      8,
      6,
      2,
      1
    ],
    "total_photons": 17,
    "prob": 2.2735572445859122e-05,
    "architecture": {
      "squeezings_r": [
        1.864209820025619,
        1.6130808752946055,
        1.5969048179661887,
        1.596702722740223,
        1.3421853977584466
      ],
      "squeezings_db": [
        16.19232075893961,
        14.011042460082294,
        13.87053901134865,
        13.868783634519534,
        11.65807423875229
      ],
      "max_squeezing_db": 16.19232075893961,
      "displacements_xp": [
        [
          -0.09076164522081187,
          2.8549499806868073
        ],
        [
          0.23085020182541424,
          -0.2029786721772888
        ],
        [
          0.2519507786448341,
          0.15274421326981408
        ],
        [
          0.29625226281154105,
          -0.03203481673211246
        ],
        [
          0.0005368271052958173,
          -1.4061310591864733
        ]
      ],
      "U_passive_reim": [
        [
          [
            0.09563822589905917,
            0.6713238303915537
          ],
          [
            -0.24248593834525572,
            0.02062007980727841
          ],
          [
            -4.547209034130485e-05,
            1.5879727487692145e-05
          ],
          [
            -1.2592213725786576e-08,
            4.315562780539304e-09
          ],
          [
            0.6795934869810765,
            0.13822343014800753
          ]
        ],
        [
          [
            0.36619757571123235,
            0.04079872811703839
          ],
          [
            0.08029956795594793,
            -0.044597024433988317
          ],
          [
            0.8597734032720847,
            0.014632710123324384
          ],
          [
            -0.005761149005793619,
            -0.00011193531125575114
          ],
          [
            -0.12622369421583013,
            0.31687195930924955
          ]
        ],
        [
          [
            0.42199851686425816,
            0.0485616434017577
          ],
          [
            0.10767269572841036,
            -0.05100735729497012
          ],
          [
            -0.3455647922440728,
            -0.005893396016371487
          ],
          [
            0.7290100154823119,
            0.014163891620881533
          ],
          [
            -0.14190183514614899,
            0.36622636657992896
          ]
        ],
        [
          [
            0.4465061687924174,
            0.051431229120985626
          ],
          [
            0.11440308906814403,
            -0.05395663146048032
          ],
          [
            -0.3754301933189237,
            -0.006402465046502698
          ],
          [
            -0.6842030396564972,
            -0.013293344547719422
          ],
          [
            -0.15002945947156396,
            0.3875300146138174
          ]
        ],
        [
          [
            -0.11925928593110767,
            0.087953140919762
          ],
          [
            0.9489005486863271,
            0.04161334814139505
          ],
          [
            0.011702241849815746,
            0.00023380920606589156
          ],
          [
            0.0002561716767261069,
            4.986422598347178e-06
          ],
          [
            0.27350428012460537,
            -0.030917497545471618
          ]
        ]
      ]
    },
    "wigner_negvol": 3.15358911343452
  },
  "after": {
    "pnr_detections": [
      4,
      2,
      2,
      1
    ],
    "total_photons": 9,
    "prob": 0.0006177253223018055,
    "prob_gain": 26.868531565371477,
    "architecture": {
      "squeezings_r": [
        1.5138485523737228,
        1.3206315221570752,
        1.1649661644227074,
        1.020524479375444,
        0.6715651389370302
      ],
      "squeezings_db": [
        13.149121454662675,
        11.470859654006198,
        10.118767536255563,
        8.864163000798886,
        5.833140681578857
      ],
      "max_squeezing_db": 13.149121454662675,
      "displacements_xp": [
        [
          -0.6535078906979348,
          0.07110837390055069
        ],
        [
          0.35987572415725977,
          0.01721886412578876
        ],
        [
          0.29318805940809883,
          -0.04316827003997877
        ],
        [
          0.020892374488479394,
          -1.3129436834744557
        ],
        [
          0.0,
          0.0
        ]
      ],
      "U_passive_reim": [
        [
          [
            -0.8086539217555349,
            -0.0059278546885343005
          ],
          [
            -0.01635126939138998,
            -0.36102297355512947
          ],
          [
            0.4506132557050976,
            0.004490325467861759
          ],
          [
            -0.0934601040444667,
            -0.003083503560077809
          ],
          [
            0.002242103497611684,
            0.06014107259296943
          ]
        ],
        [
          [
            0.1397454174482625,
            -0.008345344129286239
          ],
          [
            -0.015455709856835344,
            0.44814494830148605
          ],
          [
            0.46417899855067785,
            0.017524453701049394
          ],
          [
            -0.7466089591217543,
            -0.018140127020989712
          ],
          [
            -0.004914372822898508,
            -0.07603550220636973
          ]
        ],
        [
          [
            0.13676601822847056,
            -0.006481909142868003
          ],
          [
            -0.016356802087537276,
            0.3428949821440298
          ],
          [
            0.6618170042168168,
            0.016917225051535173
          ],
          [
            0.6492774699740336,
            0.013793807456453784
          ],
          [
            -0.0037451524352254454,
            -0.05792287524760981
          ]
        ],
        [
          [
            -0.004027173213366429,
            0.09067174603920412
          ],
          [
            -0.04484617237266471,
            -0.006892808471160449
          ],
          [
            -0.006027671308544039,
            0.06226100841437991
          ],
          [
            0.0017006402652528102,
            -0.018070824000259732
          ],
          [
            -0.9925116222159066,
            -0.019549764188460342
          ]
        ],
        [
          [
            0.24871647166688038,
            -0.4874431690784505
          ],
          [
            -0.6633896186373801,
            -0.32914022094595824
          ],
          [
            0.14915849037109272,
            -0.3416274590443329
          ],
          [
            -0.04724418550266596,
            0.09585789924354539
          ],
          [
            -0.03706393413244819,
            -0.01918700947763757
          ]
        ]
      ]
    },
    "state_source": "architecture_rule",
    "wigner_negvol": 2.359691029748523
  },
  "k_eff_before": 4,
  "k_eff_after": 4,
  "herald_cutoff": 42
}