{
  "group": "B30_c30_a2p73_b1p41",
  "target_alpha": "(2.7320508+0j)",
  "target_beta": "(1+1j)",
  "design": "B30",
  "depth": 5,
  "provenance": "output/experiments/B30_c30_a2p73_b1p41/20260706-003742_p64_i300#64",
  "exp_O": 0.4914102360005288,
  "vs_gaussian": -0.5979057639994712,
  "before": {
    "pnr_detections": [
      8,
      6,
      2,
      1,
      0
    ],
    "total_photons": 17,
    "prob": 6.430433731183826e-06,
    "architecture": {
      "squeezings_r": [
        1.912192581121908,
        1.6432540066844725,
        1.642996685136203,
        1.3899583241333453,
        1.186769803213723,
        0.9077444998785213
      ],
      "squeezings_db": [
        16.609093726351617,
        14.273122949369515,
        14.27088788279975,
        12.073024604932067,
        10.308151536502558,
        7.884568545505378
      ],
      "max_squeezing_db": 16.609093726351617,
      "displacements_xp": [
        [
          -0.1177219657717341,
          0.99725501922619
        ],
        [
          -0.9556302987299519,
          -0.14475789612859102
        ],
        [
          -0.9664055714525104,
          0.21679059383932014
        ],
        [
          -0.9624897422302594,
          0.031993889900432115
        ],
        [
          -0.9737454763528512,
          0.014577195113281361
        ],
        [
          -1.3901758473602246,
          -0.8762450604838581
        ]
      ],
      "U_passive_reim": [
        [
          [
            0.053781300833063504,
            0.6528917802622168
          ],
          [
            0.0046445499742399435,
            0.00015777914708084515
          ],
          [
            0.0008919664662738768,
            2.2902437922160518e-05
          ],
          [
            0.7094858572688155,
            0.16850205971465052
          ],
          [
            0.14744136935382693,
            0.03981746784738664
          ],
          [
            -0.06151327267348624,
            0.1092982407409076
          ]
        ],
        [
          [
            0.37036707074272646,
            0.0155188156136573
          ],
          [
            0.8569132216828176,
            -0.02971885831074564
          ],
          [
            -0.04344601025006442,
            0.0015360822438447634
          ],
          [
            -0.10609577623850312,
            0.2937739501401735
          ],
          [
            -0.013352375928574533,
            0.13275669777711657
          ],
          [
            0.08099184376956212,
            -0.059935389049775384
          ]
        ],
        [
          [
            0.4262548587505814,
            0.020462992171965656
          ],
          [
            -0.38813121422314006,
            0.014807213815782165
          ],
          [
            -0.7079121072262984,
            0.022253989344668677
          ],
          [
            -0.11510237011735626,
            0.33891039271494316
          ],
          [
            -0.014374126391464716,
            0.15345635137399968
          ],
          [
            0.09374796883799756,
            -0.06881291930754738
          ]
        ],
        [
          [
            0.4512425027399379,
            0.021050602527608733
          ],
          [
            -0.33727949267219576,
            0.01307966379145999
          ],
          [
            0.7042731086733242,
            -0.021767785322954702
          ],
          [
            -0.12349245277190839,
            0.3585691368476007
          ],
          [
            -0.015449908051439453,
            0.16228852709236613
          ],
          [
            0.09911419740377103,
            -0.0728834164333645
          ]
        ],
        [
          [
            -0.07000455945151007,
            -0.022373672294186
          ],
          [
            0.00016503903855625673,
            0.00047114999391620484
          ],
          [
            3.277187334494569e-05,
            9.076022031184837e-05
          ],
          [
            -0.04532850589582084,
            0.18334413784887868
          ],
          [
            0.4000839720748947,
            -0.5259337321888619
          ],
          [
            0.6886472808982091,
            0.21913516999408614
          ]
        ],
        [
          [
            0.20432177874248061,
            0.010189337114544745
          ],
          [
            -0.0009164996574637802,
            0.0004552119401806517
          ],
          [
            -0.00017863089486398848,
            8.72811314175335e-05
          ],
          [
            -0.11967173292135747,
            0.22080610275094226
          ],
          [
            -0.0061623777253047955,
            -0.6868986838493466
          ],
          [
            -0.6245307771949096,
            0.18211143378387507
          ]
        ]
      ]
    },
    "wigner_negvol": 3.1376775686862124
  },
  "after": {
    "pnr_detections": [
      4,
      2,
      2,
      1,
      0
    ],
    "total_photons": 9,
    "prob": 0.0004258102679246689,
    "prob_gain": 96.55341289364019,
    "architecture": {
      "squeezings_r": [
        1.4970181321094977,
        1.3097427741393535,
        1.174949878858509,
        1.0494757266785821,
        0.1865417666779751,
        3.097522238704091e-14
      ],
      "squeezings_db": [
        13.002934281685361,
        11.376281190427566,
        10.205484978022895,
        9.11563033975827,
        1.6202811982545695,
        2.6904736316835875e-13
      ],
      "max_squeezing_db": 13.002934281685361,
      "displacements_xp": [
        [
          0.013633773709302636,
          0.08945541483795222
        ],
        [
          0.009292852567334047,
          0.0029396783619007154
        ],
        [
          0.16557009413320276,
          -0.0344843140383256
        ],
        [
          -1.8829841845229633,
          0.3086357824131048
        ],
        [
          -8.433368578872471e-08,
          -5.431902662072724e-08
        ],
        [
          0.0,
          0.0
        ]
      ],