{
  "group": "B30_c30_a2p73_b1p41",
  "target_alpha": "(2.7320508+0j)",
  "target_beta": "(1+1j)",
  "design": "B30",
  "depth": 3,
  "provenance": "output/experiments/B30_c30_a2p73_b1p41/20260703-223259_p64_i4000#8412",
  "exp_O": 0.51013439868826,
  "vs_gaussian": -0.5791816013117399,
  "before": {
    "pnr_detections": [
      8,
      6,
      2
    ],
    "total_photons": 16,
    "prob": 0.00015924890226160654,
    "architecture": {
      "squeezings_r": [
        1.9265978455785782,
        1.6629645058493547,
        1.586505797937342,
        1.5813554447808886
      ],
      "squeezings_db": [
        16.734216263629396,
        14.444326169826855,
        13.780214271034062,
        13.735478871920048
      ],
      "max_squeezing_db": 16.734216263629396,
      "displacements_xp": [
        [
          -0.0032147426252239764,
          2.5067523264678737
        ],
        [
          -0.002737253564682003,
          -0.0007569373364037612
        ],
        [
          -0.0025811842640960114,
          -0.0006381645703739024
        ],
        [
          -0.0025776368700912997,
          0.0007947476842689651
        ]
      ],
      "U_passive_reim": [
        [
          [
            0.279809449249753,
            0.6906546219076014
          ],
          [
            0.6479161709191803,
            -0.07185372857803789
          ],
          [
            4.4917488613322326e-05,
            1.953659255139017e-05
          ],
          [
            -0.14051230329334125,
            -0.0009125365872505872
          ]
        ],
        [
          [
            0.32211014876710203,
            0.05969097165280444
          ],
          [
            0.01749574829661231,
            0.2677369462406806
          ],
          [
            0.003223564920898625,
            -0.0003787665402263009
          ],
          [
            0.879991796257077,
            -0.21516684237816117
          ]
        ],
        [
          [
            0.3869410640560726,
            0.13866611129163767
          ],
          [
            -0.33237586296918703,
            0.3754141749465176
          ],
          [
            -0.7071887047865516,
            0.03149803868618941
          ],
          [
            -0.2722684137921237,
            -0.06633796592817867
          ]
        ],
        [
          [
            0.38625320919361283,
            0.13871440526003354
          ],
          [
            -0.3332959561246218,
            0.37490904517737145
          ],
          [
            0.7056283772286925,
            -0.0311458728677533
          ],
          [
            -0.27694500226442875,
            -0.0659073532302762
          ]
        ]
      ]
    },
    "wigner_negvol": 3.4424929130624538
  },
  "after": {
    "pnr_detections": [
      4,
      2,
      2
    ],
    "total_photons": 8,
    "prob": 0.0020922847143708487,
    "prob_gain": 10.86748059073949,
    "architecture": {
      "squeezings_r": [
        1.5328672734867517,
        1.393148443388732,
        1.1487594283256788,
        0.9675509564607024
      ],
      "squeezings_db": [
        13.31431596730758,
        12.100733628716622,
        9.97799761512353,
        8.40404082702193
      ],
      "max_squeezing_db": 13.31431596730758,
      "displacements_xp": [
        [
          0.0027487288665616915,
          5.014550257464176e-05
        ],
        [
          -0.0011776418545068651,
          -0.0001895000943684636
        ],
        [
          -0.000800897924722408,
          0.0005756857498486687
        ],
        [
          0.0,
          0.0
        ]
      ],
      "U_passive_reim": [
        [
          [
            -0.7839182866821365,
            0.1322057310399122
          ],
          [
            -0.05215131831810054,
            -0.34192660779866246
          ],
          [
            0.478848457170816,
            -0.09869637752331983
          ],
          [
            0.09494720598381695,
            -0.01756153658705468
          ]
        ],
        [
          [
            0.15231610373652016,
            0.009674288718326278
          ],
          [
            -0.0005916010090838906,
            0.47049021459659246
          ],
          [
            0.43178428171649813,
            -0.001501327813523175
          ],
          [
            0.7537320963703329,
            -0.028157195101171113
          ]
        ],
        [
          [
            0.16052561140057753,
            0.005483998905307966
          ],
          [
            -0.0077727234675393055,
            0.3743732901763436
          ],
          [
            0.6519339490518387,
            -0.017020534002197087
          ],
          [
            -0.6386346487552721,
            0.02870350358576409
          ]
        ],
        [
          [
            0.5384613920553756,
            -0.1701786128517029
          ],
          [
            -0.2186505887185033,
            -0.6862806913206637
          ],
          [
            0.366495851638547,
            -0.12205113040835631
          ],
          [
            0.11024546816078525,
            -0.030652093157362944
          ]
        ]
      ]
    },
    "state_source": "architecture_rule",
    "wigner_negvol": 2.65613777842851
  },
  "k_eff_before": 3,
  "k_eff_after": 3,
  "herald_cutoff": 40
}