{
  "group": "B30_c30_a2p73_b1p41",
  "target_alpha": "(2.7320508+0j)",
  "target_beta": "(1+1j)",
  "design": "B30",
  "depth": 5,
  "provenance": "output/experiments/B30_c30_a2p73_b1p41/20260707-095621_p64_i300#25",
  "exp_O": 0.5213973683100779,
  "vs_gaussian": -0.5679186316899221,
  "before": {
    "pnr_detections": [
      6,
      6,
      2
    ],
    "total_photons": 14,
    "prob": 0.00020162563349696589,
    "architecture": {
      "squeezings_r": [
        1.8382470724945508,
        1.5189189513215826,
        1.5189187264551245,
        1.3457696744160852
      ],
      "squeezings_db": [
        15.966811199183805,
        13.193162380344745,
        13.193160427179508,
        11.689206870232832
      ],
      "max_squeezing_db": 15.966811199183805,
      "displacements_xp": [
        [
          0.0016156055243317924,
          2.5129454694813087
        ],
        [
          0.0019958129897662455,
          0.15160786325161069
        ],
        [
          -0.009138634391793968,
          -0.15258404406924092
        ],
        [
          -0.0037480804049333013,
          -0.0005220246821423377
        ]
      ],
      "U_passive_reim": [
        [
          [
            0.10716567471721104,
            0.6946942337475092
          ],
          [
            0.0007926259092401717,
            1.966659008900811e-07
          ],
          [
            4.2137612234849434e-07,
            -4.810897071720699e-10
          ],
          [
            -0.705192704010274,
            -0.09283351611889903
          ]
        ],
        [
          [
            -0.3999276360554389,
            -0.040240839419619756
          ],
          [
            -0.8243450261662163,
            0.02998662634801359
          ],
          [
            0.0012250814471203284,
            -4.4794740055273016e-05
          ],
          [
            -0.14981094440960985,
            0.3681709099605505
          ]
        ],
        [
          [
            -0.39973989309889124,
            -0.0405349043516208
          ],
          [
            0.3878652944984211,
            -0.01443261513604439
          ],
          [
            0.7277796303980394,
            -0.026315784391910364
          ],
          [
            -0.14869172011186968,
            0.3680383319413711
          ]
        ],
        [
          [
            -0.425508242550737,
            -0.04314713707948051
          ],
          [
            0.4106994746090991,
            -0.01528418526500908
          ],
          [
            -0.6848573110923963,
            0.02476387856388556
          ],
          [
            -0.15827935099463022,
            0.3917630101608738
          ]
        ]
      ]
    },
    "wigner_negvol": 3.6900570767683316
  },
  "after": {
    "pnr_detections": [
      2,
      2,
      2
    ],
    "total_photons": 6,
    "prob": 0.005925482050663717,
    "prob_gain": 20.78422764137072,
    "architecture": {
      "squeezings_r": [
        1.3432380182372556,
        1.3066591096148925,
        1.045189457757733,
        0.9990507637203249
      ],
      "squeezings_db": [
        11.667217184061993,
        11.349496820687282,
        9.078400280952707,
        8.677644676499332
      ],
      "max_squeezing_db": 11.667217184061993,
      "displacements_xp": [
        [
          -0.0015150052814596271,
          0.02636234480163339
        ],
        [
          -0.0034537495328904014,
          -0.026162859820449934
        ],
        [
          -0.001505935788264923,
          -0.0005080113078180572
        ],
        [
          0.0,
          0.0
        ]
      ],
      "U_passive_reim": [
        [
          [
            -0.41344204372518845,
            0.01545934646845103
          ],
          [
            -0.016328037106134504,
            -0.43011931934931513
          ],
          [
            -0.37852885760033916,
            0.01407996483214772
          ],
          [
            -0.7066731889117922,
            0.02623192789706021
          ]
        ],
        [
          [
            -0.4134946490544757,
            0.015102286229321036
          ],
          [
            -0.015578280841969766,
            -0.4301629042051677
          ],
          [
            -0.37867818724879665,
            0.013757883283816686
          ],
          [
            0.706597749524238,
            -0.025386230175865814
          ]
        ],
        [
          [
            -0.4228101660205606,
            0.015428172486858537
          ],
          [
            -0.012077337592756572,
            -0.3342738223717245
          ],
          [
            0.8415384996066106,
            -0.030358290187963658
          ],
          [
            6.945716419364121e-05,
            8.757550614378365e-05
          ]
        ],
        [
          [
            0.2955766689246548,
            -0.6254988001841867
          ],
          [
            -0.6504493528365873,
            -0.30737395518595534
          ],
          [
            0.026528740346602478,
            -0.05584589094967411
          ],
          [
            0.00018107103676268406,
            6.660550514108276e-05
          ]
        ]
      ]
    },
    "state_source": "architecture_rule",
    "wigner_negvol": 3.020123714297146
  },
  "k_eff_before": 3,
  "k_eff_after": 3,
  "herald_cutoff": 36
}