{
  "group": "B30_c30_a2p73_b1p41",
  "target_alpha": "(2.7320508+0j)",
  "target_beta": "(1+1j)",
  "design": "B30",
  "depth": 5,
  "provenance": "output/experiments/B30_c30_a2p73_b1p41/20260705-232539_p64_i300#64",
  "exp_O": 0.5021740061422897,
  "vs_gaussian": -0.5871419938577103,
  "before": {
    "pnr_detections": [
      6,
      6,
      2,
      1
    ],
    "total_photons": 15,
    "prob": 3.5943470944551475e-05,
    "architecture": {
      "squeezings_r": [
        1.7707699167687467,
        1.4918857906514646,
        1.4846985228714331,
        1.4788908947174926,
        1.2816057713685824
      ],
      "squeezings_db": [
        15.380712071458943,
        12.95835533019602,
        12.895927515459446,
        12.8454830982554,
        11.131886289614718
      ],
      "max_squeezing_db": 15.380712071458943,
      "displacements_xp": [
        [
          0.2941784205610588,
          1.7895539117870485
        ],
        [
          0.24595431490687225,
          0.45335671872387573
        ],
        [
          0.5912943361333256,
          0.32081668541416397
        ],
        [
          0.4225343547325981,
          0.393696014574234
        ],
        [
          1.3456710595369228,
          -0.19625084637486367
        ]
      ],
      "U_passive_reim": [
        [
          [
            0.038245216840383366,
            0.6755693780187908
          ],
          [
            0.2578561585647151,
            -0.01379296268710787
          ],
          [
            0.03253385385306666,
            -0.002335225166871195
          ],
          [
            -9.91792441291568e-06,
            7.870405098639282e-07
          ],
          [
            -0.6645095461647972,
            -0.18118066281049938
          ]
        ],
        [
          [
            -0.24112541067906051,
            -0.33927928797615403
          ],
          [
            0.0001871390104638632,
            -0.11934511463463006
          ],
          [
            0.4877923773929895,
            0.654205020473968
          ],
          [
            0.0049620279840406675,
            0.007154047025909268
          ],
          [
            -0.36558222532066975,
            0.11337121252795351
          ]
        ],
        [
          [
            -0.22026735179254844,
            -0.33411703801488934
          ],
          [
            0.17307905104311028,
            0.12368554159437133
          ],
          [
            -0.19931719539594128,
            -0.2879817411217327
          ],
          [
            -0.41739596294130177,
            -0.6013288523077271
          ],
          [
            -0.3372748348488375,
            0.14954165711678627
          ]
        ],
        [
          [
            -0.23272673987508233,
            -0.3542538356892822
          ],
          [
            0.18876435709162218,
            0.1387275483994173
          ],
          [
            -0.2196132153587717,
            -0.3166267308046547
          ],
          [
            0.3884529924331485,
            0.5596407818075457
          ],
          [
            -0.356569889098447,
            0.16045903037551662
          ]
        ],
        [
          [
            0.15393117319812857,
            0.0733975268945305
          ],
          [
            0.49249839709206183,
            0.7592036662329432
          ],
          [
            0.13877012021380664,
            0.20642203839806234
          ],
          [
            -0.0021979370956905046,
            -0.0031711785071358795
          ],
          [
            0.20516281849728357,
            0.2190873008846102
          ]
        ]
      ]
    },
    "wigner_negvol": 3.528602586111153
  },
  "after": {
    "pnr_detections": [
      2,
      2,
      2,
      1
    ],
    "total_photons": 7,
    "prob": 0.0022158827056592834,
    "prob_gain": 58.041240309022534,
    "architecture": {
      "squeezings_r": [
        1.326399870483737,
        1.2727099804872368,
        1.0451876351319005,
        0.9942896407933015,
        0.7140555268878539
      ],
      "squeezings_db": [
        11.520962890965498,
        11.054618431776046,
        9.078384449825874,
        8.636290088201944,
        6.20220750199828
      ],
      "max_squeezing_db": 11.520962890965498,
      "displacements_xp": [
        [
          0.32769693819706575,
          0.4411202166850475
        ],
        [
          0.4130528703099567,
          0.4673064651504156
        ],
        [
          0.3250458941696213,
          0.24957384706470206
        ],
        [
          1.0560569675711842,
          -0.5770532702259202
        ],
        [
          0.0,
          0.0
        ]
      ],
      "U_passive_reim": [
        [
          [
            0.3456439931467084,
            0.22123029422951687
          ],
          [
            -0.2354013485193677,
            0.36000170316811575
          ],
          [
            -0.24888942233151998,
            -0.32106420989409185
          ],
          [
            0.4081600411724461,
            0.5565930048690023
          ],
          [
            0.043712156701476414,
            -0.056947777850516614
          ]
        ],
        [
          [
            0.33420000061841987,
            0.23290426062092312
          ],
          [
            -0.26424246726948536,
            0.32757901872954054
          ],
          [
            -0.20938148703426127,
            -0.29168515304371917
          ],
          [
            -0.3917383089937623,
            -0.6077039772424117
          ],
          [
            0.04463842919263246,
            -0.05707379680428097
          ]
        ],
        [
          [
            0.3320276364065407,
            0.2750363829541028
          ],
          [
            -0.18859473586054223,
            0.27255297772717046
          ],
          [
            0.46833193891790886,
            0.6936889619409334
          ],
          [
            0.01831451685346659,
            0.017421257580745836
          ],
          [
            0.03407655303434014,
            -0.04382034358932752
          ]
        ],
        [
          [
            -0.09096144022860843,
            0.0571296886697034
          ],
          [
            -0.040730940870053314,
            -0.03858187916627978
          ],
          [
            0.010181354769200686,
            -0.005847987489159563
          ],
          [
            0.002256255396106706,
            0.0018373299657458227
          ],
          [
            -0.5645101959912207,
            -0.8163924040125604
          ]
        ],
        [
          [
            -0.08379020490590296,
            0.6791225259315631
          ],
          [
            0.7190339987124761,
            0.08855688284925783
          ],
          [
            0.004373266795285435,
            -0.07317668770436128
          ],
          [
            -0.013065608385655016,
            -0.005336918201582407
          ],
          [
            0.035918173539273866,
            -0.007504827453828111
          ]
        ]
      ]
    },
    "state_source": "architecture_rule",
    "wigner_negvol": 2.788081459614103
  },
  "k_eff_before": 4,
  "k_eff_after": 4,
  "herald_cutoff": 38
}