{
  "group": "B30_c30_a2p73_b1p41",
  "target_alpha": "(2.7320508+0j)",
  "target_beta": "(1+1j)",
  "design": "B30",
  "depth": 5,
  "provenance": "output/experiments/B30_c30_a2p73_b1p41/20260706-010144_p64_i300#33",
  "exp_O": 0.4918954232854087,
  "vs_gaussian": -0.5974205767145913,
  "before": {
    "pnr_detections": [
      8,
      6,
      2,
      1
    ],
    "total_photons": 17,
    "prob": 2.2818873631143953e-05,
    "architecture": {
      "squeezings_r": [
        1.8603565642186433,
        1.6095327530637618,
        1.593749484319503,
        1.593341283023296,
        1.3431506288803783
      ],
      "squeezings_db": [
        16.158851804252986,
        13.98022386196282,
        13.843132131522266,
        13.839586540113297,
        11.666458129752614
      ],
      "max_squeezing_db": 16.158851804252986,
      "displacements_xp": [
        [
          -0.1031101278189609,
          2.868699614405757
        ],
        [
          0.2489447879128972,
          -0.20459395924406437
        ],
        [
          0.26125763676537206,
          0.15116858120242305
        ],
        [
          0.3103212675285365,
          -0.03316669288761664
        ],
        [
          0.05711148518653944,
          -1.3977585399245271
        ]
      ],
      "U_passive_reim": [
        [
          [
            0.09220319923449447,
            0.6704120579582838
          ],
          [
            -0.244548525216465,
            0.021400035554920774
          ],
          [
            -0.00015971970159300318,
            4.811778361040312e-05
          ],
          [
            -9.015131761527619e-08,
            2.65801658628586e-08
          ],
          [
            0.6793549938817319,
            0.14234136556182067
          ]
        ],
        [
          [
            0.36716331466917046,
            0.04127164588880082
          ],
          [
            0.075563695948731,
            -0.04538896887378992
          ],
          [
            0.8596403923099005,
            0.02057421105691585
          ],
          [
            -0.008306992083917877,
            -0.00023297271912919447
          ],
          [
            -0.1279447668274166,
            0.3160283135453109
          ]
        ],
        [
          [
            0.4218299888130379,
            0.05004428096853287
          ],
          [
            0.11307586067048779,
            -0.05130754544609165
          ],
          [
            -0.3431280205379473,
            -0.008256661288799708
          ],
          [
            0.7299422014646415,
            0.0204699591552834
          ],
          [
            -0.1408800675289559,
            0.36503366273057897
          ]
        ],
        [
          [
            0.44631839059135353,
            0.0530702826965203
          ],
          [
            0.12081821568334276,
            -0.05424490945762617
          ],
          [
            -0.3772122494577969,
            -0.009075379035926125
          ],
          [
            -0.6828829881738202,
            -0.019150302257208537
          ],
          [
            -0.14877802260038228,
            0.38631804850821766
          ]
        ],
        [
          [
            -0.12484805636230265,
            0.08651836116794502
          ],
          [
            0.9468192086486344,
            0.05043061428107906
          ],
          [
            0.020451422187371924,
            0.0005955450370030154
          ],
          [
            0.0006268768244205216,
            1.763665865532212e-05
          ],
          [
            0.2768759954374967,
            -0.028954270878178073
          ]
        ]
      ]
    },
    "wigner_negvol": 3.153091925434461
  },
  "after": {
    "pnr_detections": [
      4,
      2,
      2,
      1
    ],
    "total_photons": 9,
    "prob": 0.0006169139364168073,
    "prob_gain": 26.688734030263745,
    "architecture": {
      "squeezings_r": [
        1.5135456046873477,
        1.3208260808576737,
        1.1646054896871154,
        1.0201187331732995,
        0.673413646149584
      ],
      "squeezings_db": [
        13.146490084492713,
        11.47254956940772,
        10.115634755306974,
        8.860638734065994,
        5.849196611222267
      ],
      "max_squeezing_db": 13.146490084492713,
      "displacements_xp": [
        [
          -0.6687479030644032,
          0.06914036066789847
        ],
        [
          0.3640391580068679,
          0.01765238357024501
        ],
        [
          0.296734277600566,
          -0.045852621125852
        ],
        [
          0.038766236101901795,
          -1.307849834061444
        ],
        [
          0.0,
          0.0
        ]
      ],
      "U_passive_reim": [
        [
          [
            -0.8080399171839335,
            -0.00977178570980074
          ],
          [
            -0.01875606261461423,
            -0.3612172902020462
          ],
          [
            0.45140060089421213,
            0.006050433516833498
          ],
          [
            -0.09338024940323157,
            -0.004009150385984358
          ],
          [
            0.002444201970055635,
            0.06004377730969445
          ]
        ],
        [
          [
            0.14048183960386082,
            -0.008966551734037445
          ],
          [
            -0.021758506808284585,
            0.4477410217880972
          ],
          [
            0.46384713762428614,
            0.024190987038830578
          ],
          [
            -0.7463616162970718,
            -0.02541290656584592
          ],
          [
            -0.005509435517787075,
            -0.0759460042632704
          ]
        ],
        [
          [
            0.13751454465976973,
            -0.006777708900465915
          ],
          [
            -0.022599562426822165,
            0.3427597264774179
          ],
          [
            0.6612319124683563,
            0.02412352036080377
          ],
          [
            0.649220360751461,
            0.019606333862006352
          ],
          [
            -0.004207162440294719,
            -0.057879795210372675
          ]
        ],
        [
          [
            -0.0053042684421262904,
            0.09046047321021837
          ],
          [
            -0.044764883948740695,
            -0.008554320633137966
          ],
          [
            -0.007665482693276294,
            0.06183384836997436
          ],
          [
            0.0021335232046748517,
            -0.01794966184104916
          ],
          [
            -0.992324468561015,
            -0.028194302099920413
          ]
        ],
        [
          [
            0.3338758414490136,
            -0.4341888538661569
          ],
          [
            -0.59314083045637,
            -0.44309901586016165
          ],
          [
            0.20438128273451492,
            -0.31144508242693386
          ],
          [
            -0.0636192348222728,
            0.08553913239131826
          ],
          [
            -0.032734515950624356,
            -0.025466295767403162
          ]
        ]
      ]
    },
    "state_source": "architecture_rule",
    "wigner_negvol": 2.360509005795773
  },
  "k_eff_before": 4,
  "k_eff_after": 4,
  "herald_cutoff": 42
}