{
  "group": "B30_c30_a2p73_b1p41",
  "target_alpha": "(2.7320508+0j)",
  "target_beta": "(1+1j)",
  "design": "B30",
  "depth": 5,
  "provenance": "output/experiments/B30_c30_a2p73_b1p41/20260706-010148_p64_i300#33",
  "exp_O": 0.4918885172316954,
  "vs_gaussian": -0.5974274827683046,
  "before": {
    "pnr_detections": [
      8,
      6,
      2,
      1
    ],
    "total_photons": 17,
    "prob": 2.277804319131221e-05,
    "architecture": {
      "squeezings_r": [
        1.861183010107904,
        1.6104888400840038,
        1.594777245056227,
        1.5943724832122506,
        1.344147610961389
      ],
      "squeezings_db": [
        16.166030222038938,
        13.98852832830503,
        13.852059147855787,
        13.848543431149308,
        11.675117806079403
      ],
      "max_squeezing_db": 16.166030222038938,
      "displacements_xp": [
        [
          -0.10750038487006197,
          2.870826612418593
        ],
        [
          0.25335179587153905,
          -0.2044377352911217
        ],
        [
          0.26233886931299877,
          0.15111576221052844
        ],
        [
          0.31299639494132325,
          -0.03334829155767875
        ],
        [
          0.07106754914272556,
          -1.3960248032997256
        ]
      ],
      "U_passive_reim": [
        [
          [
            0.09054660479440299,
            0.6701642587620558
          ],
          [
            -0.24477546181237253,
            0.02159740179129083
          ],
          [
            -0.0001479157056682425,
            4.280932949509572e-05
          ],
          [
            -8.170917214576026e-08,
            2.323550744259947e-08
          ],
          [
            0.6793884253081697,
            0.1439828045778453
          ]
        ],
        [
          [
            0.3671612754861775,
            0.041752681261093175
          ],
          [
            0.07732201387707492,
            -0.045220797924913625
          ],
          [
            0.8595372679012162,
            0.02345014837871531
          ],
          [
            -0.008235233564133642,
            -0.0002564124287065652
          ],
          [
            -0.12756619842521014,
            0.31580128692895354
          ]
        ],
        [
          [
            0.42190656024112844,
            0.05043911777826135
          ],
          [
            0.11345118850255646,
            -0.051096943101859325
          ],
          [
            -0.3432384709359148,
            -0.009405836006810327
          ],
          [
            0.7298266027992661,
            0.022722485228663027
          ],
          [
            -0.14086606480773303,
            0.3647754551391044
          ]
        ],
        [
          [
            0.44638004455681485,
            0.0534770649234808
          ],
          [
            0.12112634012567597,
            -0.05401929566559908
          ],
          [
            -0.3771881769201383,
            -0.010334835428446317
          ],
          [
            -0.6828737640324319,
            -0.021260685200104504
          ],
          [
            -0.14877703030857523,
            0.386023906065505
          ]
        ],
        [
          [
            -0.12668359097268797,
            0.0861252981366304
          ],
          [
            0.9463906315535143,
            0.053553144629716845
          ],
          [
            0.019144839730038832,
            0.000616211706277415
          ],
          [
            0.0005822567238296075,
            1.8177647795989294e-05
          ],
          [
            0.27720326690829794,
            -0.02831322772213491
          ]
        ]
      ]
    },
    "wigner_negvol": 3.153552334391907
  },
  "after": {
    "pnr_detections": [
      4,
      2,
      2,
      1
    ],
    "total_photons": 9,
    "prob": 0.0006161448790596091,
    "prob_gain": 26.716880650324725,
    "architecture": {
      "squeezings_r": [
        1.5134208596934688,
        1.320850534286512,
        1.1645900330688974,
        1.0200985484436527,
        0.6737464205484518
      ],
      "squeezings_db": [
        13.145406563242979,
        11.47276196919188,
        10.115500500826954,
        8.860463411731907,
        5.852087052925206
      ],
      "max_squeezing_db": 13.145406563242979,
      "displacements_xp": [
        [
          -0.672146360983492,
          0.0676309735192254
        ],
        [
          0.36438754258041095,
          0.017777132326659117
        ],
        [
          0.2975668222501633,
          -0.04672012823723043
        ],
        [
          0.044209033252279026,
          -1.3067760524173608
        ],
        [
          0.0,
          0.0
        ]
      ],
      "U_passive_reim": [
        [
          [
            -0.807811295292581,
            -0.011971358824763141
          ],
          [
            -0.018955644571973844,
            -0.3613524630178757
          ],
          [
            0.4515487117078571,
            0.0076961611293742535
          ],
          [
            -0.09364488469754692,
            -0.004449637216539505
          ],
          [
            0.002459668315173916,
            0.06009987657753761
          ]
        ],
        [
          [
            0.1406659297449089,
            -0.00943975739770769
          ],
          [
            -0.02316537526573485,
            0.4476479579789897
          ],
          [
            0.4632690595443125,
            0.02582934329188002
          ],
          [
            -0.746539367916022,
            -0.027928542859855514
          ],
          [
            -0.005698228074357029,
            -0.07602486850652121
          ]
        ],
        [
          [
            0.1377645041000327,
            -0.007099946279464713
          ],
          [
            -0.02380701963387378,
            0.3426269511953123
          ],
          [
            0.6615030091368695,
            0.026197258584239592
          ],
          [
            0.6487628593085688,
            0.02168772594696401
          ],
          [
            -0.004345368908056464,
            -0.057926811954986605
          ]
        ],
        [
          [
            -0.005722659034827094,
            0.09052676898200027
          ],
          [
            -0.04477579620346398,
            -0.009020671850530668
          ],
          [
            -0.008126511248621857,
            0.061771985840918205
          ],
          [
            0.0022823867754119195,
            -0.017991871648698463
          ],
          [
            -0.9922184783539002,
            -0.03126766514168033
          ]
        ],
        [
          [
            0.035297908718544456,
            -0.5467342407780323
          ],
          [
            -0.7394092191487537,
            -0.0369798923485743
          ],
          [
            -0.005016726659656314,
            -0.3722628642938201
          ],
          [
            -0.0050398044924578975,
            0.1067327667812395
          ],
          [
            -0.04137231624581541,
            -0.0029090267139416184
          ]
        ]
      ]
    },
    "state_source": "architecture_rule",
    "wigner_negvol": 2.359481497703657
  },
  "k_eff_before": 4,
  "k_eff_after": 4,
  "herald_cutoff": 42
}