{
  "group": "B30_c30_a2p73_b1p41",
  "target_alpha": "(2.7320508+0j)",
  "target_beta": "(1+1j)",
  "design": "B30",
  "depth": 5,
  "provenance": "output/experiments/B30_c30_a2p73_b1p41/20260706-010148_p64_i300#49",
  "exp_O": 0.5012004682513633,
  "vs_gaussian": -0.5881155317486366,
  "before": {
    "pnr_detections": [
      6,
      6,
      2,
      1
    ],
    "total_photons": 15,
    "prob": 3.2700061974329594e-05,
    "architecture": {
      "squeezings_r": [
        1.8612357695287183,
        1.5888901917297644,
        1.5755555421704581,
        1.5753914259282484,
        1.279203762494768
      ],
      "squeezings_db": [
        16.1664884845455,
        13.80092485236873,
        13.685101557934322,
        13.683676062366676,
        11.111022705627114
      ],
      "max_squeezing_db": 16.1664884845455,
      "displacements_xp": [
        [
          0.06468995213880468,
          1.7690181974476433
        ],
        [
          0.18050043114261727,
          0.4629623375319398
        ],
        [
          0.4834148757153478,
          0.23342486786661
        ],
        [
          0.3470479484082765,
          0.3642750967127442
        ],
        [
          1.0984817808977576,
          -0.6908856122221089
        ]
      ],
      "U_passive_reim": [
        [
          [
            0.07977949920749769,
            0.6858158900369157
          ],
          [
            0.21159269050984614,
            -0.01714488750279089
          ],
          [
            4.706220505538002e-05,
            -1.782273408912728e-05
          ],
          [
            -7.377919686816447e-08,
            2.7297464302803e-08
          ],
          [
            0.6784093350052448,
            0.1341161969324698
          ]
        ],
        [
          [
            -0.2394001930438195,
            -0.32398423753031447
          ],
          [
            0.07701880466917643,
            0.02625690725568074
          ],
          [
            0.5436792897949065,
            0.6203812912773478
          ],
          [
            0.010518648032888218,
            0.012059054122836524
          ],
          [
            0.3605315891018753,
            -0.14283288749176343
          ]
        ],
        [
          [
            -0.23763552535748705,
            -0.3241296464875709
          ],
          [
            0.08702765900187807,
            0.03805031521935442
          ],
          [
            -0.2458637968515199,
            -0.28056764493238734
          ],
          [
            -0.48342802066977286,
            -0.5542228132724729
          ],
          [
            0.3581752452369106,
            -0.14534577816452618
          ]
        ],
        [
          [
            -0.25220880865986745,
            -0.3442277297959704
          ],
          [
            0.09327273481782697,
            0.041415980742894
          ],
          [
            -0.2797600421496675,
            -0.31924739703883526
          ],
          [
            0.4452825834553909,
            0.510491269567244
          ],
          [
            0.38016884290259384,
            -0.15457054734312448
          ]
        ],
        [
          [
            0.13090556703400616,
            0.015639905078239116
          ],
          [
            0.619282750524424,
            0.7384886005660404
          ],
          [
            0.00900971481052402,
            0.010339927605146303
          ],
          [
            -0.00043791286334250316,
            -0.0005021315641898484
          ],
          [
            -0.17598461297499496,
            -0.1502779779407907
          ]
        ]
      ]
    },
    "wigner_negvol": 3.5266868630544
  },
  "after": {
    "pnr_detections": [
      2,
      2,
      2,
      1
    ],
    "total_photons": 7,
    "prob": 0.002217717945261829,
    "prob_gain": 67.4412552066358,
    "architecture": {
      "squeezings_r": [
        1.320799285166905,
        1.2689532963029075,
        1.0559417293473878,
        1.0068431988163047,
        0.6979315623299992
      ],
      "squeezings_db": [
        11.472316824994929,
        11.021988287545897,
        9.171793325338951,
        8.745328907754796,
        6.062156525320682
      ],
      "max_squeezing_db": 11.472316824994929,
      "displacements_xp": [
        [
          0.30946557824284726,
          0.3924534719784293
        ],
        [
          0.371472783531678,
          0.3604742528869057
        ],
        [
          0.2512866998449878,
          0.2519138073113228
        ],
        [
          0.9647057509262249,
          -0.796714987636454
        ],
        [
          0.0,
          0.0
        ]
      ],
      "U_passive_reim": [
        [
          [
            0.29368259869895497,
            0.2875344219289528
          ],
          [
            -0.3014073742503007,
            0.304507337095319
          ],
          [
            0.25340035279142836,
            0.2874065123053905
          ],
          [
            -0.462550212667225,
            -0.5303448448105469
          ],
          [
            -0.05254785216987308,
            0.05205277414717251
          ]
        ],
        [
          [
            0.29109960153592157,
            0.28728063734119724
          ],
          [
            -0.3046809737223322,
            0.3009923462025352
          ],
          [
            0.24546596004259447,
            0.2807645456594584
          ],
          [
            0.4634044207717106,
            0.5385195667713029
          ],
          [
            -0.05262794906298379,
            0.05200980220769094
          ]
        ],
        [
          [
            0.29840565929001317,
            0.30453441228067146
          ],
          [
            -0.22768840582735284,
            0.2326520895008071
          ],
          [
            -0.5521632197603263,
            -0.6357613531458187
          ],
          [
            -0.004039554727116794,
            -0.003690230206243494
          ],
          [
            -0.03977342243757339,
            0.039436898960321626
          ]
        ],
        [
          [
            -0.0850643474107402,
            0.07276605522549297
          ],
          [
            -0.037313992494903164,
            -0.039118045138027115
          ],
          [
            -0.008941687528342169,
            0.00735830537379328
          ],
          [
            -0.0003782099424333361,
            -4.5296621871756965e-05
          ],
          [
            0.6519105148335043,
            0.7479472171459158
          ]
        ],
        [
          [
            0.31708901448595994,
            0.6074058889747939
          ],
          [
            0.6417350142841478,
            -0.33509192654384456
          ],
          [
            0.03393843004466977,
            0.06116253242809221
          ],
          [
            0.0020457055915764195,
            0.0006321002994072103
          ],
          [
            -0.03314699205298494,
            0.0201552768944181
          ]
        ]
      ]
    },
    "state_source": "architecture_rule",
    "wigner_negvol": 2.708068416794992
  },
  "k_eff_before": 4,
  "k_eff_after": 4,
  "herald_cutoff": 38
}