{
  "group": "B30_c30_a2p73_b1p41",
  "target_alpha": "(2.7320508+0j)",
  "target_beta": "(1+1j)",
  "design": "B30",
  "depth": 5,
  "provenance": "output/experiments/B30_c30_a2p73_b1p41/20260707-032329_p64_i800#7915",
  "exp_O": 0.559279299758846,
  "vs_gaussian": -0.5300367002411539,
  "before": {
    "pnr_detections": [
      6,
      6,
      2
    ],
    "total_photons": 14,
    "prob": 0.00023763234954635366,
    "architecture": {
      "squeezings_r": [
        1.731016079264804,
        1.4276842664896796,
        1.4276842664896792,
        1.3835551244144757
      ],
      "squeezings_db": [
        15.035414626210128,
        12.400707976731189,
        12.400707976731187,
        12.017407118843476
      ],
      "max_squeezing_db": 15.035414626210128,
      "displacements_xp": [
        [
          0.0445886884194855,
          2.601678130771608
        ],
        [
          -0.045466433632194,
          0.10874825218516146
        ],
        [
          0.04682372737942231,
          -0.11199467621540281
        ],
        [
          0.000125036989254781,
          -0.0002990679706693347
        ]
      ],
      "U_passive_reim": [
        [
          [
            0.003849623251245125,
            0.6736673835582405
          ],
          [
            5.384626814095885e-16,
            -6.426122367454953e-16
          ],
          [
            1.0255344462874118e-13,
            2.451246376707825e-14
          ],
          [
            -0.7121550235094626,
            -0.1974655899665928
          ]
        ],
        [
          [
            -0.4164646011554441,
            -0.043940040483091546
          ],
          [
            -0.6147457840380829,
            -0.06853507786004938
          ],
          [
            -0.5409703886095993,
            -0.06031021060418623
          ],
          [
            -0.14206435105024515,
            0.3543282521081677
          ]
        ],
        [
          [
            -0.4031858793126934,
            -0.04253903887643575
          ],
          [
            0.7713639021565585,
            0.08599568547745547
          ],
          [
            -0.30896875909127425,
            -0.03444545454477374
          ],
          [
            -0.1375347151672766,
            0.3430307101617056
          ]
        ],
        [
          [
            -0.4518219189259025,
            -0.04767049433174336
          ],
          [
            -0.12169213819984866,
            -0.013566876557815915
          ],
          [
            0.7743468018889333,
            0.08632823475339987
          ],
          [
            -0.15412543472919732,
            0.38441027245297815
          ]
        ]
      ]
    },
    "wigner_negvol": 3.714081615290774
  },
  "after": {
    "pnr_detections": [
      2,
      2,
      2
    ],
    "total_photons": 6,
    "prob": 0.0066512937952548255,
    "prob_gain": 21.95912329899532,
    "architecture": {
      "squeezings_r": [
        1.3614351420387256,
        1.3101226030906334,
        1.0307519254990014,
        0.9916575942196357
      ],
      "squeezings_db": [
        11.825275393131768,
        11.379580342779725,
        8.95299746910736,
        8.613428422140835
      ],
      "max_squeezing_db": 11.825275393131768,
      "displacements_xp": [
        [
          -0.03197756125957055,
          0.016775243477867175
        ],
        [
          0.03371349781528993,
          -0.017688339714795494
        ],
        [
          0.00011489303155152398,
          -0.0004559549701289164
        ],
        [
          0.0,
          0.0
        ]
      ],
      "U_passive_reim": [
        [
          [
            -0.37003289919699234,
            0.19946997167827069
          ],
          [
            -0.1733470433367069,
            -0.3829018208671657
          ],
          [
            -0.3416620244561569,
            -0.03778221856106671
          ],
          [
            0.7196111311014908,
            0.1030716597980549
          ]
        ],
        [
          [
            -0.37279573494468393,
            0.19323958891266177
          ],
          [
            -0.17732174614672033,
            -0.3742780259632883
          ],
          [
            -0.4253264886304306,
            -0.04959981739791712
          ],
          [
            -0.6776263765630341,
            -0.09805350007967631
          ]
        ],
        [
          [
            -0.38599756344727715,
            0.1610352495917606
          ],
          [
            -0.17769779397475766,
            -0.3086355702327553
          ],
          [
            0.8278170605037342,
            0.10164807428786997
          ],
          [
            -0.05085110927026875,
            -0.006469638614307263
          ]
        ],
        [
          [
            0.04159376281934492,
            -0.6857934627062785
          ],
          [
            -0.7232624967488576,
            -0.04323072249856372
          ],
          [
            -0.011808247171633875,
            -0.052191472673084854
          ],
          [
            0.004503916032702452,
            0.009802094268004434
          ]
        ]
      ]
    },
    "state_source": "architecture_rule",
    "wigner_negvol": 3.093982683767493
  },
  "k_eff_before": 3,
  "k_eff_after": 3,
  "herald_cutoff": 36
}