{
  "group": "B30_c30_a2p73_b1p41",
  "target_alpha": "(2.7320508+0j)",
  "target_beta": "(1+1j)",
  "design": "B30",
  "depth": 5,
  "provenance": "output/experiments/B30_c30_a2p73_b1p41/20260706-010144_p64_i300#64",
  "exp_O": 0.4913900667732886,
  "vs_gaussian": -0.5979259332267113,
  "before": {
    "pnr_detections": [
      8,
      6,
      2,
      1,
      0
    ],
    "total_photons": 17,
    "prob": 6.679174243292592e-06,
    "architecture": {
      "squeezings_r": [
        1.908850723399273,
        1.6433512585334853,
        1.6426202041152071,
        1.3962913412455067,
        1.1925618831941442,
        0.8922389328690524
      ],
      "squeezings_db": [
        16.580066718986693,
        14.273967668197136,
        14.267617810200552,
        12.128032492644277,
        10.358460903987343,
        7.749888901685508
      ],
      "max_squeezing_db": 16.580066718986693,
      "displacements_xp": [
        [
          -0.06469615004252259,
          1.2662043129459304
        ],
        [
          -0.7799519774162831,
          -0.15070908860410273
        ],
        [
          -0.8199458050889701,
          0.21120511624718635
        ],
        [
          -0.7992769040422969,
          0.02744347716844904
        ],
        [
          -0.8068267547024722,
          0.01300090858931446
        ],
        [
          -1.4339388387169927,
          -0.8213601978395606
        ]
      ],
      "U_passive_reim": [
        [
          [
            0.038656653491305544,
            0.6501165585009178
          ],
          [
            -0.007430769484046622,
            -0.00021096414759657755
          ],
          [
            -0.00043696967900379465,
            -7.743860831393635e-06
          ],
          [
            0.7094377487525864,
            0.18306001927113233
          ],
          [
            0.14936289721711238,
            0.03937018244942133
          ],
          [
            0.0642816254184805,
            -0.10485403164397687
          ]
        ],
        [
          [
            0.37378844405596756,
            0.017370688833213816
          ],
          [
            -0.8576476345426984,
            0.007879594570888207
          ],
          [
            0.015040101516971362,
            -0.00015828808267586984
          ],
          [
            -0.10899934615203175,
            0.2917589943666752
          ],
          [
            -0.014551301293376343,
            0.13139726015386616
          ],
          [
            -0.07917558201873547,
            0.05816144870038838
          ]
        ],
        [
          [
            0.42893011644706536,
            0.023706468072073075
          ],
          [
            0.3656454295020759,
            -0.0055548822714016075
          ],
          [
            0.720433431601039,
            -0.0033933102426761917
          ],
          [
            -0.11476386023948155,
            0.3366669821953055
          ],
          [
            -0.01525345307735068,
            0.15196905915508704
          ],
          [
            -0.09174415326128443,
            0.06658847403372954
          ]
        ],
        [
          [
            0.45378319693824043,
            0.024779299804711986
          ],
          [
            0.3613318329901368,
            -0.0056118357490172015
          ],
          [
            -0.6933456873835553,
            0.0030790421337683893
          ],
          [
            -0.12223478727610687,
            0.3560117433231943
          ],
          [
            -0.01625232946158168,
            0.16067490934897108
          ],
          [
            -0.0969865750223068,
            0.07045723869934419
          ]
        ],
        [
          [
            -0.06404659692510126,
            -0.024846566745304857
          ],
          [
            -0.0002473612970393343,
            -0.0007963328274697798
          ],
          [
            -1.51593501944167e-05,
            -4.7060736093975446e-05
          ],
          [
            -0.04888042578542219,
            0.1857512810359003
          ],
          [
            0.3981522983293651,
            -0.5315320576773456
          ],
          [
            -0.6802878359953513,
            -0.23354663030502917
          ]
        ],
        [
          [
            0.19979805727797353,
            0.010943247627743354
          ],
          [
            0.0015345587775573671,
            -0.0007161300129920324
          ],
          [
            9.186031179415059e-05,
            -4.2062479533502985e-05
          ],
          [
            -0.11889957635452705,
            0.21668385478190666
          ],
          [
            -0.010501370961841982,
            -0.6841739881413902
          ],
          [
            0.6344753903284767,
            -0.1676477132698876
          ]
        ]
      ]
    },
    "wigner_negvol": 3.1391648218967227
  },
  "after": {
    "pnr_detections": [
      4,
      2,
      2,
      1,
      0
    ],
    "total_photons": 9,
    "prob": 0.0004278737739555859,
    "prob_gain": 97.33066276621979,
    "architecture": {
      "squeezings_r": [
        1.499606269989162,
        1.311151969097651,
        1.175348110573161,
        1.0471720900945924,
        0.1849982541135626,
        1.3988810110276777e-14
      ],
      "squeezings_db": [
        13.02541456167622,
        11.388521302313855,
        10.208943974746736,
        9.095621206623528,
        1.606874418465116,
        1.2150526078571245e-13
      ],
      "max_squeezing_db": 13.02541456167622,
      "displacements_xp": [
        [
          -0.0948389071079678,
          0.10852377714359593
        ],
        [
          0.04732565501289751,
          -0.02026571201978731
        ],
        [
          0.17872255028356662,
          -0.03278011173560998
        ],
        [
          -1.8821844121535605,
          0.2866651771086417
        ],
        [
          -4.984624756464506e-08,
          -2.8558689103959945e-08
        ],
        [
          0.0,
          0.0
        ]
      ],