{
  "group": "B30_c30_a2p73_b1p41",
  "target_alpha": "(2.7320508+0j)",
  "target_beta": "(1+1j)",
  "design": "B30",
  "depth": 5,
  "provenance": "output/experiments/B30_c30_a2p73_b1p41/20260706-012550_p64_i300#33",
  "exp_O": 0.492446967034422,
  "vs_gaussian": -0.5968690329655779,
  "before": {
    "pnr_detections": [
      8,
      6,
      2,
      1
    ],
    "total_photons": 17,
    "prob": 2.3309935115702323e-05,
    "architecture": {
      "squeezings_r": [
        1.8587846787683306,
        1.6021362920730657,
        1.584407817554892,
        1.5843855307807906,
        1.3290599304941226
      ],
      "squeezings_db": [
        16.14519858070789,
        13.915979018085379,
        13.761991444969274,
        13.761797864509042,
        11.544067878646338
      ],
      "max_squeezing_db": 16.14519858070789,
      "displacements_xp": [
        [
          -0.04626399589571095,
          2.8312261467685786
        ],
        [
          0.18013030081283982,
          -0.20029641662661998
        ],
        [
          0.24960305351355602,
          0.1518910304215404
        ],
        [
          0.26867279971696734,
          -0.03079162603424334
        ],
        [
          -0.2132636406508612,
          -1.4134225998664824
        ]
      ],
      "U_passive_reim": [
        [
          [
            0.11999775761975134,
            0.6758169141851691
          ],
          [
            0.24099457988930703,
            -0.0159644523533849
          ],
          [
            8.038439911814564e-08,
            -2.133530402699864e-07
          ],
          [
            5.207293807913596e-06,
            -1.9945544970374542e-05
          ],
          [
            -0.6769961856261753,
            -0.11052126318096485
          ]
        ],
        [
          [
            0.36462523901069455,
            0.03617714181883282
          ],
          [
            -0.06691688991545296,
            0.04654528779657275
          ],
          [
            0.04167720310283594,
            -0.0010686975193196732
          ],
          [
            -0.8583887824471146,
            0.02431222745091199
          ],
          [
            0.12833032778203113,
            -0.32166150667747334
          ]
        ],
        [
          [
            0.42012872863769346,
            0.043492569729970745
          ],
          [
            -0.09436964593618721,
            0.053955023776772366
          ],
          [
            -0.7428126064945656,
            0.01904734046725964
          ],
          [
            0.31482520622494015,
            -0.008918301837461068
          ],
          [
            0.1436290587437337,
            -0.37124971440084215
          ]
        ],
        [
          [
            0.44436667924630197,
            0.04639942973594456
          ],
          [
            -0.1036015547381055,
            0.05713150848673024
          ],
          [
            0.6677061667840504,
            -0.017121461878298518
          ],
          [
            0.4037740843084999,
            -0.011437905999153048
          ],
          [
            0.15098697367864225,
            -0.39281291119045697
          ]
        ],
        [
          [
            -0.08902857390181927,
            0.0931192473661649
          ],
          [
            -0.9535153113120296,
            0.00411093365733791
          ],
          [
            -0.0019562708809634437,
            4.966786771329514e-05
          ],
          [
            -0.01478821198304736,
            0.00037241333135322024
          ],
          [
            -0.26895267983903354,
            0.040449558172537516
          ]
        ]
      ]
    },
    "wigner_negvol": 3.152480801804894
  },
  "after": {
    "pnr_detections": [
      4,
      2,
      2,
      1
    ],
    "total_photons": 9,
    "prob": 0.0006220993972314107,
    "prob_gain": 26.39033112825471,
    "architecture": {
      "squeezings_r": [
        1.5147295086929882,
        1.3217380156670668,
        1.1650833325864804,
        1.020382931093039,
        0.668447064611947
      ],
      "squeezings_db": [
        13.15677334402777,
        11.480470534519219,
        10.11978524599519,
        8.862933528039457,
        5.806057432107901
      ],
      "max_squeezing_db": 13.15677334402777,
      "displacements_xp": [
        [
          -0.6160587651818896,
          0.08594260191393938
        ],
        [
          0.36224914434151434,
          0.016562313628651616
        ],
        [
          0.28764071838194427,
          -0.032361795467311216
        ],
        [
          -0.06073032234238386,
          -1.32011738255687
        ],
        [
          0.0,
          0.0
        ]
      ],
      "U_passive_reim": [
        [
          [
            -0.809224231586228,
            0.022299234908296925
          ],
          [
            -0.008703870149936493,
            -0.36103616022442553
          ],
          [
            0.44909958864818866,
            -0.015037253256964032
          ],
          [
            -0.0931766237195589,
            0.0026037811316352273
          ],
          [
            0.0017304371283114438,
            0.06023125421987098
          ]
        ],
        [
          [
            0.13808269606675935,
            -0.001218531415053113
          ],
          [
            0.009113892839527614,
            0.44831848106814887
          ],
          [
            0.4642118104722931,
            -0.009828519109668296
          ],
          [
            -0.7470744712707841,
            0.0193123886514502
          ],
          [
            -0.0020581606354565444,
            -0.07597687768775017
          ]
        ],
        [
          [
            0.13536779909430197,
            -0.0011433842071123185
          ],
          [
            0.0057922552449316675,
            0.34378205393504235
          ],
          [
            0.6624154421548374,
            -0.015201710928409927
          ],
          [
            0.6486748933339046,
            -0.016761428318988778
          ],
          [
            -0.0014640866256141014,
            -0.05802658460797758
          ]
        ],
        [
          [
            0.002229826841388891,
            0.09095415758916381
          ],
          [
            -0.04473524339328863,
            0.0002309646224513376
          ],
          [
            0.0013839790359052502,
            0.06295749240000299
          ],
          [
            -0.0004161852498380828,
            -0.01818000658897347
          ],
          [
            -0.9923643357833131,
            0.025255726315583156
          ]
        ],
        [
          [
            0.5143754956557413,
            -0.18548596055669847
          ],
          [
            -0.2512106019068626,
            -0.6965464072549159
          ],
          [
            0.35130765082644694,
            -0.1268317741098493
          ],
          [
            -0.10068209250357954,
            0.035923123672824804
          ],
          [
            -0.0138746874769055,
            -0.04007390627560376
          ]
        ]
      ]
    },
    "state_source": "architecture_rule",
    "wigner_negvol": 2.3685696845146276
  },
  "k_eff_before": 4,
  "k_eff_after": 4,
  "herald_cutoff": 42
}