{
  "group": "B30_c30_a2p73_b1p41",
  "target_alpha": "(2.7320508+0j)",
  "target_beta": "(1+1j)",
  "design": "B30",
  "depth": 4,
  "provenance": "output/experiments/B30_c30_a2p73_b1p41/20260706-203222_p64_i300#57",
  "exp_O": 0.6550125900518462,
  "vs_gaussian": -0.4343034099481537,
  "before": {
    "pnr_detections": [
      2,
      8,
      1
    ],
    "total_photons": 11,
    "prob": 0.000713874650371128,
    "architecture": {
      "squeezings_r": [
        1.8008600093693428,
        1.5733787532605914,
        1.496473455479286,
        1.3569501006155185
      ],
      "squeezings_db": [
        15.642071294986879,
        13.666194209697856,
        12.99820328058691,
        11.786318818307642
      ],
      "max_squeezing_db": 15.642071294986879,
      "displacements_xp": [
        [
          -0.6620483458622921,
          -0.43615192917821105
        ],
        [
          0.3910349243824421,
          0.42276973295237097
        ],
        [
          0.5020283209282221,
          0.1743424669696684
        ],
        [
          0.18893849348574698,
          1.3338022178351943
        ]
      ],
      "U_passive_reim": [
        [
          [
            0.3949893674780559,
            0.5801012211110652
          ],
          [
            -0.40916106116431955,
            0.2822018089744329
          ],
          [
            0.031944127711392545,
            0.01675908446790085
          ],
          [
            0.42568655717918363,
            -0.27911466946878943
          ]
        ],
        [
          [
            -0.46218639302216635,
            -0.2550106122998699
          ],
          [
            -0.46987119562192803,
            0.051754456357547864
          ],
          [
            -0.3212263941272204,
            -0.1464059372005964
          ],
          [
            -0.07709431380528908,
            -0.606078570433644
          ]
        ],
        [
          [
            -0.46319863840525816,
            -0.023884193166345186
          ],
          [
            0.4758769191619744,
            0.38044050274564756
          ],
          [
            0.3237362294740663,
            0.14409507768879512
          ],
          [
            0.4798229853925934,
            -0.24059117476866698
          ]
        ],
        [
          [
            0.04141930055753404,
            0.10945458785255925
          ],
          [
            0.392394637518223,
            0.06576116587233813
          ],
          [
            -0.8462467720881536,
            -0.1799318596112184
          ],
          [
            0.2699428351291481,
            0.08141157558401371
          ]
        ]
      ]
    },
    "wigner_negvol": 4.1210818659582955
  },
  "after": {
    "pnr_detections": [
      2,
      4,
      1
    ],
    "total_photons": 7,
    "prob": 0.0037167316098479534,
    "prob_gain": 7.758679391064834,
    "architecture": {
      "squeezings_r": [
        1.5090225675379645,
        1.3573713811233168,
        1.0153470858255176,
        0.7061709552075978
      ],
      "squeezings_db": [
        13.107203482984303,
        11.789978014305044,
        8.819192731811395,
        6.133722982540162
      ],
      "max_squeezing_db": 13.107203482984303,
      "displacements_xp": [
        [
          0.2275483324547985,
          0.3080061137876814
        ],
        [
          -0.9211646536932869,
          -0.24254629821038834
        ],
        [
          -0.16706347224831036,
          1.196704914279321
        ],
        [
          0.0,
          0.0
        ]
      ],
      "U_passive_reim": [
        [
          [
            -0.0975148396155689,
            -0.10749417620183946
          ],
          [
            -0.41096847484960247,
            0.2855762546537259
          ],
          [
            -0.6125969849993711,
            -0.5885990531067231
          ],
          [
            0.05244492810905707,
            -0.06334502160679924
          ]
        ],
        [
          [
            0.7606498977791125,
            0.17603841389366906
          ],
          [
            0.07806426628670834,
            -0.45668738167799855
          ],
          [
            -0.4114455082075668,
            -0.016429857704728035
          ],
          [
            -0.027602296806247845,
            0.07379418913625861
          ]
        ],
        [
          [
            -0.017588548685354522,
            0.0978970141517475
          ],
          [
            0.042839540779353216,
            0.011412111271884785
          ],
          [
            -0.02399739806407195,
            0.04911287958590938
          ],
          [
            0.9694629901353568,
            0.21282602223458563
          ]
        ],
        [
          [
            -0.08005912335477483,
            -0.5941846702186498
          ],
          [
            0.7207309232689025,
            -0.11608270719207797
          ],
          [
            -0.12933551297655038,
            -0.2983339022491358
          ],
          [
            0.04215935857467242,
            -0.009932377167725775
          ]
        ]
      ]
    },
    "state_source": "architecture_rule",
    "wigner_negvol": 3.8197316227904126
  },
  "k_eff_before": 3,
  "k_eff_after": 3,
  "herald_cutoff": 30
}