{
  "group": "B30_c30_a2p73_b1p41",
  "target_alpha": "(2.7320508+0j)",
  "target_beta": "(1+1j)",
  "design": "B30",
  "depth": 4,
  "provenance": "output/experiments/B30_c30_a2p73_b1p41/20260706-203230_p64_i300#23",
  "exp_O": 0.6913733005014709,
  "vs_gaussian": -0.397942699498529,
  "before": {
    "pnr_detections": [
      2,
      8
    ],
    "total_photons": 10,
    "prob": 0.003165965577238955,
    "architecture": {
      "squeezings_r": [
        1.6867381851702183,
        1.5836321886532103,
        1.3339455801265583
      ],
      "squeezings_db": [
        14.650821724698625,
        13.755254417929175,
        11.586504092163926
      ],
      "max_squeezing_db": 14.650821724698625,
      "displacements_xp": [
        [
          0.0,
          0.0
        ],
        [
          0.0,
          0.0
        ],
        [
          0.0,
          0.0
        ]
      ],
      "U_passive_reim": [
        [
          [
            0.3283871811761787,
            0.6233611227417489
          ],
          [
            0.6153893749447238,
            -0.32613498510215566
          ],
          [
            -0.1274579621453044,
            0.047635349023941655
          ]
        ],
        [
          [
            -0.5386038850217669,
            0.02756268413912978
          ],
          [
            0.0956214076686146,
            -0.5102725165037011
          ],
          [
            0.6108421747345384,
            0.25786914577850706
          ]
        ],
        [
          [
            -0.3479371513154135,
            0.3027683307585655
          ],
          [
            -0.42022049378661713,
            -0.2623454413473608
          ],
          [
            -0.6326713563715289,
            0.3762813275425533
          ]
        ]
      ]
    },
    "wigner_negvol": 4.4366114128634155
  },
  "after": {
    "pnr_detections": [
      2,
      4
    ],
    "total_photons": 6,
    "prob": 0.01056484741203266,
    "prob_gain": 2.445434021244196,
    "architecture": {
      "squeezings_r": [
        1.5340630221465654,
        1.4047967272557331,
        0.9799550779138281
      ],
      "squeezings_db": [
        13.324702108201587,
        12.201909336858247,
        8.511781657020935
      ],
      "max_squeezing_db": 13.324702108201587,
      "displacements_xp": [
        [
          0.0,
          0.0
        ],
        [
          0.0,
          0.0
        ],
        [
          0.0,
          0.0
        ]
      ],
      "U_passive_reim": [
        [
          [
            -0.14100893136493384,
            -0.04590940208990621
          ],
          [
            -0.1788772205739939,
            0.4770349592300205
          ],
          [
            -0.8130876080443913,
            -0.2394534137402359
          ]
        ],
        [
          [
            0.710504425511351,
            -0.3229318313717705
          ],
          [
            -0.20107034006340097,
            -0.4206267441299692
          ],
          [
            -0.3660805346621853,
            0.19881497988460822
          ]
        ],
        [
          [
            0.24272683781545318,
            -0.556768339522675
          ],
          [
            0.6653960869383697,
            0.28342987772754424
          ],
          [
            0.10131573669492003,
            -0.31263936365354683
          ]
        ]
      ]
    },
    "state_source": "architecture_rule",
    "wigner_negvol": 4.193575612922288
  },
  "k_eff_before": 2,
  "k_eff_after": 2,
  "herald_cutoff": 30
}