{
  "group": "B30_c30_a2p73_b1p41",
  "target_alpha": "(2.7320508+0j)",
  "target_beta": "(1+1j)",
  "design": "B30",
  "depth": 5,
  "provenance": "output/experiments/B30_c30_a2p73_b1p41/20260706-012550_p64_i300#64",
  "exp_O": 0.4913821895145739,
  "vs_gaussian": -0.597933810485426,
  "before": {
    "pnr_detections": [
      8,
      6,
      2,
      1,
      0
    ],
    "total_photons": 17,
    "prob": 5.973515802067789e-06,
    "architecture": {
      "squeezings_r": [
        1.921732539683482,
        1.6404530012923475,
        1.6401464379149502,
        1.3765224775034133,
        1.1779983615091734,
        0.8802437537458254
      ],
      "squeezings_db": [
        16.691956753569162,
        14.248793725657888,
        14.246130949994745,
        11.95632232391051,
        10.23196376189012,
        7.645700099632336
      ],
      "max_squeezing_db": 16.691956753569162,
      "displacements_xp": [
        [
          -0.1762462489070739,
          1.3249558363741412
        ],
        [
          -0.7514712441713681,
          -0.15211634221142037
        ],
        [
          -0.7067925996178541,
          0.20120723679328503
        ],
        [
          -0.7333273654627044,
          0.016526617217502204
        ],
        [
          -0.7517851308388548,
          -0.029937873043519816
        ],
        [
          -1.3699036770293955,
          -0.7646352001185295
        ]
      ],
      "U_passive_reim": [
        [
          [
            0.08298205836918995,
            0.6597919420883672
          ],
          [
            0.00047084248495984785,
            2.0957912423079822e-05
          ],
          [
            -0.005679424085329848,
            -0.00030680075504584136
          ],
          [
            0.710705438668918,
            0.1377807761172984
          ],
          [
            0.13394450668889205,
            0.03618238151802053
          ],
          [
            -0.04209183283970777,
            0.11246429749139342
          ]
        ],
        [
          [
            0.36589738582772596,
            0.012723885233097821
          ],
          [
            -0.016111488426017718,
            0.0012771802627428433
          ],
          [
            -0.8556844129994908,
            0.06738985698031931
          ],
          [
            -0.11006304659488525,
            0.30228677802933146
          ],
          [
            -0.013126606017805265,
            0.12585774258150909
          ],
          [
            0.07800840216189266,
            -0.0580502085092005
          ]
        ],
        [
          [
            0.4219249596345041,
            0.017727238028381456
          ],
          [
            -0.717964733582336,
            0.053781168936263356
          ],
          [
            0.3646118945472738,
            -0.030312356862692194
          ],
          [
            -0.11874989152410824,
            0.34837630741159187
          ],
          [
            -0.014057334084019001,
            0.14548849960404384
          ],
          [
            0.09039594388635439,
            -0.06659655331070169
          ]
        ],
        [
          [
            0.44626947298147346,
            0.018429019042651828
          ],
          [
            0.6918870724569812,
            -0.05162424964145099
          ],
          [
            0.35843594800922,
            -0.029867625116140162
          ],
          [
            -0.12645405655197975,
            0.3684857298764578
          ],
          [
            -0.01498128645527715,
            0.15384129740808405
          ],
          [
            0.09556302747741433,
            -0.07047342200248134
          ]
        ],
        [
          [
            -0.0695499827274566,
            -0.03897473981712437
          ],
          [
            4.9349170999306345e-06,
            4.2815349041116745e-05
          ],
          [
            -5.1538851497542154e-05,
            -0.0005131946256336271
          ],
          [
            -0.08082946879414783,
            0.14809071579603938
          ],
          [
            0.5198764223024038,
            -0.3976236858868893
          ],
          [
            0.6395558476402289,
            0.357451348089154
          ]
        ],
        [
          [
            0.19870446869804048,
            0.008665034482479125
          ],
          [
            -7.655227597506014e-05,
            4.378810877313652e-05
          ],
          [
            0.0009051337213338831,
            -0.0005298772918711448
          ],
          [
            -0.10857322947199843,
            0.2119686477985998
          ],
          [
            0.01081046564338427,
            -0.7007054824532196
          ],
          [
            -0.6052866346306389,
            0.21504543776779628
          ]
        ]
      ]
    },
    "wigner_negvol": 3.140723446913054
  },
  "after": {
    "pnr_detections": [
      4,
      2,
      2,
      1,
      0
    ],
    "total_photons": 9,
    "prob": 0.00036948121424071464,
    "prob_gain": 94.49768816732714,
    "architecture": {
      "squeezings_r": [
        1.4964405247409052,
        1.309927561461654,
        1.1740794242195218,
        1.0480390076862314,
        0.25368942978485004,
        1.0857981180832852e-13
      ],
      "squeezings_db": [
        12.997917247827633,
        11.37788623271558,
        10.197924305093709,
        9.1031511571498,
        2.2035183894548567,
        9.431122622890123e-13
      ],
      "max_squeezing_db": 12.997917247827633,
      "displacements_xp": [
        [
          -0.1633577314885397,
          0.06390940347121202
        ],
        [
          0.12121214824522303,
          0.04574490560498802
        ],
        [
          0.2108555654119206,
          -0.028837169604134974
        ],
        [
          -1.8726351422154728,
          -0.025432507882379902
        ],
        [
          -1.6089467045145719e-07,
          -8.830890199720845e-08
        ],
        [
          0.0,
          0.0
        ]
      ],