{
  "group": "B30_c30_a2p73_b1p41",
  "target_alpha": "(2.7320508+0j)",
  "target_beta": "(1+1j)",
  "design": "B30",
  "depth": 5,
  "provenance": "output/experiments/B30_c30_a2p73_b1p41/20260705-110134_p64_i300#64",
  "exp_O": 0.5015200825984145,
  "vs_gaussian": -0.5877959174015854,
  "before": {
    "pnr_detections": [
      6,
      6,
      2,
      1
    ],
    "total_photons": 15,
    "prob": 3.401571778939478e-05,
    "architecture": {
      "squeezings_r": [
        1.8155331527789913,
        1.5412235838753368,
        1.5302459922316407,
        1.5287382353213734,
        1.2774774271725873
      ],
      "squeezings_db": [
        15.769520599286587,
        13.386897957124248,
        13.291547807615357,
        13.278451597491747,
        11.096027947540358
      ],
      "max_squeezing_db": 15.769520599286587,
      "displacements_xp": [
        [
          0.18851935986537383,
          1.613254997998093
        ],
        [
          0.2871398649827438,
          0.5372674631452047
        ],
        [
          0.6113144214073291,
          0.3495528871595339
        ],
        [
          0.4592922235599498,
          0.45410260744661046
        ],
        [
          1.2627735325946168,
          -0.34905055679560804
        ]
      ],
      "U_passive_reim": [
        [
          [
            0.0607994366496887,
            0.6814227707111105
          ],
          [
            -0.22541148651175655,
            0.019698948003030677
          ],
          [
            0.0018948329299136727,
            -0.00032039912366467525
          ],
          [
            -1.2416550313751127e-06,
            2.140344197726374e-07
          ],
          [
            0.6756587196550569,
            0.15572299368005885
          ]
        ],
        [
          [
            -0.244215041000065,
            -0.3261378717658902
          ],
          [
            -0.06816971411579217,
            -0.0025087468638438997
          ],
          [
            0.5283421371025957,
            0.6338799066375633
          ],
          [
            0.0066850253845271036,
            0.008176188134093888
          ],
          [
            0.35909112624920925,
            -0.13904162028397557
          ]
        ],
        [
          [
            -0.23661779121278753,
            -0.32546460595035587
          ],
          [
            -0.11188941587753468,
            -0.0567612694347848
          ],
          [
            -0.2401963514978112,
            -0.28912005965295684
          ],
          [
            -0.46373248916578547,
            -0.5671396101167195
          ],
          [
            0.3490100360999659,
            -0.1501861102950889
          ]
        ],
        [
          [
            -0.2505390431683948,
            -0.3451727216719383
          ],
          [
            -0.12091201950545673,
            -0.06302113656350113
          ],
          [
            -0.266652985989759,
            -0.32093041104707487
          ],
          [
            0.4308071766076763,
            0.5268731645480321
          ],
          [
            0.3696220400353199,
            -0.15994951971701088
          ]
        ],
        [
          [
            0.14325478958036894,
            0.04010479881663573
          ],
          [
            -0.5864404318494464,
            -0.752265489137317
          ],
          [
            0.038138993640626666,
            0.04698653425163496
          ],
          [
            -0.0011224878149629584,
            -0.0013735333796429535
          ],
          [
            -0.18780972476115754,
            -0.17063401652305182
          ]
        ]
      ]
    },
    "wigner_negvol": 3.5270984978894346
  },
  "after": {
    "pnr_detections": [
      2,
      2,
      2,
      1
    ],
    "total_photons": 7,
    "prob": 0.0021713536693794087,
    "prob_gain": 61.05679450835352,
    "architecture": {
      "squeezings_r": [
        1.3199366979044302,
        1.2678775266255204,
        1.0494639908645043,
        0.9970880211959341,
        0.7166673593602323
      ],
      "squeezings_db": [
        11.46482448722987,
        11.012644270852135,
        9.115528403772378,
        8.660596511544535,
        6.224893590606474
      ],
      "max_squeezing_db": 11.46482448722987,
      "displacements_xp": [
        [
          0.362170159007245,
          0.45905442886987324
        ],
        [
          0.4366759960418924,
          0.45055749484191165
        ],
        [
          0.30725867817935504,
          0.27131810017525193
        ],
        [
          0.9866909806941324,
          -0.6751243583233284
        ],
        [
          0.0,
          0.0
        ]
      ],
      "U_passive_reim": [
        [
          [
            0.3219694427750832,
            0.2533399474202648
          ],
          [
            -0.2688809706693016,
            0.33338310418361833
          ],
          [
            -0.2575463801725404,
            -0.3021436640432244
          ],
          [
            0.44437197245484206,
            0.53694053588304
          ],
          [
            0.04807639487580589,
            -0.054858162870782656
          ]
        ],
        [
          [
            0.3147178336282135,
            0.2548456402558069
          ],
          [
            -0.2812483220278133,
            0.32007465463422147
          ],
          [
            -0.23428891306907235,
            -0.28334446761069243
          ],
          [
            -0.4434262804499029,
            -0.5633026005851431
          ],
          [
            0.048329432490158024,
            -0.05486510256236848
          ]
        ],
        [
          [
            0.32259755620533237,
            0.2889514361249925
          ],
          [
            -0.20433448617464642,
            0.2567573604319506
          ],
          [
            0.5259655937571066,
            0.6517559476914134
          ],
          [
            0.011409156100210406,
            0.010517141903718568
          ],
          [
            0.03668034453377831,
            -0.04182238582570514
          ]
        ],
        [
          [
            -0.08532187914726665,
            0.06653674661230075
          ],
          [
            -0.04105777708906083,
            -0.038537157304905034
          ],
          [
            0.009846092428569162,
            -0.006964476169517878
          ],
          [
            0.0012819626462197897,
            0.0004963121769618481
          ],
          [
            -0.6274451858107088,
            -0.7689521339595357
          ]
        ],
        [
          [
            0.27221575780690577,
            0.6283235134717348
          ],
          [
            0.6642339167589665,
            -0.28802057595303027
          ],
          [
            -0.034176133157504694,
            -0.06681771858164219
          ],
          [
            -0.006899222719746143,
            -0.0012070036141755265
          ],
          [
            0.02908461490750425,
            -0.020445261667167553
          ]
        ]
      ]
    },
    "state_source": "architecture_rule",
    "wigner_negvol": 2.7518924275234595
  },
  "k_eff_before": 4,
  "k_eff_after": 4,
  "herald_cutoff": 38
}