{
  "group": "B30_c30_a2p73_b1p41",
  "target_alpha": "(2.7320508+0j)",
  "target_beta": "(1+1j)",
  "design": "B30",
  "depth": 3,
  "provenance": "output/experiments/B30_c30_a2p73_b1p41/20260703-223259_p64_i4000#8413",
  "exp_O": 0.5096684323543262,
  "vs_gaussian": -0.5796475676456737,
  "before": {
    "pnr_detections": [
      8,
      6,
      2
    ],
    "total_photons": 16,
    "prob": 0.00015868980274248246,
    "architecture": {
      "squeezings_r": [
        1.9313863021442514,
        1.6643547334320827,
        1.5930870586628585,
        1.5883978205658202
      ],
      "squeezings_db": [
        16.775808268895503,
        14.456401533182225,
        13.837378375375229,
        13.796648170777745
      ],
      "max_squeezing_db": 16.775808268895503,
      "displacements_xp": [
        [
          0.031058741849898375,
          2.506250111771439
        ],
        [
          -0.006053639737239788,
          0.014169622031731166
        ],
        [
          -0.005327073303629983,
          0.017984514347040924
        ],
        [
          -0.005347725023976463,
          0.017354920772507453
        ]
      ],
      "U_passive_reim": [
        [
          [
            0.27737099066378484,
            0.6896026407478312
          ],
          [
            0.6508199495733573,
            -0.06842074833801735
          ],
          [
            -0.00010155493133970213,
            -2.8599483986203442e-05
          ],
          [
            0.1387996705783503,
            0.00040762975113291277
          ]
        ],
        [
          [
            0.3225209160152181,
            0.053589596593927674
          ],
          [
            0.02089287428531397,
            0.2679176218348254
          ],
          [
            -0.005621801264161906,
            0.0007538954548206565
          ],
          [
            -0.8773262650563035,
            0.2261824511729903
          ]
        ],
        [
          [
            0.39333769589656725,
            0.12556569561936992
          ],
          [
            -0.3182998422135237,
            0.38449496330925215
          ],
          [
            0.7072404886554575,
            -0.05076446536813497
          ],
          [
            0.27247299989440654,
            0.057964396812912364
          ]
        ],
        [
          [
            0.3928095960506408,
            0.1258621452317937
          ],
          [
            -0.3204621947633834,
            0.38430254424446103
          ],
          [
            -0.7033502216280548,
            0.0500014185688555
          ],
          [
            0.28109091052979857,
            0.057106057097743836
          ]
        ]
      ]
    },
    "wigner_negvol": 3.441099134936718
  },
  "after": {
    "pnr_detections": [
      4,
      2,
      2
    ],
    "total_photons": 8,
    "prob": 0.002089935371134431,
    "prob_gain": 10.94903167279323,
    "architecture": {
      "squeezings_r": [
        1.5327783357768616,
        1.3919964100722935,
        1.1491787467292465,
        0.9681397420962367
      ],
      "squeezings_db": [
        13.313543464174813,
        12.090727194470663,
        9.981639768500127,
        8.409154954072658
      ],
      "max_squeezing_db": 13.313543464174813,
      "displacements_xp": [
        [
          0.008810979950315632,
          -0.0018436326426188366
        ],
        [
          -0.003192522394580949,
          -0.002357273693117254
        ],
        [
          -0.001103666818969931,
          0.012776411153623435
        ],
        [
          0.0,
          0.0
        ]
      ],
      "U_passive_reim": [
        [
          [
            -0.782328190999129,
            0.1433153822815459
          ],
          [
            -0.05708270249178863,
            -0.340876060498018
          ],
          [
            0.47729644927127285,
            -0.10402122586264165
          ],
          [
            0.09479658164059465,
            -0.018699503133427026
          ]
        ],
        [
          [
            0.15255789543224116,
            0.004328902170029034
          ],
          [
            0.013916732846518655,
            0.4703058897984381
          ],
          [
            0.43173340789190884,
            -0.01460676360906524
          ],
          [
            0.7525329656430008,
            -0.049123174800941014
          ]
        ],
        [
          [
            0.16057132379847008,
            0.00043740335510116527
          ],
          [
            0.004260090202651417,
            0.373960163382374
          ],
          [
            0.6513701270986179,
            -0.035482098431032325
          ],
          [
            -0.6377313400905233,
            0.04592409571466236
          ]
        ],
        [
          [
            0.49383957091961234,
            -0.2728915329625634
          ],
          [
            -0.34979437857918566,
            -0.6300343733259782
          ],
          [
            0.33558959060656723,
            -0.19130654965513605
          ],
          [
            0.10202149071107777,
            -0.052214143123026364
          ]
        ]
      ]
    },
    "state_source": "architecture_rule",
    "wigner_negvol": 2.658930449541654
  },
  "k_eff_before": 3,
  "k_eff_after": 3,
  "herald_cutoff": 40
}