{
  "group": "B30_c30_a2p73_b1p41",
  "target_alpha": "(2.7320508+0j)",
  "target_beta": "(1+1j)",
  "design": "B30",
  "depth": 5,
  "provenance": "output/experiments/B30_c30_a2p73_b1p41/20260705-234930_p64_i300#49",
  "exp_O": 0.5012760682628926,
  "vs_gaussian": -0.5880399317371073,
  "before": {
    "pnr_detections": [
      6,
      6,
      2,
      1
    ],
    "total_photons": 15,
    "prob": 3.3749426533967636e-05,
    "architecture": {
      "squeezings_r": [
        1.8340097725948854,
        1.5608821685651575,
        1.547719204586605,
        1.5473765763748693,
        1.2746084752386846
      ],
      "squeezings_db": [
        15.93000647989193,
        13.557650254180585,
        13.443318201753053,
        13.44034217091903,
        11.071108547665565
      ],
      "max_squeezing_db": 15.93000647989193,
      "displacements_xp": [
        [
          0.09535660396218337,
          1.7439743538374919
        ],
        [
          0.23420814057155614,
          0.4582601811454294
        ],
        [
          0.528826485358889,
          0.21872483639015855
        ],
        [
          0.39625336772533737,
          0.35204081489630645
        ],
        [
          1.1027410562941908,
          -0.6806924502151013
        ]
      ],
      "U_passive_reim": [
        [
          [
            0.07709547020268934,
            0.6850823719500427
          ],
          [
            0.21905004793188448,
            -0.018194671991989254
          ],
          [
            0.00014398249359655978,
            -3.983088515262476e-05
          ],
          [
            2.020186919236523e-07,
            -5.505354862039458e-08
          ],
          [
            -0.6762819129848,
            -0.13801164581944372
          ]
        ],
        [
          [
            -0.26128234141927786,
            -0.30714743879455303
          ],
          [
            0.08162024619916534,
            0.0178667020487698
          ],
          [
            0.5818483299101873,
            0.5849384047624355
          ],
          [
            -0.010660507731520552,
            -0.01079181124545891
          ],
          [
            -0.34888549544039704,
            0.16661119513302264
          ]
        ],
        [
          [
            -0.2585900540325419,
            -0.3074282475535246
          ],
          [
            0.09786918870483931,
            0.034751225781178605
          ],
          [
            -0.2633923876893794,
            -0.2648482661378757
          ],
          [
            0.5165767314801053,
            0.522936405517876
          ],
          [
            -0.34494331740435547,
            0.17033197250392876
          ]
        ],
        [
          [
            -0.2743849404085317,
            -0.32649148353570634
          ],
          [
            0.10522761129611571,
            0.038258664755139025
          ],
          [
            -0.29863166181112044,
            -0.30027932522164696
          ],
          [
            -0.47635767354734504,
            -0.482222311270981
          ],
          [
            -0.36598737849854607,
            0.18118870163695378
          ]
        ],
        [
          [
            0.13658790212520155,
            0.013763656209370716
          ],
          [
            0.6600421688073448,
            0.6969409449713484
          ],
          [
            0.014573877034781888,
            0.0147806239661443
          ],
          [
            0.0006651437476200426,
            0.0006735065757259912
          ],
          [
            0.1946718333891153,
            0.1464345515931277
          ]
        ]
      ]
    },
    "wigner_negvol": 3.52752118502043
  },
  "after": {
    "pnr_detections": [
      2,
      2,
      2,
      1
    ],
    "total_photons": 7,
    "prob": 0.002225221386278075,
    "prob_gain": 64.1329773605404,
    "architecture": {
      "squeezings_r": [
        1.3207530989659653,
        1.2702985796677824,
        1.0536955800857097,
        1.0039192103744066,
        0.7030242642505445
      ],
      "squeezings_db": [
        11.471915656750763,
        11.033673270385124,
        9.152283520741394,
        8.719931466845491,
        6.106391172162101
      ],
      "max_squeezing_db": 11.471915656750763,
      "displacements_xp": [
        [
          0.3520844805685609,
          0.3846879181534971
        ],
        [
          0.4166724523103459,
          0.35521372453632116
        ],
        [
          0.28430021677759715,
          0.23589192902988737
        ],
        [
          0.9157672553382523,
          -0.8313926941783748
        ],
        [
          0.0,
          0.0
        ]
      ],
      "U_passive_reim": [
        [
          [
            0.32154552040688683,
            0.2549605062650478
          ],
          [
            -0.2691621090474391,
            0.3333014413414563
          ],
          [
            -0.27448777990147954,
            -0.27347886603783317
          ],
          [
            -0.493205864666532,
            -0.4992890591812372
          ],
          [
            -0.047071220101759265,
            0.05633831731761566
          ]
        ],
        [
          [
            0.317781202118328,
            0.2548523078766076
          ],
          [
            -0.2743754893301034,
            0.3284155235508925
          ],
          [
            -0.26172577292795934,
            -0.2639183034714128
          ],
          [
            0.49563717485663855,
            0.5115867607942468
          ],
          [
            -0.047181331048537736,
            0.056304453239148865
          ]
        ],
        [
          [
            0.3267284060964154,
            0.27665252038104965
          ],
          [
            -0.20296915409520966,
            0.25649666126362514
          ],
          [
            0.5887922038981337,
            0.5998848394694971
          ],
          [
            -0.006498040036961086,
            -0.005313653395317958
          ],
          [
            -0.03577459464584548,
            0.04285505580010026
          ]
        ],
        [
          [
            -0.07989151249519487,
            0.07682514862436234
          ],
          [
            -0.040748582587742034,
            -0.03576241316833551
          ],
          [
            0.008641414159471266,
            -0.007796469655610475
          ],
          [
            -0.0005803638733776691,
            -4.034886459955759e-05
          ],
          [
            0.6969561089370946,
            0.7063230354298116
          ]
        ],
        [
          [
            0.6822567440809428,
            0.06798482804411356
          ],
          [
            0.07160548654987405,
            -0.7199093591296154
          ],
          [
            -0.07086985928108465,
            -0.004054807590829377
          ],
          [
            0.0024822601590824174,
            -0.0020562145201786634
          ],
          [
            0.00010272725111951237,
            0.038178379218722136
          ]
        ]
      ]
    },
    "state_source": "architecture_rule",
    "wigner_negvol": 2.7215138456621406
  },
  "k_eff_before": 4,
  "k_eff_after": 4,
  "herald_cutoff": 38
}