{
  "group": "B30_c30_a2p73_b1p41",
  "target_alpha": "(2.7320508+0j)",
  "target_beta": "(1+1j)",
  "design": "B30",
  "depth": 5,
  "provenance": "output/experiments/B30_c30_a2p73_b1p41/20260707-095621_p64_i300#57",
  "exp_O": 0.7574312976907878,
  "vs_gaussian": -0.3318847023092122,
  "before": {
    "pnr_detections": [
      4,
      2
    ],
    "total_photons": 6,
    "prob": 0.006317745298787533,
    "architecture": {
      "squeezings_r": [
        1.87556309894061,
        1.5907230284271483,
        1.1516728024135336
      ],
      "squeezings_db": [
        16.29093408662539,
        13.816844669646802,
        10.003302860925034
      ],
      "max_squeezing_db": 16.29093408662539,
      "displacements_xp": [
        [
          0.0,
          0.0
        ],
        [
          0.0,
          0.0
        ],
        [
          0.0,
          0.0
        ]
      ],
      "U_passive_reim": [
        [
          [
            0.035121957580926455,
            0.6667090431630285
          ],
          [
            -0.03544955589222563,
            0.0023843546431650884
          ],
          [
            0.7221884898833232,
            0.17733281924209096
          ]
        ],
        [
          [
            -0.5497837870781598,
            0.13117751597577992
          ],
          [
            0.6314214890775378,
            -0.15387725134709346
          ],
          [
            0.060998922089142815,
            -0.5044185493430554
          ]
        ],
        [
          [
            -0.47612500894341825,
            0.09000401372923825
          ],
          [
            -0.734412981580099,
            0.19236400644501547
          ],
          [
            0.010056753411223359,
            -0.43443846122682817
          ]
        ]
      ]
    },
    "wigner_negvol": 3.9727042780775936
  },
  "after": {
    "pnr_detections": [
      2,
      2
    ],
    "total_photons": 4,
    "prob": 0.020850869451474463,
    "prob_gain": 2.925122284730389,
    "architecture": {
      "squeezings_r": [
        1.294475852167533,
        1.1153230994174796,
        1.0431829784729265
      ],
      "squeezings_db": [
        11.243674391067383,
        9.687573352324867,
        9.060972223323814
      ],
      "max_squeezing_db": 11.243674391067383,
      "displacements_xp": [
        [
          0.0,
          0.0
        ],
        [
          0.0,
          0.0
        ],
        [
          0.0,
          0.0
        ]
      ],
      "U_passive_reim": [
        [
          [
            -0.50655302261626,
            0.16358731297662416
          ],
          [
            -0.2603169801092933,
            -0.45887438743509446
          ],
          [
            -0.6081644423065318,
            0.2616268408406277
          ]
        ],
        [
          [
            -0.5422845739745145,
            0.14122018655368185
          ],
          [
            0.019718914594966323,
            -0.3841311973202766
          ],
          [
            0.7259899953797468,
            -0.10477220051150773
          ]
        ],
        [
          [
            0.24444905917038373,
            -0.5855528870402359
          ],
          [
            -0.6939381035321529,
            -0.30360115701612334
          ],
          [
            0.14951022617685555,
            -0.03599183439022536
          ]
        ]
      ]
    },
    "state_source": "architecture_rule",
    "wigner_negvol": 3.4407294134875297
  },
  "k_eff_before": 2,
  "k_eff_after": 2,
  "herald_cutoff": 30
}