{
  "group": "B30_c30_a2p73_b1p41",
  "target_alpha": "(2.7320508+0j)",
  "target_beta": "(1+1j)",
  "design": "B30",
  "depth": 4,
  "provenance": "output/experiments/B30_c30_a2p73_b1p41/20260706-203222_p64_i300#17",
  "exp_O": 0.660481551251548,
  "vs_gaussian": -0.428834448748452,
  "before": {
    "pnr_detections": [
      2,
      8,
      1
    ],
    "total_photons": 11,
    "prob": 0.0007465056792664308,
    "architecture": {
      "squeezings_r": [
        1.7461570231983645,
        1.5411652883893199,
        1.4424461708461196,
        1.3180628083940165
      ],
      "squeezings_db": [
        15.166927194233164,
        13.386391608966306,
        12.5289282488189,
        11.448548089748488
      ],
      "max_squeezing_db": 15.166927194233164,
      "displacements_xp": [
        [
          -0.7831525316807502,
          -0.58095251597894
        ],
        [
          0.5041644984952016,
          0.4624237610356206
        ],
        [
          0.694738900673486,
          0.0986542275126987
        ],
        [
          0.4499473688511175,
          1.2240429868466642
        ]
      ],
      "U_passive_reim": [
        [
          [
            0.3124031004672058,
            0.629546463951657
          ],
          [
            0.5022595529311742,
            -0.2788725261890333
          ],
          [
            -0.045685054348623404,
            0.056363133336470604
          ],
          [
            0.3896347006661914,
            -0.13770214674140546
          ]
        ],
        [
          [
            -0.47027647791608856,
            -0.14216548865431897
          ],
          [
            0.39310764246832114,
            -0.19454136215200557
          ],
          [
            -0.3059482641432323,
            -0.03526322698584309
          ],
          [
            -0.28993666433253323,
            -0.6223647991054505
          ]
        ],
        [
          [
            -0.4927364096767163,
            0.10620325156894064
          ],
          [
            -0.4573181769259381,
            -0.3441526550100713
          ],
          [
            0.3071915591071008,
            0.1452025566842732
          ],
          [
            0.5017334200752271,
            -0.22619432743340923
          ]
        ],
        [
          [
            0.032593421607616926,
            0.09784645881150056
          ],
          [
            -0.3872923672629455,
            -0.0030253650825428097
          ],
          [
            -0.8839964615467654,
            -0.05466312302129918
          ],
          [
            0.23102163003704182,
            0.039375299380723275
          ]
        ]
      ]
    },
    "wigner_negvol": 4.200171808722311
  },
  "after": {
    "pnr_detections": [
      2,
      4,
      1
    ],
    "total_photons": 7,
    "prob": 0.003633783265038698,
    "prob_gain": 7.063082526623461,
    "architecture": {
      "squeezings_r": [
        1.4990924368848944,
        1.3717865987464326,
        0.9929237898392824,
        0.7231432122914533
      ],
      "squeezings_db": [
        13.020951464040168,
        11.915187003688118,
        8.62442645755329,
        6.281142134479398
      ],
      "max_squeezing_db": 13.020951464040168,
      "displacements_xp": [
        [
          0.30362098251782027,
          0.31447106324604995
        ],
        [
          -1.1078077295735473,
          -0.09031342457134539
        ],
        [
          0.04643435854112207,
          1.1556723565162268
        ],
        [
          0.0,
          0.0
        ]
      ],
      "U_passive_reim": [
        [
          [
            -0.13232722869838698,
            -0.08078207528627356
          ],
          [
            -0.3957458369731097,
            0.3168251547571377
          ],
          [
            -0.6323060849392808,
            -0.5587830099104444
          ],
          [
            0.034876235438386805,
            -0.07553162036422711
          ]
        ],
        [
          [
            0.7706904275419049,
            0.03225665809181145
          ],
          [
            -0.0325752058634768,
            -0.4697584440124614
          ],
          [
            -0.41991048563176764,
            0.033870363591220136
          ],
          [
            -0.010438973067301346,
            0.07537004387660337
          ]
        ],
        [
          [
            -0.006816206702098215,
            0.09746649000777342
          ],
          [
            0.04196805598378114,
            0.009683359211374701
          ],
          [
            -0.028315045773405313,
            0.048491419814865565
          ],
          [
            0.9906219861371871,
            0.06413780828722321
          ]
        ],
        [
          [
            -0.22431816536507992,
            -0.5666522011785348
          ],
          [
            0.6620778700036394,
            -0.2847292098754182
          ],
          [
            -0.21310429652542787,
            -0.24882110943500513
          ],
          [
            0.036496027555496385,
            -0.022615679440046665
          ]
        ]
      ]
    },
    "state_source": "architecture_rule",
    "wigner_negvol": 3.8337635797623077
  },
  "k_eff_before": 3,
  "k_eff_after": 3,
  "herald_cutoff": 30
}