{
 "homodyne_x": [
  -0.830534040927887,
  1.2438981533050537,
  1.1534647941589355,
  -1.2578678131103516,
  -1.313660740852356,
  -1.360144019126892,
  1.3691821098327637
 ],
 "homodyne_window": 0.1,
 "mix_params": [
  [
   0.7853981633974483,
   0.0,
   0.0
  ],
  [
   0.7853981633974483,
   0.0,
   0.0
  ],
  [
   0.7853981633974483,
   0.0,
   0.0
  ],
  [
   0.7853981633974483,
   0.0,
   0.0
  ],
  [
   0.7853981633974483,
   0.0,
   0.0
  ],
  [
   0.7853981633974483,
   0.0,
   0.0
  ],
  [
   0.7853981633974483,
   0.0,
   0.0
  ]
 ],
 "mix_source": [
  0,
  0,
  0,
  0,
  0,
  0,
  0
 ],
 "leaf_active": [
  false,
  false,
  false,
  false,
  false,
  false,
  true,
  false
 ],
 "leaf_params.n_ctrl": [
  2,
  0,
  1,
  1,
  1,
  2,
  0,
  1
 ],
 "leaf_params.pnr": [
  [
   0,
   0
  ],
  [
   15,
   15
  ],
  [
   3,
   15
  ],
  [
   15,
   0
  ],
  [
   11,
   15
  ],
  [
   0,
   15
  ],
  [
   0,
   3
  ],
  [
   15,
   0
  ]
 ],
 "leaf_params.r": [
  [
   0.20132733712227266,
   -1.075019102382071,
   1.7890094894027984
  ],
  [
   1.8683814646225432,
   -0.6555022706848571,
   0.5095818645073193
  ],
  [
   0.7678316020059484,
   -1.0336395164608803,
   1.7803988688471464
  ],
  [
   -1.360677118591878,
   -1.8677248243803763,
   1.8683814646225432
  ],
  [
   -1.7552666348526833,
   -0.8813699475787637,
   -1.8683814646225432
  ],
  [
   1.8683814646225432,
   -1.7790549602372794,
   -1.2902461877559608
  ],
  [
   1.7269296052455207,
   1.6592804191451536,
   -1.8218242687285513
  ],
  [
   1.8683814646225432,
   -1.5310602292355688,
   1.5479557166575748
  ]
 ],
 "leaf_params.phases": [
  [
   2.4810327566528017,
   0.000285243221608476,
   6.263235330575403,
   2.927074931089319,
   5.55014863733655,
   6.183590078210588,
   0.07024529764861658,
   6.22578909613703,
   1.6394809672098989
  ],
  [
   2.468039723393814,
   5.8945454346371475,
   0.000285243221608476,
   5.435308452242386,
   6.282900063957977,
   4.606931552768107,
   6.262292786481658,
   0.49327260691468416,
   4.601242408491138
  ],
  [
   1.5942443605872705,
   6.278528616453851,
   6.06090348581182,
   0.010354213659568129,
   6.273652780199621,
   6.282900063957977,
   0.1309786041243726,
   4.659251675768274,
   1.9358440821121472
  ],
  [
   5.474777398854508,
   6.282900063957977,
   0.8950338112070403,
   6.273073335745322,
   5.971790107000039,
   3.5378641842602736,
   2.25152597667038,
   0.000285243221608476,
   0.000285243221608476
  ],
  [
   0.3274495872985784,
   0.000285243221608476,
   0.050673534698033026,
   0.02881719735296291,
   0.15130565710274338,
   3.252203628687715,
   0.14368942534750667,
   6.0334353994336025,
   0.21012565579117773
  ],
  [
   5.936028906014795,
   6.27728554801999,
   6.242996408437416,
   0.0010059910067543023,
   4.142598535623676,
   0.0021029349861993413,
   1.7587773511481803,
   3.1886351927543273,
   4.1835361656192624
  ],
  [
   6.282900063957977,
   6.2578734213713245,
   3.231245603950059,
   0.25874388868417436,
   0.10666423599250517,
   5.762017801077782,
   0.14029764664121927,
   0.03637768810478665,
   6.00536990838919
  ],
  [
   6.197787798734304,
   6.282900063957977,
   0.5204087639014576,
   5.806271311246374,
   0.05193780689246054,
   5.140557348986704,
   5.295382123145584,
   6.2809567792343035,
   6.282900063957977
  ]
 ],
 "leaf_params.disp": [
  [
   "(1.9010039071129474-0.40002999775552406j)",
   "(-0.6120647491289578+0.46207143863536126j)",
   "(2.158941548624712+1.8155579350254372j)"
  ],
  [
   "(-2.2358649520588854+2.235846744367981j)",
   "(-2.065680049289999-1.4576028796387994j)",
   "(1.5309485102554286+2.235248900765487j)"
  ],
  [
   "(-2.228255413688913-2.0199986100881633j)",
   "(-2.1776761181454822-1.459819836434652j)",
   "(-2.1919828980010654+2.2358649520588854j)"
  ],
  [
   "(1.7162083545242846-0.3294482220436074j)",
   "(-1.0950205353424272-2.2340241422475597j)",
   "(2.1409985784080816+1.656643392284538j)"
  ],
  [
   "(-0.05803573823872092-2.233011282380424j)",
   "(-2.2358649520588854-2.2349006581626183j)",
   "(2.160808442875202-0.30609030803426235j)"
  ],
  [
   "(-1.8862248815006848-1.1777917747432767j)",
   "(2.04013357334052-2.105791755209177j)",
   "(-1.930077337171156+1.3801975713729362j)"
  ],
  [
   "(0.9527664863114463-0.5579802915415926j)",
   "(-0.7770595258520361-2.2353071447176087j)",
   "(1.1086174960967408-2.187352408760191j)"
  ],
  [
   "(-1.9212531320841577+1.1115426898005454j)",
   "(2.2351395220660617+1.4059508526519409j)",
   "(1.3506914132810361-0.33089703743829657j)"
  ]
 ],
 "leaf_params.pnr_max": [
  15,
  15,
  15,
  15,
  15,
  15,
  15,
  15
 ],
 "final_gauss.r": 0.20711204069518746,
 "final_gauss.phi": 1.5706537051840923,
 "final_gauss.varphi": 1.5706537051840923,
 "final_gauss.disp": "(-0.3969288915624134-1.1857578572117011j)"
}