{
  "group": "0_c30_a1p00_b1p41",
  "target_alpha": "(1+0j)",
  "target_beta": "(1+1j)",
  "design": "0",
  "depth": 3,
  "provenance": "output_old/experiments/0_c30_a1p00_b1p41/20260226-122845_p64_i2500#1054",
  "exp_O": 1.0482863964690572,
  "vs_gaussian": 0.0482863964690571,
  "before": {
    "pnr_detections": [
      0,
      1,
      3,
      0
    ],
    "total_photons": 4,
    "prob": 0.022041096779361342,
    "architecture": {
      "squeezings_r": [
        1.3107787639743749,
        0.8633525759994601,
        0.13121419478912624,
        0.0007233742994647881,
        4.501670850947842e-05
      ],
      "squeezings_db": [
        11.385279683800718,
        7.4989851938704675,
        1.1397120148859188,
        0.0062831493321637575,
        0.00039101016198227277
      ],
      "max_squeezing_db": 11.385279683800718,
      "displacements_xp": [
        [
          0.09592020953383318,
          -0.6598436367039986
        ],
        [
          -1.4445258019198566e-06,
          2.916790738275327e-06
        ],
        [
          0.2520681461720093,
          1.060732828331838
        ],
        [
          0.6787216594221581,
          1.5584571684460715
        ],
        [
          -0.0004534121020522502,
          0.003894298817796926
        ]
      ],
      "U_passive_reim": [
        [
          [
            -0.9293634334453531,
            0.05405397814101345
          ],
          [
            0.21547835045182498,
            0.2818312859294165
          ],
          [
            0.02119904981027982,
            -0.08397965864325113
          ],
          [
            6.210831626099572e-07,
            -8.028772798867144e-07
          ],
          [
            -7.544235837453898e-09,
            1.5105434653467782e-09
          ]
        ],
        [
          [
            1.0923180583609053e-08,
            1.4300928935860833e-08
          ],
          [
            1.910364751634004e-09,
            2.5793302559110816e-08
          ],
          [
            4.272515107511996e-08,
            7.035397395687007e-08
          ],
          [
            -5.052674881814901e-11,
            4.1142208998703926e-11
          ],
          [
            -0.9503945785091836,
            -0.3110468536094566
          ]
        ],
        [
          [
            0.1404863208988767,
            -0.1640030522435439
          ],
          [
            0.360234845186216,
            -0.024831449644700215
          ],
          [
            -0.2303840544258673,
            -0.8774417561089943
          ],
          [
            -3.2241519952609527e-06,
            -3.09290276083713e-06
          ],
          [
            -5.804326855679229e-08,
            -5.521304353688751e-08
          ]
        ],
        [
          [
            0.29022697211741605,
            0.04996672064465579
          ],
          [
            0.31059428208531087,
            0.8045406478951602
          ],
          [
            -0.3406089124157937,
            0.23130658892988415
          ],
          [
            -3.855374539967604e-07,
            2.079578055975892e-06
          ],
          [
            1.822116580447116e-08,
            3.0970746627520155e-08
          ]
        ],
        [
          [
            4.814276164239941e-07,
            4.863362166319658e-07
          ],
          [
            -2.421937816224992e-07,
            -6.530956269282831e-07
          ],
          [
            -3.4760341848268432e-06,
            -3.5254138723324033e-06
          ],
          [
            0.9768638619216818,
            0.2138620939904744
          ],
          [
            -2.3096965199043132e-11,
            -6.11151720110486e-11
          ]
        ]
      ]
    },
    "wigner_negvol": 1.4791002085079565
  },
  "after": {
    "pnr_detections": [
      0,
      1,
      1,
      0
    ],
    "total_photons": 2,
    "prob": 0.05960741393998266,
    "prob_gain": 2.7495819210484482,
    "architecture": {
      "squeezings_r": [
        0.8848828938184503,
        0.6628175416856403,
        0.21306486625768098,
        1.0669640723671638e-08,
        1.1102230246251564e-16
      ],
      "squeezings_db": [
        7.685995158318682,
        5.7571600172550434,
        1.850657914063304,
        9.267532180361621e-08,
        9.64327466553287e-16
      ],
      "max_squeezing_db": 7.685995158318682,
      "displacements_xp": [
        [
          -2.2476571904579402e-08,
          4.425244573466477e-08
        ],
        [
          0.20807003676511987,
          -1.5865834242668213
        ],
        [
          0.6286608314599231,
          1.2431132641831457
        ],
        [
          -4.787724463660366e-12,
          4.10643945977648e-11
        ],
        [
          0.0,
          0.0
        ]
      ],
      "U_passive_reim": [
        [
          [
            -2.062164045535579e-10,
            -4.97530124663658e-10
          ],
          [
            -3.3496176482623464e-10,
            -1.8633306166346016e-10
          ],
          [
            5.251010001605061e-10,
            7.55745987629668e-10
          ],
          [
            0.9503945999003591,
            0.31104678824934423
          ],
          [
            -1.2236590783512104e-08,
            -1.8276018180649327e-08
          ]
        ],
        [
          [
            0.4646072545182297,
            -0.18543990408966243
          ],
          [
            -0.03282323851085214,
            -0.3951984251616374
          ],
          [
            0.14331387250770128,
            0.7562764803499562
          ],
          [
            -4.788826170548789e-10,
            -8.769251249141407e-10
          ],
          [
            -2.3033443412744094e-14,
            -3.063126597307148e-16
          ]
        ],
        [
          [
            -0.4084502199597727,
            -0.45733904310934836
          ],
          [
            -0.2883487150120248,
            0.3838696448184259
          ],
          [
            -0.4696456611146794,
            0.4158623387572927
          ],
          [
            -2.966951131890477e-10,
            -3.9391286462970064e-10
          ],
          [
            -1.2628569200722457e-14,
            -3.027719600562903e-14
          ]
        ],
        [
          [
            -3.246240225848704e-16,
            -2.6495687894060946e-15
          ],
          [
            -1.174542420606959e-14,
            -1.0313774450820656e-14
          ],
          [
            -2.5382452114015835e-14,
            -2.9423763392751416e-14
          ],
          [
            -1.0386375194098462e-08,
            1.9387372329299033e-08
          ],
          [
            -0.9153317260238838,
            0.4027006721302285
          ]
        ],
        [
          [
            -0.589270925755882,
            0.1628537213013431
          ],
          [
            -0.20803130303544273,
            -0.7542963151565101
          ],
          [
            -0.11646892438948946,
            0.020820112087930068
          ],
          [
            -1.9944486529062926e-10,
            -5.063694087698588e-11
          ],
          [
            1.1818428712733188e-14,
            -3.903162579494439e-15
          ]
        ]
      ]
    },
    "state_source": "architecture_rule",
    "wigner_negvol": 1.7989047975736352
  },
  "k_eff_before": 2,
  "k_eff_after": 2,
  "herald_cutoff": 30
}