{
  "group": "0_c30_a1p00_b1p41",
  "target_alpha": "(1+0j)",
  "target_beta": "(1+1j)",
  "design": "0",
  "depth": 3,
  "provenance": "experiments/0_c30_a1p00_b1p41/20260226-122845_p64_i2500#502",
  "exp_O": 1.0771994212719422,
  "vs_gaussian": 0.0771994212719422,
  "before": {
    "pnr_detections": [
      0,
      0
    ],
    "total_photons": 0,
    "prob": 0.9867289947683605,
    "architecture": {
      "squeezings_r": [
        1.4771509433076375,
        0.0008078933992588408,
        0.0003125213040872408
      ],
      "squeezings_db": [
        12.830370072333801,
        0.007017272905283504,
        0.002714525556845937
      ],
      "max_squeezing_db": 12.830370072333801,
      "displacements_xp": [
        [
          -0.2883376473553305,
          -0.0031627101426270343
        ],
        [
          1.1304450308629958e-05,
          1.0211615022067207e-05
        ],
        [
          2.0810897278660154e-06,
          0.00011932858912195637
        ]
      ],
      "U_passive_reim": [
        [
          [
            -0.9999980732084692,
            0.001963048013776172
          ],
          [
            3.0984416509830655e-06,
            3.4987833620198543e-06
          ],
          [
            3.3477061483688376e-08,
            5.013977375183757e-08
          ]
        ],
        [
          [
            3.2024173967064225e-06,
            3.4038724830574805e-06
          ],
          [
            -0.0929228743334663,
            0.9956733095658111
          ],
          [
            4.693511164741241e-06,
            -2.5499067231570457e-08
          ]
        ],
        [
          [
            -1.2248777382459825e-08,
            5.903637235128995e-08
          ],
          [
            1.3120547529697893e-06,
            4.506463021697643e-06
          ],
          [
            -0.9279927442326326,
            0.37259826439418164
          ]
        ]
      ]
    },
    "wigner_negvol": 0.7081652442366884
  },
  "after": {
    "pnr_detections": [
      0,
      0
    ],
    "total_photons": 0,
    "prob": 1.0,
    "prob_gain": 1.000001340298798,
    "architecture": {
      "squeezings_r": [
        1.5505374761890894e-12,
        2.109423746787793e-15
      ],
      "squeezings_db": [
        1.3467797397862324e-11,
        1.8322221864512416e-14
      ],
      "max_squeezing_db": 1.3467797397862324e-11,
      "displacements_xp": [
        [
          1.192223899729165e-13,
          1.0752922228373755e-13
        ],
        [
          1.4836103467436973e-10,
          8.406617114723453e-09
        ]
      ],
      "U_passive_reim": [
        [
          [
            0.0,
            0.0
          ],
          [
            1.0,
            0.0
          ]
        ],
        [
          [
            1.0,
            0.0
          ],
          [
            0.0,
            0.0
          ]
        ]
      ]
    },
    "state_source": "architecture_rule",
    "wigner_negvol": 0.7081652442366884
  },
  "k_eff_before": 0,
  "k_eff_after": 0,
  "herald_cutoff": 30
}