{
  "group": "0_c30_a1p00_b1p41",
  "target_alpha": "(1+0j)",
  "target_beta": "(1+1j)",
  "design": "0",
  "depth": 3,
  "provenance": "output_old/experiments/0_c30_a1p00_b1p41/20260226-125913_p64_i2500#1054",
  "exp_O": 1.037450674296167,
  "vs_gaussian": 0.0374506742961671,
  "before": {
    "pnr_detections": [
      0,
      4,
      0,
      0
    ],
    "total_photons": 4,
    "prob": 0.001274176267053841,
    "architecture": {
      "squeezings_r": [
        1.133485852736009,
        0.5455989114007637,
        0.3694201604673935,
        0.35451687510643376,
        0.15323436615126823
      ],
      "squeezings_db": [
        9.845333023173012,
        4.739011931075457,
        3.2087427438960563,
        3.07929445200617,
        1.3309767931487646
      ],
      "max_squeezing_db": 9.845333023173012,
      "displacements_xp": [
        [
          0.5452088097173262,
          0.9914005258271941
        ],
        [
          -0.5168397647743556,
          0.04073509715289392
        ],
        [
          0.5633805007263456,
          0.3077803719933796
        ],
        [
          0.10214144446821986,
          0.8372241581469553
        ],
        [
          -1.1976558048953208,
          1.3934731446558475
        ]
      ],
      "U_passive_reim": [
        [
          [
            -0.9647508685937691,
            -0.002200922262671758
          ],
          [
            0.003930910235723161,
            0.00032833664737998966
          ],
          [
            -0.016288697535135118,
            -0.2626213215632696
          ],
          [
            -6.393797018167233e-05,
            -0.00025362206125537995
          ],
          [
            -7.369740355769914e-05,
            5.9816201119898606e-05
          ]
        ],
        [
          [
            0.0034519297043021997,
            -0.002446292160439651
          ],
          [
            0.8911341748333099,
            -0.45371879219697553
          ],
          [
            -0.0010990075718857134,
            0.0001790764472021828
          ],
          [
            -1.1518941397000869e-06,
            2.389146901328063e-07
          ],
          [
            -5.6219703738618505e-08,
            2.2737051221710188e-07
          ]
        ],
        [
          [
            -0.019914115868309972,
            0.26236696257057396
          ],
          [
            0.0012713665579178414,
            -0.0014013627732254437
          ],
          [
            0.9646956371619034,
            0.011139699186369562
          ],
          [
            0.0012806233403536763,
            -9.370039597012924e-06
          ],
          [
            0.00013795779902289312,
            -1.9407833329644804e-05
          ]
        ],
        [
          [
            5.991657674342018e-05,
            -9.576418696852931e-05
          ],
          [
            -4.630663644625849e-07,
            4.4769256932052373e-07
          ],
          [
            -1.1045291903135722e-05,
            -0.00012464009239860605
          ],
          [
            -5.396350924114252e-09,
            -1.3547555063130435e-07
          ],
          [
            0.40660710380722087,
            0.9136031056838327
          ]
        ],
        [
          [
            1.651547411449881e-05,
            9.608269504333902e-05
          ],
          [
            2.6210849696015674e-07,
            -4.5586857203001294e-07
          ],
          [
            0.0012729863933659648,
            0.0002801754321402429
          ],
          [
            -0.9821836523473315,
            -0.1879190372583443
          ],
          [
            3.894369795452579e-08,
            1.1602660942589798e-08
          ]
        ]
      ]
    },
    "wigner_negvol": 1.42411002581453
  },
  "after": {
    "pnr_detections": [
      0,
      2,
      0,
      0
    ],
    "total_photons": 2,
    "prob": 0.13666914109214248,
    "prob_gain": 82.16068463798655,
    "architecture": {
      "squeezings_r": [
        0.9339356468955409,
        0.703753324963341,
        1.1102230246251554e-15,
        2.2204460492503126e-16,
        0.0
      ],
      "squeezings_db": [
        8.112061957989544,
        6.112723713052899,
        9.64327466553286e-15,
        1.928654933106574e-15,
        0.0
      ],
      "max_squeezing_db": 8.112061957989544,
      "displacements_xp": [
        [
          0.0,
          0.0
        ],
        [
          -2.0563583973251456,
          -0.10620103376804828
        ],
        [
          4.6447762074341113e-10,
          1.9110062235659492e-08
        ],
        [
          0.0,
          0.0
        ],
        [
          0.0,
          0.0
        ]
      ],
      "U_passive_reim": [
        [
          [
            -6.736514648135897e-16,
            -1.9654615125790457e-16
          ],
          [
            -8.971752189128372e-18,
            2.8745618036488947e-16
          ],
          [
            -0.02334919336936777,
            -0.019254105305107815
          ],
          [
            0.14614266665997727,
            -0.07565129112624785
          ],
          [
            0.06384844819713711,
            0.9838326450129441
          ]
        ],
        [
          [
            -0.7880872740067992,
            0.030100975841381054
          ],
          [
            0.023466197220522157,
            0.6143791316361067
          ],
          [
            -3.4906513632022835e-12,
            -3.1809128233583608e-12
          ],
          [
            -1.16187214548476e-12,
            -1.0647245889612137e-12
          ],
          [
            -2.426181650250555e-13,
            -3.815993046924932e-14
          ]
        ],
        [
          [
            -1.4655440698556222e-13,
            -1.1664202292543536e-12
          ],
          [
            -4.05232673841365e-12,
            5.723674959024339e-12
          ],
          [
            0.03776319100431175,
            0.9467251519510173
          ],
          [
            0.011787804336002738,
            0.31577861655032363
          ],
          [
            0.02868597741135321,
            0.04009308876793178
          ]
        ],
        [
          [
            -2.0193936098214797e-16,
            3.0708381208944326e-16
          ],
          [
            9.455700268172118e-16,
            5.79952576966481e-16
          ],
          [
            -0.15028583821389874,
            -0.28068432357141715
          ],
          [
            0.4261778403762361,
            0.8315266468990559
          ],
          [
            0.15879384756775453,
            -0.018731662427264872
          ]
        ],
        [
          [
            0.4635319745792152,
            -0.4039189130811071
          ],
          [
            0.5181220173969386,
            0.5945899387700709
          ],
          [
            -4.584867568343201e-12,
            -1.4354701880350013e-12
          ],
          [
            -1.5280821690461863e-12,
            -4.828368760407847e-13
          ],
          [
            -2.4037664912085717e-13,
            6.825216375910917e-14
          ]
        ]
      ]
    },
    "state_source": "core_exact",
    "wigner_negvol": 1.6974057809498255
  },
  "k_eff_before": 1,
  "k_eff_after": 1,
  "herald_cutoff": 30
}