{
  "group": "0_c30_a1p00_b1p41",
  "target_alpha": "(1+0j)",
  "target_beta": "(1+1j)",
  "design": "0",
  "depth": 3,
  "provenance": "experiments/0_c30_a1p00_b1p41/20260226-122845_p64_i2500#500",
  "exp_O": 1.0721712673506891,
  "vs_gaussian": 0.0721712673506891,
  "before": {
    "pnr_detections": [
      0,
      0
    ],
    "total_photons": 0,
    "prob": 0.9439708879924154,
    "architecture": {
      "squeezings_r": [
        1.5133057856737442,
        0.24446585259741332,
        0.10351229780360478
      ],
      "squeezings_db": [
        13.144407043007442,
        2.1234034159366066,
        0.899096394904633
      ],
      "max_squeezing_db": 13.144407043007442,
      "displacements_xp": [
        [
          -0.3961924547792981,
          -0.0027554430479195258
        ],
        [
          0.0510608261766746,
          -0.14332058681512727
        ],
        [
          0.015457847707341687,
          -0.006461302248020436
        ]
      ],
      "U_passive_reim": [
        [
          [
            -0.9999972991903732,
            0.002296533815855696
          ],
          [
            0.00011970432576581697,
            0.0003188589511315441
          ],
          [
            7.64382802739108e-05,
            -7.55077872862207e-05
          ]
        ],
        [
          [
            0.00034022297818906436,
            1.7512602046234044e-05
          ],
          [
            0.2991278759200021,
            0.9541986758754444
          ],
          [
            -0.0027901991581725126,
            -0.004415827830553389
          ]
        ],
        [
          [
            9.210333812128306e-05,
            -5.4799652777199816e-05
          ],
          [
            0.0026551240562807522,
            -0.004498346499205261
          ],
          [
            0.27008557715501547,
            -0.9628221459448434
          ]
        ]
      ]
    },
    "wigner_negvol": 0.7619912831005959
  },
  "after": {
    "pnr_detections": [
      0,
      0
    ],
    "total_photons": 0,
    "prob": 1.0,
    "prob_gain": 1.0412454338429924,
    "architecture": {
      "squeezings_r": [
        2.2204460492503126e-16,
        0.0
      ],
      "squeezings_db": [
        1.928654933106574e-15,
        0.0
      ],
      "max_squeezing_db": 1.928654933106574e-15,
      "displacements_xp": [
        [
          0.0,
          0.0
        ],
        [
          8.864913374886772e-10,
          -2.7862385424541015e-10
        ]
      ],
      "U_passive_reim": [
        [
          [
            0.0,
            0.0
          ],
          [
            1.0,
            0.0
          ]
        ],
        [
          [
            1.0,
            0.0
          ],
          [
            0.0,
            0.0
          ]
        ]
      ]
    },
    "state_source": "architecture_rule",
    "wigner_negvol": 0.7619912831005959
  },
  "k_eff_before": 0,
  "k_eff_after": 0,
  "herald_cutoff": 30
}