{
 "homodyne_x": 1.83811616897583,
 "homodyne_window": 0.1,
 "mix_params": [
  [
   0.10591209679841995,
   -1.398928165435791,
   -0.7795836925506592
  ],
  [
   0.17352569103240967,
   -1.2850416898727417,
   0.5638619065284729
  ],
  [
   -0.8443092703819275,
   -0.44562390446662903,
   -0.8455014228820801
  ],
  [
   1.495335340499878,
   -0.02120010368525982,
   -1.2327392101287842
  ],
  [
   1.062569499015808,
   -1.3193165063858032,
   0.32339322566986084
  ],
  [
   -1.5096367597579956,
   -1.3647161722183228,
   0.3052952289581299
  ],
  [
   0.9868021607398987,
   0.266580194234848,
   -0.18085432052612305
  ]
 ],
 "mix_source": [
  0,
  0,
  0,
  0,
  0,
  0,
  0
 ],
 "leaf_active": [
  true,
  false,
  true,
  false,
  false,
  true,
  true,
  true
 ],
 "leaf_params.n_ctrl": [
  1,
  1,
  1,
  1,
  1,
  1,
  1,
  1
 ],
 "leaf_params.pnr": [
  [
   2,
   3
  ],
  [
   2,
   3
  ],
  [
   2,
   3
  ],
  [
   2,
   3
  ],
  [
   2,
   3
  ],
  [
   2,
   3
  ],
  [
   2,
   3
  ],
  [
   2,
   3
  ]
 ],
 "leaf_params.r": [
  [
   -0.4599315822124481,
   -0.45990049839019775,
   1.8369578123092651
  ],
  [
   -0.4599315822124481,
   -0.45990049839019775,
   1.8369578123092651
  ],
  [
   -0.4599315822124481,
   -0.45990049839019775,
   1.8369578123092651
  ],
  [
   -0.4599315822124481,
   -0.45990049839019775,
   1.8369578123092651
  ],
  [
   -0.4599315822124481,
   -0.45990049839019775,
   1.8369578123092651
  ],
  [
   -0.4599315822124481,
   -0.45990049839019775,
   1.8369578123092651
  ],
  [
   -0.4599315822124481,
   -0.45990049839019775,
   1.8369578123092651
  ],
  [
   -0.4599315822124481,
   -0.45990049839019775,
   1.8369578123092651
  ]
 ],
 "leaf_params.phases": [
  [
   5.16928768157959,
   1.766283631324768,
   4.69644021987915,
   1.7817052602767944,
   1.7758086919784546,
   3.887244462966919,
   0.1339574158191681,
   0.1933574229478836,
   1.540408730506897
  ],
  [
   5.16928768157959,
   1.766283631324768,
   4.69644021987915,
   1.7817052602767944,
   1.7758086919784546,
   3.887244462966919,
   0.1339574158191681,
   0.1933574229478836,
   1.540408730506897
  ],
  [
   5.16928768157959,
   1.766283631324768,
   4.69644021987915,
   1.7817052602767944,
   1.7758086919784546,
   3.887244462966919,
   0.1339574158191681,
   0.1933574229478836,
   1.540408730506897
  ],
  [
   5.16928768157959,
   1.766283631324768,
   4.69644021987915,
   1.7817052602767944,
   1.7758086919784546,
   3.887244462966919,
   0.1339574158191681,
   0.1933574229478836,
   1.540408730506897
  ],
  [
   5.16928768157959,
   1.766283631324768,
   4.69644021987915,
   1.7817052602767944,
   1.7758086919784546,
   3.887244462966919,
   0.1339574158191681,
   0.1933574229478836,
   1.540408730506897
  ],
  [
   5.16928768157959,
   1.766283631324768,
   4.69644021987915,
   1.7817052602767944,
   1.7758086919784546,
   3.887244462966919,
   0.1339574158191681,
   0.1933574229478836,
   1.540408730506897
  ],
  [
   5.16928768157959,
   1.766283631324768,
   4.69644021987915,
   1.7817052602767944,
   1.7758086919784546,
   3.887244462966919,
   0.1339574158191681,
   0.1933574229478836,
   1.540408730506897
  ],
  [
   5.16928768157959,
   1.766283631324768,
   4.69644021987915,
   1.7817052602767944,
   1.7758086919784546,
   3.887244462966919,
   0.1339574158191681,
   0.1933574229478836,
   1.540408730506897
  ]
 ],
 "leaf_params.disp": [
  [
   "(-2.3007912635803223+0.9128882884979248j)",
   "(-2.1605477333068848-2.663947105407715j)",
   "(2.696232318878174-0.6660498976707458j)"
  ],
  [
   "(-2.3007912635803223+0.9128882884979248j)",
   "(-2.1605477333068848-2.663947105407715j)",
   "(2.696232318878174-0.6660498976707458j)"
  ],
  [
   "(-2.3007912635803223+0.9128882884979248j)",
   "(-2.1605477333068848-2.663947105407715j)",
   "(2.696232318878174-0.6660498976707458j)"
  ],
  [
   "(-2.3007912635803223+0.9128882884979248j)",
   "(-2.1605477333068848-2.663947105407715j)",
   "(2.696232318878174-0.6660498976707458j)"
  ],
  [
   "(-2.3007912635803223+0.9128882884979248j)",
   "(-2.1605477333068848-2.663947105407715j)",
   "(2.696232318878174-0.6660498976707458j)"
  ],
  [
   "(-2.3007912635803223+0.9128882884979248j)",
   "(-2.1605477333068848-2.663947105407715j)",
   "(2.696232318878174-0.6660498976707458j)"
  ],
  [
   "(-2.3007912635803223+0.9128882884979248j)",
   "(-2.1605477333068848-2.663947105407715j)",
   "(2.696232318878174-0.6660498976707458j)"
  ],
  [
   "(-2.3007912635803223+0.9128882884979248j)",
   "(-2.1605477333068848-2.663947105407715j)",
   "(2.696232318878174-0.6660498976707458j)"
  ]
 ],
 "leaf_params.pnr_max": [
  3,
  3,
  3,
  3,
  3,
  3,
  3,
  3
 ],
 "final_gauss.r": -0.584644615650177,
 "final_gauss.phi": -1.4155871868133545,
 "final_gauss.varphi": -0.9688873291015625,
 "final_gauss.disp": "(-1.2918139696121216+2.353679895401001j)"
}