{
  "group": "00B_c30_a1p00_b1p00",
  "target_alpha": "(1+0j)",
  "target_beta": "(1+0j)",
  "design": "00B",
  "depth": 3,
  "provenance": "output_old/experiments/00B_c30_a1p00_b1p00/20260521-170446_p64_i2500#6",
  "exp_O": 0.7220612760341069,
  "vs_gaussian": 0.0553946093674398,
  "before": {
    "pnr_detections": [
      3,
      2
    ],
    "total_photons": 5,
    "prob": 0.0020214624747421995,
    "architecture": {
      "squeezings_r": [
        1.0248894028559146,
        0.5832064426917158,
        0.13635730753192513
      ],
      "squeezings_db": [
        8.902076244428851,
        5.0656667974287455,
        1.1843845245659959
      ],
      "max_squeezing_db": 8.902076244428851,
      "displacements_xp": [
        [
          0.67872549682338,
          -2.0356599267485675
        ],
        [
          -1.1298352439423311,
          -0.39210888227013896
        ],
        [
          0.7631427862800523,
          -1.045335180584769
        ]
      ],
      "U_passive_reim": [
        [
          [
            -0.7274930284923637,
            -0.22318362965882219
          ],
          [
            0.14970753757341257,
            -0.5473857172872924
          ],
          [
            0.2575880638699107,
            -0.18041031013402636
          ]
        ],
        [
          [
            0.48401198689655667,
            0.05369655429007625
          ],
          [
            0.1690849079310823,
            -0.7910334402037805
          ],
          [
            -0.3239899820770332,
            0.059631858103312785
          ]
        ],
        [
          [
            0.3332802764605544,
            -0.2696595907204489
          ],
          [
            -0.15364052576033835,
            0.005244896279071452
          ],
          [
            0.20056538997108153,
            -0.8673802895545368
          ]
        ]
      ]
    },
    "wigner_negvol": 2.8990453234767717
  },
  "after": {
    "pnr_detections": [
      1,
      2
    ],
    "total_photons": 3,
    "prob": 0.05422720630549823,
    "prob_gain": 6.9580986102321365,
    "architecture": {
      "squeezings_r": [
        0.7846513622901294,
        0.7353964772494698,
        0.3687808519671403
      ],
      "squeezings_db": [
        6.815395137209451,
        6.3875726416107,
        3.20318978081818
      ],
      "max_squeezing_db": 6.815395137209451,
      "displacements_xp": [
        [
          -0.740130731641168,
          -0.9323967370314993
        ],
        [
          -1.474570807555205,
          1.85715749464446
        ],
        [
          0.0,
          0.0
        ]
      ],
      "U_passive_reim": [
        [
          [
            -0.016477526206227402,
            0.011472889936012273
          ],
          [
            0.7822551883613613,
            -0.6226250316633405
          ],
          [
            -0.0032484871343965932,
            0.0010961231374678317
          ]
        ],
        [
          [
            0.5822115547317558,
            -0.6331919217326606
          ],
          [
            0.012466579121794275,
            -0.01276288682627982
          ],
          [
            0.37517498942059047,
            0.344997269884054
          ]
        ],
        [
          [
            0.30400022532486726,
            -0.40899684927686303
          ],
          [
            0.002741752890343626,
            -0.009437486100837965
          ],
          [
            -0.6905591563014839,
            -0.513163627490682
          ]
        ]
      ]
    },
    "state_source": "architecture_rule",
    "wigner_negvol": 2.200115627727276
  },
  "k_eff_before": 2,
  "k_eff_after": 2,
  "herald_cutoff": 30
}