{
  "group": "00B_c30_a1p00_b1p00",
  "target_alpha": "(1+0j)",
  "target_beta": "(1+0j)",
  "design": "00B",
  "depth": 3,
  "provenance": "output_oldold/experiments/00B_c30_a1p00_b1p00/20260528-224333_p64_i2500#35",
  "exp_O": 0.6894452564579148,
  "vs_gaussian": 0.0227785897912478,
  "before": {
    "pnr_detections": [
      3,
      0,
      3,
      4
    ],
    "total_photons": 10,
    "prob": 5.633899686132268e-05,
    "architecture": {
      "squeezings_r": [
        1.1347406475893553,
        0.8146675321163364,
        0.5312486290038972,
        0.27091578260393173,
        0.2188262449495498
      ],
      "squeezings_db": [
        9.85623203278759,
        7.076112275677302,
        4.614366961901208,
        2.3531445889077705,
        1.9007006135439761
      ],
      "max_squeezing_db": 9.85623203278759,
      "displacements_xp": [
        [
          -2.469111973949747,
          -1.6567549797745513
        ],
        [
          -1.2292540592585508,
          0.29103042138176677
        ],
        [
          -0.21509505231116394,
          0.009187048781349058
        ],
        [
          0.10095779438669075,
          1.0433041757921333
        ],
        [
          0.36426510440143633,
          0.3962342534714237
        ]
      ],
      "U_passive_reim": [
        [
          [
            -0.481683878426251,
            -0.07547273935737456
          ],
          [
            -0.31127049608607127,
            -0.5904211826537875
          ],
          [
            0.36307267189145176,
            -0.2227840985371729
          ],
          [
            0.3618620659009739,
            -0.0661257444954731
          ],
          [
            -0.005050647841982291,
            0.001102141517957991
          ]
        ],
        [
          [
            -0.24240684938948753,
            0.16113034881211957
          ],
          [
            0.3233297350506126,
            0.5753525649842526
          ],
          [
            0.3310665037012831,
            -0.31480101028769786
          ],
          [
            0.4496659997095806,
            0.26220869921882756
          ],
          [
            -0.006237102884217407,
            -0.0025918747086627267
          ]
        ],
        [
          [
            -0.0012029675302473676,
            -0.0005712394272983524
          ],
          [
            0.0006305086618886954,
            0.0008297097411333477
          ],
          [
            0.0026874495884087438,
            0.0017308368958257846
          ],
          [
            0.007815646988316001,
            0.006081489128388639
          ],
          [
            0.7330158951477255,
            0.6801298045420989
          ]
        ],
        [
          [
            -0.2054473649405698,
            -0.05199364472881847
          ],
          [
            0.1718314545217723,
            0.21419185747547276
          ],
          [
            0.4680264440220175,
            0.338106919162368
          ],
          [
            -0.1795107656142742,
            -0.7169821312547033
          ],
          [
            -0.0005831289900400742,
            0.005564884202360609
          ]
        ],
        [
          [
            -0.45269142933416084,
            -0.6540008978951831
          ],
          [
            0.08077289532499873,
            0.19238312448783063
          ],
          [
            -0.40456346806536436,
            -0.33584805410981067
          ],
          [
            -0.1790364901411168,
            -0.12365554082238206
          ],
          [
            0.0023146227529503138,
            0.001462174328873553
          ]
        ]
      ]
    },
    "wigner_negvol": 2.711014574281089
  },
  "after": {
    "pnr_detections": [
      1,
      0,
      1,
      2
    ],
    "total_photons": 4,
    "prob": 0.011744386642483515,
    "prob_gain": 40.809937024727176,
    "architecture": {
      "squeezings_r": [
        1.1210423740863822,
        0.7352270653245159,
        0.6161083534016267,
        0.15897851253050752,
        9.349521156401695e-11
      ],
      "squeezings_db": [
        9.737250340908735,
        6.386101148327177,
        5.351449162736501,
        1.3808698146637277,
        8.120890893325932e-10
      ],
      "max_squeezing_db": 9.737250340908735,
      "displacements_xp": [
        [
          -1.066950804972701,
          0.5297378038953299
        ],
        [
          -4.428580891840063e-06,
          1.1655188422840564e-06
        ],
        [
          -1.0595377867956188,
          -1.2308628170099256
        ],
        [
          -0.8354974652921164,
          -1.1692315940748377
        ],
        [
          0.0,
          0.0
        ]
      ],
      "U_passive_reim": [
        [
          [
            0.0005704289983559291,
            -5.5461769767254106e-05
          ],
          [
            -0.4445332459998955,
            -0.8957458735137194
          ],
          [
            0.0019422862491067856,
            0.004934087527906754
          ],
          [
            -0.0010246165168314976,
            0.00016517892227495946
          ],
          [
            1.4585217724941396e-10,
            3.326381641539394e-11
          ]
        ],
        [
          [
            2.5390872589712445e-08,
            8.490380839947613e-09
          ],
          [
            -8.079878085361838e-11,
            -1.2789802587241484e-10
          ],
          [
            -2.0584094998637522e-08,
            -2.7707500505488297e-08
          ],
          [
            -1.404031869879245e-07,
            -1.2832343468190813e-08
          ],
          [
            -0.7330603587398993,
            -0.6801635909427309
          ]
        ],
        [
          [
            -0.26808171227651967,
            -0.0671759165746658
          ],
          [
            0.0015844612713361936,
            0.0021892675168051984
          ],
          [
            0.38639811577326655,
            0.5285814432604672
          ],
          [
            0.44279639439320373,
            -0.5466642437962986
          ],
          [
            -1.1874600744504877e-07,
            2.81702320373639e-09
          ]
        ],
        [
          [
            -0.49995622240209414,
            -0.7237500821371042
          ],
          [
            -0.0010354004774490706,
            -6.770288464006552e-06
          ],
          [
            -0.23943321994478708,
            -0.023359033599867594
          ],
          [
            -0.3766358019478373,
            -0.16278846278295145
          ],
          [
            3.2112068882327306e-08,
            2.6708753991147902e-08
          ]
        ],
        [
          [
            0.20031351777262646,
            -0.33124515422193
          ],
          [
            0.004233527193489097,
            0.0017958345345545153
          ],
          [
            0.6164173101546254,
            0.3652749988020451
          ],
          [
            -0.2666658323183049,
            0.5153864603322011
          ],
          [
            5.9463737397418946e-08,
            -4.8958038934439494e-08
          ]
        ]
      ]
    },
    "state_source": "architecture_rule",
    "wigner_negvol": 2.717687288265934
  },
  "k_eff_before": 3,
  "k_eff_after": 3,
  "herald_cutoff": 30
}