{
  "group": "00B_c30_a1p00_b1p00",
  "target_alpha": "(1+0j)",
  "target_beta": "(1+0j)",
  "design": "00B",
  "depth": 3,
  "provenance": "output_oldold/experiments/00B_c30_a1p00_b1p00/20260521-154804_p64_i2500#62",
  "exp_O": 0.633099035936272,
  "vs_gaussian": -0.0335676307303949,
  "before": {
    "pnr_detections": [
      4,
      2,
      2
    ],
    "total_photons": 8,
    "prob": 1.1239256765866624e-05,
    "architecture": {
      "squeezings_r": [
        0.8881591018445995,
        0.6091172507357827,
        0.1755202202889206,
        0.07869812711559847
      ],
      "squeezings_db": [
        7.714451939665156,
        5.290725216532597,
        1.5245492626784278,
        0.6835632468485018
      ],
      "max_squeezing_db": 7.714451939665156,
      "displacements_xp": [
        [
          0.7905569743187113,
          1.5131172356200668
        ],
        [
          1.068635603949766,
          0.5054509937416118
        ],
        [
          -1.9639792942821404,
          -0.9102549144584204
        ],
        [
          0.3194907603840423,
          -0.9028964420434287
        ]
      ],
      "U_passive_reim": [
        [
          [
            -0.6787071267529895,
            0.09127326881937013
          ],
          [
            -0.41238552530214273,
            -0.5121099051957694
          ],
          [
            0.21084907538401493,
            -0.19872955944686047
          ],
          [
            -0.05788540954856422,
            -0.10679868439517713
          ]
        ],
        [
          [
            -0.44975379661720466,
            -0.04950756539766071
          ],
          [
            0.052076467100653,
            0.6589025969032567
          ],
          [
            0.40067105258471136,
            0.25265734014012253
          ],
          [
            0.17766178871384478,
            -0.3201081031311779
          ]
        ],
        [
          [
            -0.5346825077750053,
            -0.016764238092042777
          ],
          [
            0.29458650707948786,
            0.12682220541982947
          ],
          [
            -0.7750726728229427,
            0.024703668066784423
          ],
          [
            -0.045906146668453635,
            0.08667872048538139
          ]
        ],
        [
          [
            -0.11032118575525562,
            -0.16720993410893367
          ],
          [
            -0.07104360563909018,
            0.1513431764139616
          ],
          [
            0.18326760648277218,
            0.23820426265489786
          ],
          [
            -0.7956611532978721,
            0.45663241864697357
          ]
        ]
      ]
    },
    "wigner_negvol": 2.8043416652970263
  },
  "after": {
    "pnr_detections": [
      2,
      2,
      2
    ],
    "total_photons": 6,
    "prob": 0.001875173603701801,
    "prob_gain": 10.524150488910234,
    "architecture": {
      "squeezings_r": [
        1.3788860168242343,
        0.9326837281109465,
        0.30822269588506296,
        0.19248626413464376
      ],
      "squeezings_db": [
        11.976851765606387,
        8.101187929590736,
        2.677188320404539,
        1.6719144471169518
      ],
      "max_squeezing_db": 11.976851765606387,
      "displacements_xp": [
        [
          -0.8079065977492219,
          -1.0005920663327332
        ],
        [
          -2.0046665356457907,
          -0.920374941112359
        ],
        [
          -1.0808996552980417,
          2.0392360600551642
        ],
        [
          0.0,
          0.0
        ]
      ],
      "U_passive_reim": [
        [
          [
            -0.50418927864327,
            -0.32519372325601487
          ],
          [
            -0.21687497473694006,
            0.4734999497845147
          ],
          [
            -0.16585355072471744,
            0.4814141499830981
          ],
          [
            -0.32519512176476895,
            -0.06153377309605106
          ]
        ],
        [
          [
            0.45765804549157135,
            0.07111703614284678
          ],
          [
            0.09174815049852182,
            -0.055580159885813815
          ],
          [
            0.014488171411546633,
            0.04090679812455172
          ],
          [
            -0.8776651423931432,
            0.042487973105668916
          ]
        ],
        [
          [
            -0.11402801883141069,
            -0.37946703204632637
          ],
          [
            -0.20720029538504814,
            0.04441986454445629
          ],
          [
            0.770516129431127,
            -0.3650595877124261
          ],
          [
            -0.1302437861356978,
            -0.2327450184564335
          ]
        ],
        [
          [
            -0.07880820076766062,
            -0.5121770633543266
          ],
          [
            0.8104835660639027,
            -0.12436827553931865
          ],
          [
            -0.10872120536249319,
            -0.0081138076535653
          ],
          [
            -0.0026874512181076157,
            -0.21730045485699492
          ]
        ]
      ]
    },
    "state_source": "architecture_rule",
    "wigner_negvol": 3.1529265547428382
  },
  "k_eff_before": 3,
  "k_eff_after": 3,
  "herald_cutoff": 30
}