{
 "homodyne_x": [
  0.20108845829963684,
  0.1461930125951767,
  -0.26612621545791626,
  0.286172479391098,
  -0.16655893623828888,
  -0.046407271176576614,
  0.2869897186756134
 ],
 "homodyne_window": 0.1,
 "mix_params": [
  [
   0.7853981633974483,
   0.0,
   0.0
  ],
  [
   0.7853981633974483,
   0.0,
   0.0
  ],
  [
   0.7853981633974483,
   0.0,
   0.0
  ],
  [
   0.7853981633974483,
   0.0,
   0.0
  ],
  [
   0.7853981633974483,
   0.0,
   0.0
  ],
  [
   0.7853981633974483,
   0.0,
   0.0
  ],
  [
   0.7853981633974483,
   0.0,
   0.0
  ]
 ],
 "mix_source": [
  0,
  0,
  0,
  0,
  0,
  0,
  0
 ],
 "leaf_active": [
  false,
  false,
  true,
  false,
  true,
  true,
  true,
  false
 ],
 "leaf_params.n_ctrl": [
  1,
  1,
  1,
  1,
  1,
  1,
  1,
  1
 ],
 "leaf_params.pnr": [
  [
   2,
   3
  ],
  [
   0,
   0
  ],
  [
   3,
   3
  ],
  [
   4,
   3
  ],
  [
   2,
   0
  ],
  [
   2,
   0
  ],
  [
   4,
   4
  ],
  [
   1,
   3
  ]
 ],
 "leaf_params.r": [
  [
   -0.27043849764038186,
   0.4056604690699374,
   -0.29756070889003433
  ],
  [
   -0.37564001259743884,
   -0.5065328769959344,
   0.3907404533942225
  ],
  [
   -0.5881911727156829,
   0.898010162811176,
   -0.42562349671988403
  ],
  [
   0.507097172449087,
   0.5126599019657355,
   0.39264424128805897
  ],
  [
   0.8118027120601639,
   1.0120450971975816,
   0.392651985991013
  ],
  [
   1.1130910198986834,
   -1.1055694017973892,
   0.18535851529943465
  ],
  [
   -0.8708601324168818,
   1.1027055628443598,
   0.1983024027681581
  ],
  [
   -0.5655643106384163,
   0.21290420149059336,
   -0.03768779895204501
  ]
 ],
 "leaf_params.phases": [
  [
   3.946750967521461,
   3.2533866868400114,
   2.9840934385915605,
   2.7349911432646947,
   2.301656460790582,
   2.933476120735395,
   3.912336162740443,
   3.2575906124259295,
   2.2347743883627067
  ],
  [
   3.420583522549336,
   3.2353467439422507,
   3.3578626576476442,
   3.504005844394461,
   2.7449353048838145,
   3.804057797676263,
   3.6835590426224902,
   2.6835498154438078,
   3.3791146807883234
  ],
  [
   2.1626879168429287,
   3.112785760098964,
   2.403867723169869,
   2.947151476956016,
   2.533513470105299,
   2.649360087370711,
   2.791291336983676,
   4.042438590219828,
   2.304292593707988
  ],
  [
   2.3805498815395283,
   2.5715909546247353,
   2.748659887817439,
   3.6376879604567645,
   2.4951909314646343,
   3.2888900736739264,
   2.402783337162365,
   2.6776784295224174,
   4.031781004570832
  ],
  [
   3.604604312839615,
   2.0257244111629,
   3.1322933259890116,
   4.258047299178545,
   3.212974553984192,
   3.544321284088441,
   4.042815114115512,
   2.929073668581787,
   3.5028637615439835
  ],
  [
   2.629659252571898,
   3.049353332781717,
   1.877651881324415,
   3.9263664548056147,
   3.913276805439347,
   3.506649821879742,
   3.683375179845969,
   3.928157949439565,
   3.1161226053769173
  ],
  [
   2.2128625061931695,
   3.2260679932827054,
   3.0016090227584153,
   3.489586211378242,
   2.614736854872682,
   2.2623042539770353,
   3.001746591344639,
   4.003305109722873,
   3.7608798686763403
  ],
  [
   2.7528478181070906,
   3.650974500442148,
   2.440846596664781,
   3.3532989117525966,
   3.1223688582134965,
   3.222475321590627,
   3.2235799538965573,
   3.678342818063467,
   4.040322159780497
  ]
 ],
 "leaf_params.disp": [
  [
   "(-0.055319363467848305-0.41711495703226176j)",
   "(0.3981594835574055+0.16928012208592103j)",
   "(-0.2803506829180576-0.24291121106381808j)"
  ],
  [
   "(0.4474704978688583-0.5987806023619023j)",
   "(-0.4000993426177099+0.49374718291987973j)",
   "(0.4708757181966335-0.5095701809993146j)"
  ],
  [
   "(0.5079186038105927+0.6292762435584811j)",
   "(0.13093876740557345-0.3064824500687083j)",
   "(0.6089709616855884+0.1641875122336894j)"
  ],
  [
   "(-0.15192602574491654-0.4124839182523612j)",
   "(0.213015349940798+0.18138228850946095j)",
   "(-0.13085554529933807-0.027550505012271447j)"
  ],
  [
   "(0.5685177968632515+0.37038459194479373j)",
   "(0.07211559198971847-0.04615019255797533j)",
   "(0.11652256827391048+0.55474210382099j)"
  ],
  [
   "(0.3642362277542071+0.6187248687719825j)",
   "(-0.14120141095588792+0.031001624043559096j)",
   "(0.2220801883640073+0.33047051524007137j)"
  ],
  [
   "(0.5892209556580832+0.6116473139793818j)",
   "(-0.11940369681953061-0.050721736858213566j)",
   "(0.5536357161425507-0.4314194937463003j)"
  ],
  [
   "(0.48132075185688855-0.28912901243267586j)",
   "(-0.0579304720235901-0.006207713692664086j)",
   "(0.0872966161771323-0.3603418150857763j)"
  ]
 ],
 "leaf_params.pnr_max": [
  15,
  15,
  15,
  15,
  15,
  15,
  15,
  15
 ],
 "final_gauss.r": -0.1537695422807128,
 "final_gauss.phi": 0.8824099985169457,
 "final_gauss.varphi": 0.12410275285711761,
 "final_gauss.disp": "(0.1661146835791778-0.30914833524282775j)"
}