{
 "homodyne_x": [
  0.42678597569465637,
  -1.319071650505066,
  1.292796015739441,
  0.26011472940444946,
  1.368511438369751,
  -0.28084346652030945,
  -0.8511682748794556
 ],
 "homodyne_window": 0.1,
 "mix_params": [
  [
   -0.8910860899226472,
   -0.04272511139476804,
   0.35663107372248914
  ],
  [
   -1.5113348750863018,
   -0.8196280346899131,
   0.1745168902970845
  ],
  [
   0.055085800626626574,
   -1.57040218233482,
   -0.15894835553342357
  ],
  [
   -0.32366932028891515,
   0.12715397339587076,
   -0.40937455305110254
  ],
  [
   -0.23373850340224456,
   -0.11288408176161048,
   -0.30379811022404163
  ],
  [
   0.9147298238997668,
   -0.018537895504151504,
   0.021031887226389302
  ],
  [
   -0.43526120699853654,
   -0.041200955786092446,
   -0.22789139741988687
  ]
 ],
 "mix_source": [
  0,
  0,
  0,
  0,
  0,
  0,
  0
 ],
 "leaf_active": [
  true,
  true,
  true,
  true,
  true,
  true,
  true,
  true
 ],
 "leaf_params.n_ctrl": [
  1,
  1,
  1,
  1,
  1,
  1,
  1,
  1
 ],
 "leaf_params.pnr": [
  [
   4,
   3
  ],
  [
   2,
   3
  ],
  [
   0,
   4
  ],
  [
   0,
   0
  ],
  [
   2,
   0
  ],
  [
   0,
   4
  ],
  [
   3,
   0
  ],
  [
   2,
   0
  ]
 ],
 "leaf_params.r": [
  [
   -0.5758310619865589,
   0.34724516993112076,
   -0.35549176099522567
  ],
  [
   -0.5758310619865589,
   0.34724516993112076,
   -0.35549176099522567
  ],
  [
   -0.5758310619865589,
   0.34724516993112076,
   -0.35549176099522567
  ],
  [
   -0.5758310619865589,
   0.34724516993112076,
   -0.35549176099522567
  ],
  [
   -0.5758310619865589,
   0.34724516993112076,
   -0.35549176099522567
  ],
  [
   -0.5758310619865589,
   0.34724516993112076,
   -0.35549176099522567
  ],
  [
   -0.5758310619865589,
   0.34724516993112076,
   -0.35549176099522567
  ],
  [
   -0.5758310619865589,
   0.34724516993112076,
   -0.35549176099522567
  ]
 ],
 "leaf_params.phases": [
  [
   2.497706321461409,
   3.041263463565492,
   2.169587579092202,
   3.502155260759272,
   3.4527702117538768,
   2.068205255939134,
   2.3647560181495035,
   3.5645033913543385,
   3.7242509013937433
  ],
  [
   2.497706321461409,
   3.041263463565492,
   2.169587579092202,
   3.502155260759272,
   3.4527702117538768,
   2.068205255939134,
   2.3647560181495035,
   3.5645033913543385,
   3.7242509013937433
  ],
  [
   2.497706321461409,
   3.041263463565492,
   2.169587579092202,
   3.502155260759272,
   3.4527702117538768,
   2.068205255939134,
   2.3647560181495035,
   3.5645033913543385,
   3.7242509013937433
  ],
  [
   2.497706321461409,
   3.041263463565492,
   2.169587579092202,
   3.502155260759272,
   3.4527702117538768,
   2.068205255939134,
   2.3647560181495035,
   3.5645033913543385,
   3.7242509013937433
  ],
  [
   2.497706321461409,
   3.041263463565492,
   2.169587579092202,
   3.502155260759272,
   3.4527702117538768,
   2.068205255939134,
   2.3647560181495035,
   3.5645033913543385,
   3.7242509013937433
  ],
  [
   2.497706321461409,
   3.041263463565492,
   2.169587579092202,
   3.502155260759272,
   3.4527702117538768,
   2.068205255939134,
   2.3647560181495035,
   3.5645033913543385,
   3.7242509013937433
  ],
  [
   2.497706321461409,
   3.041263463565492,
   2.169587579092202,
   3.502155260759272,
   3.4527702117538768,
   2.068205255939134,
   2.3647560181495035,
   3.5645033913543385,
   3.7242509013937433
  ],
  [
   2.497706321461409,
   3.041263463565492,
   2.169587579092202,
   3.502155260759272,
   3.4527702117538768,
   2.068205255939134,
   2.3647560181495035,
   3.5645033913543385,
   3.7242509013937433
  ]
 ],
 "leaf_params.disp": [
  [
   "(1.419299073149085+0.3520697355093417j)",
   "(1.2067219398696016-0.531133741103214j)",
   "(-0.00603641472611542-0.4921515618329556j)"
  ],
  [
   "(1.419299073149085+0.3520697355093417j)",
   "(1.2067219398696016-0.531133741103214j)",
   "(-0.00603641472611542-0.4921515618329556j)"
  ],
  [
   "(1.419299073149085+0.3520697355093417j)",
   "(1.2067219398696016-0.531133741103214j)",
   "(-0.00603641472611542-0.4921515618329556j)"
  ],
  [
   "(1.419299073149085+0.3520697355093417j)",
   "(1.2067219398696016-0.531133741103214j)",
   "(-0.00603641472611542-0.4921515618329556j)"
  ],
  [
   "(1.419299073149085+0.3520697355093417j)",
   "(1.2067219398696016-0.531133741103214j)",
   "(-0.00603641472611542-0.4921515618329556j)"
  ],
  [
   "(1.419299073149085+0.3520697355093417j)",
   "(1.2067219398696016-0.531133741103214j)",
   "(-0.00603641472611542-0.4921515618329556j)"
  ],
  [
   "(1.419299073149085+0.3520697355093417j)",
   "(1.2067219398696016-0.531133741103214j)",
   "(-0.00603641472611542-0.4921515618329556j)"
  ],
  [
   "(1.419299073149085+0.3520697355093417j)",
   "(1.2067219398696016-0.531133741103214j)",
   "(-0.00603641472611542-0.4921515618329556j)"
  ]
 ],
 "leaf_params.pnr_max": [
  15,
  15,
  15,
  15,
  15,
  15,
  15,
  15
 ],
 "final_gauss.r": -0.05174578768350681,
 "final_gauss.phi": -0.6350334445952409,
 "final_gauss.varphi": 0.008997162321878867,
 "final_gauss.disp": "(0.7670816491540303+0.46340358036507023j)"
}