{
  "target_u": [
    0.707106781154031,
    0.707106781154031,
    -9.590091969213788e-06
  ],
  "B_G": 0.9595598855126357,
  "groups": [
    "/sessions/busy-stoic-volta/mnt/momemura/experiments/B30B_c30_a1p41_b1p41"
  ],
  "records": [
    {
      "nls_db": 0.28,
      "O": 0.8989,
      "prob": 0.01597297566194231,
      "Nc": 2,
      "k_det": 1,
      "leaves": 5,
      "max_pnr": 2,
      "gbs_sq_db": 16.23,
      "geno": "B30B",
      "run": "20260225-222501_p64_i2500",
      "cutoff": 30,
      "han_Nc": 2,
      "han_prob": 0.3194011650477408,
      "han_gain": 19.99634706817688,
      "han_sq_db": 1.72
    },
    {
      "nls_db": 1.87,
      "O": 0.6242,
      "prob": 0.0002374943416364045,
      "Nc": 6,
      "k_det": 4,
      "leaves": 4,
      "max_pnr": 4,
      "gbs_sq_db": 14.44,
      "geno": "B30B",
      "run": "20260225-214703_p64_i2500",
      "cutoff": 30,
      "han_Nc": 4,
      "han_prob": 0.024354256990839592,
      "han_gain": 102.54668310424466,
      "han_sq_db": 6.72
    },
    {
      "nls_db": 1.63,
      "O": 0.6594,
      "prob": 0.0003993453561482279,
      "Nc": 6,
      "k_det": 4,
      "leaves": 4,
      "max_pnr": 4,
      "gbs_sq_db": 14.4,
      "geno": "B30B",
      "run": "20260225-074009_p64_i2500",
      "cutoff": 30,
      "han_Nc": 4,
      "han_prob": 0.023098046990414338,
      "han_gain": 57.839778614680746,
      "han_sq_db": 6.61
    }
  ]
}